entity_id,state,last_changed
sensor.xiao_sensor_xiao_12d7dc_battery_voltage,4.03,2026-07-24T19:00:00.000Z
sensor.xiao_sensor_xiao_12d7dc_battery_voltage,4.04,2026-07-24T19:05:38.444Z
sensor.xiao_sensor_xiao_12d7dc_battery_voltage,4.03,2026-07-24T19:05:49.601Z
sensor.xiao_sensor_xiao_12d7dc_battery_voltage,4.04,2026-07-24T19:07:08.036Z
sensor.xiao_sensor_xiao_12d7dc_battery_voltage,4.03,2026-07-24T19:07:30.441Z
sensor.xiao_sensor_xiao_12d7dc_battery_voltage,4.04,2026-07-24T19:07:41.798Z
sensor.xiao_sensor_xiao_12d7dc_battery_voltage,4.03,2026-07-24T19:08:04.118Z
sensor.xiao_sensor_xiao_12d7dc_battery_voltage,4.04,2026-07-24T19:08:26.850Z
sensor.xiao_sensor_xiao_12d7dc_battery_voltage,4.03,2026-07-24T19:08:38.251Z
sensor.xiao_sensor_xiao_12d7dc_battery_voltage,4.04,2026-07-24T19:09:00.739Z
sensor.xiao_sensor_xiao_12d7dc_battery_voltage,4.03,2026-07-24T19:09:11.952Z
sensor.xiao_sensor_xiao_12d7dc_battery_voltage,4.04,2026-07-24T19:09:34.313Z
sensor.xiao_sensor_xiao_12d7dc_battery_voltage,4.05,2026-07-24T19:15:23.161Z
sensor.xiao_sensor_xiao_12d7dc_battery_voltage,4.04,2026-07-24T19:15:34.382Z
sensor.xiao_sensor_xiao_12d7dc_battery_voltage,4.05,2026-07-24T19:16:30.496Z
sensor.xiao_sensor_xiao_12d7dc_battery_voltage,4.04,2026-07-24T19:16:53.090Z
sensor.xiao_sensor_xiao_12d7dc_battery_voltage,4.05,2026-07-24T19:17:15.552Z
sensor.xiao_sensor_xiao_12d7dc_battery_voltage,4.06,2026-07-24T19:21:46.485Z
sensor.xiao_sensor_xiao_12d7dc_battery_voltage,4.05,2026-07-24T19:21:57.650Z
sensor.xiao_sensor_xiao_12d7dc_battery_voltage,4.06,2026-07-24T19:22:42.551Z
sensor.xiao_sensor_xiao_12d7dc_battery_voltage,4.05,2026-07-24T19:22:53.953Z
sensor.xiao_sensor_xiao_12d7dc_battery_voltage,4.06,2026-07-24T19:23:05.153Z
sensor.xiao_sensor_xiao_12d7dc_battery_voltage,4.05,2026-07-24T19:23:16.568Z
sensor.xiao_sensor_xiao_12d7dc_battery_voltage,4.06,2026-07-24T19:24:12.496Z
sensor.xiao_sensor_xiao_12d7dc_battery_voltage,4.05,2026-07-24T19:24:23.910Z
sensor.xiao_sensor_xiao_12d7dc_battery_voltage,4.06,2026-07-24T19:24:35.326Z
sensor.xiao_sensor_xiao_12d7dc_battery_voltage,4.07,2026-07-24T19:28:09.000Z
sensor.xiao_sensor_xiao_12d7dc_battery_voltage,4.06,2026-07-24T19:28:20.424Z
sensor.xiao_sensor_xiao_12d7dc_battery_voltage,4.07,2026-07-24T19:28:53.969Z
sensor.xiao_sensor_xiao_12d7dc_battery_voltage,4.06,2026-07-24T19:29:39.252Z
sensor.xiao_sensor_xiao_12d7dc_battery_voltage,4.07,2026-07-24T19:29:50.419Z
sensor.xiao_sensor_xiao_12d7dc_battery_voltage,4.08,2026-07-24T19:33:46.981Z
sensor.xiao_sensor_xiao_12d7dc_battery_voltage,4.07,2026-07-24T19:34:09.379Z
sensor.xiao_sensor_xiao_12d7dc_battery_voltage,4.08,2026-07-24T19:34:43.589Z
sensor.xiao_sensor_xiao_12d7dc_battery_voltage,4.09,2026-07-24T19:37:55.465Z
sensor.xiao_sensor_xiao_12d7dc_battery_voltage,4.08,2026-07-24T19:38:06.633Z
sensor.xiao_sensor_xiao_12d7dc_battery_voltage,4.09,2026-07-24T19:38:28.978Z
sensor.xiao_sensor_xiao_12d7dc_battery_voltage,4.1,2026-07-24T19:42:23.958Z
sensor.xiao_sensor_xiao_12d7dc_battery_voltage,4.09,2026-07-24T19:42:35.119Z
sensor.xiao_sensor_xiao_12d7dc_battery_voltage,4.1,2026-07-24T19:42:57.499Z
sensor.xiao_sensor_xiao_12d7dc_battery_voltage,4.11,2026-07-24T19:46:19.779Z
sensor.xiao_sensor_xiao_12d7dc_battery_voltage,4.1,2026-07-24T19:46:53.491Z
sensor.xiao_sensor_xiao_12d7dc_battery_voltage,4.11,2026-07-24T19:47:04.952Z
sensor.xiao_sensor_xiao_12d7dc_battery_voltage,4.12,2026-07-24T19:51:00.260Z
sensor.xiao_sensor_xiao_12d7dc_battery_voltage,4.11,2026-07-24T19:51:11.501Z
sensor.xiao_sensor_xiao_12d7dc_battery_voltage,4.12,2026-07-24T19:52:42.032Z
sensor.xiao_sensor_xiao_12d7dc_battery_voltage,4.11,2026-07-24T19:52:53.208Z
sensor.xiao_sensor_xiao_12d7dc_battery_voltage,4.12,2026-07-24T19:53:04.377Z
sensor.xiao_sensor_xiao_12d7dc_battery_voltage,4.11,2026-07-24T19:53:15.557Z
sensor.xiao_sensor_xiao_12d7dc_battery_voltage,4.12,2026-07-24T19:53:37.908Z
sensor.xiao_sensor_xiao_12d7dc_battery_voltage,4.11,2026-07-24T19:54:00.262Z
sensor.xiao_sensor_xiao_12d7dc_battery_voltage,4.12,2026-07-24T19:54:11.444Z
sensor.xiao_sensor_xiao_12d7dc_battery_voltage,4.11,2026-07-24T19:54:33.788Z
sensor.xiao_sensor_xiao_12d7dc_battery_voltage,4.12,2026-07-24T19:54:56.131Z
sensor.xiao_sensor_xiao_12d7dc_battery_voltage,4.11,2026-07-24T19:55:18.534Z
sensor.xiao_sensor_xiao_12d7dc_battery_voltage,4.12,2026-07-24T19:56:03.629Z
sensor.xiao_sensor_xiao_12d7dc_battery_voltage,4.11,2026-07-24T19:56:48.757Z
sensor.xiao_sensor_xiao_12d7dc_battery_voltage,4.12,2026-07-24T19:56:59.926Z
sensor.xiao_sensor_xiao_12d7dc_battery_voltage,4.11,2026-07-24T19:57:22.555Z
sensor.xiao_sensor_xiao_12d7dc_battery_voltage,4.12,2026-07-24T19:57:45.001Z
sensor.xiao_sensor_xiao_12d7dc_battery_voltage,4.11,2026-07-24T19:58:40.942Z
sensor.xiao_sensor_xiao_12d7dc_battery_voltage,4.12,2026-07-24T19:58:52.123Z
sensor.xiao_sensor_xiao_12d7dc_battery_voltage,4.11,2026-07-24T19:59:48.232Z
sensor.xiao_sensor_xiao_12d7dc_battery_voltage,4.12,2026-07-24T20:00:21.992Z
sensor.xiao_sensor_xiao_12d7dc_battery_voltage,4.11,2026-07-24T20:00:44.454Z
sensor.xiao_sensor_xiao_12d7dc_battery_voltage,4.12,2026-07-24T20:01:18.179Z
sensor.xiao_sensor_xiao_12d7dc_battery_voltage,4.11,2026-07-24T20:02:02.982Z
sensor.xiao_sensor_xiao_12d7dc_battery_voltage,4.12,2026-07-24T20:02:25.313Z
sensor.xiao_sensor_xiao_12d7dc_battery_voltage,4.11,2026-07-24T20:03:10.532Z
sensor.xiao_sensor_xiao_12d7dc_battery_voltage,4.12,2026-07-24T20:03:21.693Z
sensor.xiao_sensor_xiao_12d7dc_battery_voltage,4.11,2026-07-24T20:03:55.199Z
sensor.xiao_sensor_xiao_12d7dc_battery_voltage,4.12,2026-07-24T20:04:06.635Z
sensor.xiao_sensor_xiao_12d7dc_battery_voltage,4.11,2026-07-24T20:05:13.955Z
sensor.xiao_sensor_xiao_12d7dc_battery_voltage,4.12,2026-07-24T20:05:36.866Z
sensor.xiao_sensor_xiao_12d7dc_battery_voltage,4.11,2026-07-24T20:05:48.036Z
sensor.xiao_sensor_xiao_12d7dc_battery_voltage,4.12,2026-07-24T20:05:59.237Z
sensor.xiao_sensor_xiao_12d7dc_battery_voltage,4.11,2026-07-24T20:06:10.625Z
sensor.xiao_sensor_xiao_12d7dc_battery_voltage,4.12,2026-07-24T20:06:21.864Z
sensor.xiao_sensor_xiao_12d7dc_battery_voltage,4.11,2026-07-24T20:06:55.921Z
sensor.xiao_sensor_xiao_12d7dc_battery_voltage,4.12,2026-07-24T20:07:07.102Z
sensor.xiao_sensor_xiao_12d7dc_battery_voltage,4.11,2026-07-24T20:08:37.113Z
sensor.xiao_sensor_xiao_12d7dc_battery_voltage,4.12,2026-07-24T20:08:48.326Z
sensor.xiao_sensor_xiao_12d7dc_battery_voltage,4.11,2026-07-24T20:10:17.719Z
sensor.xiao_sensor_xiao_12d7dc_battery_voltage,4.12,2026-07-24T20:10:28.940Z
sensor.xiao_sensor_xiao_12d7dc_battery_voltage,4.11,2026-07-24T20:11:13.853Z
sensor.xiao_sensor_xiao_12d7dc_battery_voltage,4.12,2026-07-24T20:11:25.023Z
sensor.xiao_sensor_xiao_12d7dc_battery_voltage,4.1,2026-07-24T20:12:09.764Z
sensor.xiao_sensor_xiao_12d7dc_battery_voltage,4.09,2026-07-24T20:14:24.302Z
sensor.xiao_sensor_xiao_12d7dc_battery_voltage,4.07,2026-07-24T20:15:10.521Z
sensor.xiao_sensor_xiao_12d7dc_battery_voltage,4.06,2026-07-24T20:17:36.846Z
sensor.xiao_sensor_xiao_12d7dc_battery_voltage,4.07,2026-07-24T20:17:59.688Z
sensor.xiao_sensor_xiao_12d7dc_battery_voltage,4.06,2026-07-24T20:18:22.256Z
sensor.xiao_sensor_xiao_12d7dc_battery_voltage,4.05,2026-07-24T20:24:33.661Z
sensor.xiao_sensor_xiao_12d7dc_battery_voltage,4.06,2026-07-24T20:25:07.481Z
sensor.xiao_sensor_xiao_12d7dc_battery_voltage,4.05,2026-07-24T20:25:18.638Z
sensor.xiao_sensor_xiao_12d7dc_battery_voltage,4.04,2026-07-24T20:32:25.755Z
sensor.xiao_sensor_xiao_12d7dc_battery_voltage,4.05,2026-07-24T20:32:36.929Z
sensor.xiao_sensor_xiao_12d7dc_battery_voltage,4.04,2026-07-24T20:32:48.105Z
sensor.xiao_sensor_xiao_12d7dc_battery_voltage,4.05,2026-07-24T20:33:10.436Z
sensor.xiao_sensor_xiao_12d7dc_battery_voltage,4.04,2026-07-24T20:33:21.898Z
sensor.xiao_sensor_xiao_12d7dc_battery_voltage,4.05,2026-07-24T20:33:44.487Z
sensor.xiao_sensor_xiao_12d7dc_battery_voltage,4.04,2026-07-24T20:33:55.654Z
sensor.xiao_sensor_xiao_12d7dc_battery_voltage,4.01,2026-07-24T20:39:02.645Z
sensor.xiao_sensor_xiao_12d7dc_battery_voltage,4.04,2026-07-24T20:39:15.041Z
sensor.xiao_sensor_xiao_12d7dc_battery_voltage,4.03,2026-07-24T20:47:41.329Z
sensor.xiao_sensor_xiao_12d7dc_battery_voltage,4.04,2026-07-24T20:47:52.508Z
sensor.xiao_sensor_xiao_12d7dc_battery_voltage,4.03,2026-07-24T20:48:15.368Z
sensor.xiao_sensor_xiao_12d7dc_battery_voltage,4.04,2026-07-24T20:48:38.017Z
sensor.xiao_sensor_xiao_12d7dc_battery_voltage,4.03,2026-07-24T20:49:00.356Z
sensor.xiao_sensor_xiao_12d7dc_battery_voltage,4.04,2026-07-24T20:51:14.852Z
sensor.xiao_sensor_xiao_12d7dc_battery_voltage,4.03,2026-07-24T20:51:26.016Z
sensor.xiao_sensor_xiao_12d7dc_battery_voltage,4.02,2026-07-24T20:59:06.070Z
sensor.xiao_sensor_xiao_12d7dc_battery_voltage,4.03,2026-07-24T20:59:17.333Z
sensor.xiao_sensor_xiao_12d7dc_battery_voltage,4.02,2026-07-24T20:59:28.494Z
sensor.xiao_sensor_xiao_12d7dc_battery_voltage,4.03,2026-07-24T20:59:39.938Z
sensor.xiao_sensor_xiao_12d7dc_battery_voltage,4.02,2026-07-24T21:00:02.290Z
sensor.xiao_sensor_xiao_12d7dc_battery_voltage,4.01,2026-07-24T21:09:33.581Z
sensor.xiao_sensor_xiao_12d7dc_battery_voltage,4.02,2026-07-24T21:09:44.745Z
sensor.xiao_sensor_xiao_12d7dc_battery_voltage,4.01,2026-07-24T21:10:18.237Z
sensor.xiao_sensor_xiao_12d7dc_battery_voltage,4.02,2026-07-24T21:10:29.600Z
sensor.xiao_sensor_xiao_12d7dc_battery_voltage,4.01,2026-07-24T21:10:40.761Z
sensor.xiao_sensor_xiao_12d7dc_battery_voltage,4.02,2026-07-24T21:10:53.152Z
sensor.xiao_sensor_xiao_12d7dc_battery_voltage,4.01,2026-07-24T21:11:04.326Z
sensor.xiao_sensor_xiao_12d7dc_battery_voltage,4.02,2026-07-24T21:11:26.754Z
sensor.xiao_sensor_xiao_12d7dc_battery_voltage,4.01,2026-07-24T21:11:37.905Z
sensor.xiao_sensor_xiao_12d7dc_battery_voltage,4.02,2026-07-24T21:12:11.844Z
sensor.xiao_sensor_xiao_12d7dc_battery_voltage,4.01,2026-07-24T21:12:23.029Z
sensor.xiao_sensor_xiao_12d7dc_battery_voltage,4.02,2026-07-24T21:12:56.849Z
sensor.xiao_sensor_xiao_12d7dc_battery_voltage,4.01,2026-07-24T21:13:08.085Z
sensor.xiao_sensor_xiao_12d7dc_battery_voltage,4.02,2026-07-24T21:13:52.759Z
sensor.xiao_sensor_xiao_12d7dc_battery_voltage,4.01,2026-07-24T21:14:04.032Z
sensor.xiao_sensor_xiao_12d7dc_battery_voltage,4.0,2026-07-24T21:26:02.488Z
sensor.xiao_sensor_xiao_12d7dc_battery_voltage,4.01,2026-07-24T21:26:13.653Z
sensor.xiao_sensor_xiao_12d7dc_battery_voltage,3.98,2026-07-24T21:26:24.808Z
sensor.xiao_sensor_xiao_12d7dc_battery_voltage,4.01,2026-07-24T21:26:35.965Z
sensor.xiao_sensor_xiao_12d7dc_battery_voltage,4.0,2026-07-24T21:31:50.256Z
sensor.xiao_sensor_xiao_12d7dc_battery_voltage,4.01,2026-07-24T21:32:01.473Z
sensor.xiao_sensor_xiao_12d7dc_battery_voltage,4.0,2026-07-24T21:32:35.355Z
sensor.xiao_sensor_xiao_12d7dc_battery_voltage,4.01,2026-07-24T21:32:57.667Z
sensor.xiao_sensor_xiao_12d7dc_battery_voltage,4.0,2026-07-24T21:33:08.855Z
sensor.xiao_sensor_xiao_12d7dc_battery_voltage,4.01,2026-07-24T21:33:42.330Z
sensor.xiao_sensor_xiao_12d7dc_battery_voltage,4.0,2026-07-24T21:34:49.595Z
sensor.xiao_sensor_xiao_12d7dc_battery_voltage,4.01,2026-07-24T21:35:00.984Z
sensor.xiao_sensor_xiao_12d7dc_battery_voltage,3.97,2026-07-24T21:35:12.252Z
sensor.xiao_sensor_xiao_12d7dc_battery_voltage,4.01,2026-07-24T21:35:23.408Z
sensor.xiao_sensor_xiao_12d7dc_battery_voltage,4.0,2026-07-24T21:36:41.696Z
sensor.xiao_sensor_xiao_12d7dc_battery_voltage,4.01,2026-07-24T21:36:53.151Z
sensor.xiao_sensor_xiao_12d7dc_battery_voltage,4.0,2026-07-24T21:38:11.580Z
sensor.xiao_sensor_xiao_12d7dc_battery_voltage,4.01,2026-07-24T21:38:22.726Z
sensor.xiao_sensor_xiao_12d7dc_battery_voltage,3.98,2026-07-24T21:52:49.050Z
sensor.xiao_sensor_xiao_12d7dc_battery_voltage,4.01,2026-07-24T21:53:00.194Z
sensor.xiao_sensor_xiao_12d7dc_battery_voltage,4.0,2026-07-24T21:56:48.316Z
sensor.xiao_sensor_xiao_12d7dc_battery_voltage,4.01,2026-07-24T21:56:59.745Z
sensor.xiao_sensor_xiao_12d7dc_battery_voltage,4.0,2026-07-24T21:58:06.841Z
sensor.xiao_sensor_xiao_12d7dc_battery_voltage,4.01,2026-07-24T21:58:18.017Z
sensor.xiao_sensor_xiao_12d7dc_battery_voltage,4.0,2026-07-24T21:59:14.471Z
sensor.xiao_sensor_xiao_12d7dc_battery_voltage,4.01,2026-07-24T21:59:25.618Z
sensor.xiao_sensor_xiao_12d7dc_battery_voltage,4.0,2026-07-24T21:59:48.158Z
sensor.xiao_sensor_xiao_12d7dc_battery_voltage,4.01,2026-07-24T21:59:59.577Z
sensor.xiao_sensor_xiao_12d7dc_battery_voltage,4.0,2026-07-24T22:02:02.991Z
sensor.xiao_sensor_xiao_12d7dc_battery_voltage,4.01,2026-07-24T22:02:14.191Z
sensor.xiao_sensor_xiao_12d7dc_battery_voltage,4.0,2026-07-24T22:03:33.116Z
sensor.xiao_sensor_xiao_12d7dc_battery_voltage,4.01,2026-07-24T22:03:44.369Z
sensor.xiao_sensor_xiao_12d7dc_battery_voltage,4.0,2026-07-24T22:03:55.531Z
sensor.xiao_sensor_xiao_12d7dc_battery_voltage,3.97,2026-07-24T22:04:29.395Z
sensor.xiao_sensor_xiao_12d7dc_battery_voltage,4.01,2026-07-24T22:04:40.665Z
sensor.xiao_sensor_xiao_12d7dc_battery_voltage,4.0,2026-07-24T22:04:51.860Z
sensor.xiao_sensor_xiao_12d7dc_battery_voltage,4.01,2026-07-24T22:05:14.666Z
sensor.xiao_sensor_xiao_12d7dc_battery_voltage,4.0,2026-07-24T22:05:36.975Z
sensor.xiao_sensor_xiao_12d7dc_battery_voltage,4.01,2026-07-24T22:05:48.130Z
sensor.xiao_sensor_xiao_12d7dc_battery_voltage,4.0,2026-07-24T22:06:10.467Z
sensor.xiao_sensor_xiao_12d7dc_battery_voltage,4.01,2026-07-24T22:06:33.012Z
sensor.xiao_sensor_xiao_12d7dc_battery_voltage,4.0,2026-07-24T22:06:55.384Z
sensor.xiao_sensor_xiao_12d7dc_battery_voltage,4.01,2026-07-24T22:07:29.124Z
sensor.xiao_sensor_xiao_12d7dc_battery_voltage,4.0,2026-07-24T22:07:51.731Z
sensor.xiao_sensor_xiao_12d7dc_battery_voltage,4.01,2026-07-24T22:08:02.895Z
sensor.xiao_sensor_xiao_12d7dc_battery_voltage,4.0,2026-07-24T22:08:14.058Z
sensor.xiao_sensor_xiao_12d7dc_battery_voltage,4.01,2026-07-24T22:10:17.794Z
sensor.xiao_sensor_xiao_12d7dc_battery_voltage,4.0,2026-07-24T22:10:40.120Z
sensor.xiao_sensor_xiao_12d7dc_battery_voltage,3.96,2026-07-24T22:13:16.457Z
sensor.xiao_sensor_xiao_12d7dc_battery_voltage,4.0,2026-07-24T22:13:27.613Z
sensor.xiao_sensor_xiao_12d7dc_battery_voltage,3.98,2026-07-24T22:42:39.097Z
sensor.xiao_sensor_xiao_12d7dc_battery_voltage,4.0,2026-07-24T22:42:50.261Z
sensor.xiao_sensor_xiao_12d7dc_battery_voltage,3.97,2026-07-24T22:48:59.917Z
sensor.xiao_sensor_xiao_12d7dc_battery_voltage,4.0,2026-07-24T22:49:11.331Z
sensor.xiao_sensor_xiao_12d7dc_battery_voltage,3.99,2026-07-24T22:49:33.676Z
sensor.xiao_sensor_xiao_12d7dc_battery_voltage,4.0,2026-07-24T22:49:56.256Z
sensor.xiao_sensor_xiao_12d7dc_battery_voltage,3.99,2026-07-24T22:52:21.723Z
sensor.xiao_sensor_xiao_12d7dc_battery_voltage,4.0,2026-07-24T22:53:17.807Z
sensor.xiao_sensor_xiao_12d7dc_battery_voltage,3.99,2026-07-24T22:54:13.943Z
sensor.xiao_sensor_xiao_12d7dc_battery_voltage,4.0,2026-07-24T22:54:25.149Z
sensor.xiao_sensor_xiao_12d7dc_battery_voltage,3.99,2026-07-24T22:54:36.312Z
sensor.xiao_sensor_xiao_12d7dc_battery_voltage,4.0,2026-07-24T22:54:58.737Z
sensor.xiao_sensor_xiao_12d7dc_battery_voltage,3.99,2026-07-24T22:55:43.369Z
sensor.xiao_sensor_xiao_12d7dc_battery_voltage,4.0,2026-07-24T22:55:54.786Z
sensor.xiao_sensor_xiao_12d7dc_battery_voltage,3.99,2026-07-24T22:56:05.951Z
sensor.xiao_sensor_xiao_12d7dc_battery_voltage,4.0,2026-07-24T22:56:17.115Z
sensor.xiao_sensor_xiao_12d7dc_battery_voltage,3.99,2026-07-24T22:56:28.279Z
sensor.xiao_sensor_xiao_12d7dc_battery_voltage,4.0,2026-07-24T22:56:39.452Z
sensor.xiao_sensor_xiao_12d7dc_battery_voltage,3.99,2026-07-24T22:57:24.158Z
sensor.xiao_sensor_xiao_12d7dc_battery_voltage,4.0,2026-07-24T22:57:35.331Z
sensor.xiao_sensor_xiao_12d7dc_battery_voltage,3.99,2026-07-24T22:57:57.895Z
sensor.xiao_sensor_xiao_12d7dc_battery_voltage,4.0,2026-07-24T22:58:53.962Z
sensor.xiao_sensor_xiao_12d7dc_battery_voltage,3.99,2026-07-24T22:59:05.119Z
sensor.xiao_sensor_xiao_12d7dc_battery_voltage,3.95,2026-07-24T22:59:49.967Z
sensor.xiao_sensor_xiao_12d7dc_battery_voltage,3.99,2026-07-24T23:00:01.133Z
sensor.xiao_sensor_xiao_12d7dc_battery_voltage,3.98,2026-07-24T23:36:15.224Z
sensor.xiao_sensor_xiao_12d7dc_battery_voltage,3.99,2026-07-24T23:36:26.674Z
sensor.xiao_sensor_xiao_12d7dc_battery_voltage,3.98,2026-07-24T23:36:37.838Z
sensor.xiao_sensor_xiao_12d7dc_battery_voltage,3.97,2026-07-24T23:37:00.156Z
sensor.xiao_sensor_xiao_12d7dc_battery_voltage,3.98,2026-07-24T23:37:11.313Z
sensor.xiao_sensor_xiao_12d7dc_battery_voltage,3.99,2026-07-24T23:37:23.470Z
sensor.xiao_sensor_xiao_12d7dc_battery_voltage,3.97,2026-07-24T23:37:46.026Z
sensor.xiao_sensor_xiao_12d7dc_battery_voltage,3.98,2026-07-24T23:37:57.439Z
sensor.xiao_sensor_xiao_12d7dc_battery_voltage,3.99,2026-07-24T23:38:19.790Z
sensor.xiao_sensor_xiao_12d7dc_battery_voltage,3.98,2026-07-24T23:38:53.309Z
sensor.xiao_sensor_xiao_12d7dc_battery_voltage,3.99,2026-07-24T23:39:04.485Z
sensor.xiao_sensor_xiao_12d7dc_battery_voltage,3.98,2026-07-24T23:39:15.652Z
sensor.xiao_sensor_xiao_12d7dc_battery_voltage,3.99,2026-07-24T23:40:00.640Z
sensor.xiao_sensor_xiao_12d7dc_battery_voltage,3.98,2026-07-24T23:40:11.844Z
sensor.xiao_sensor_xiao_12d7dc_battery_voltage,3.99,2026-07-24T23:40:34.209Z
sensor.xiao_sensor_xiao_12d7dc_battery_voltage,3.98,2026-07-24T23:40:45.381Z
sensor.xiao_sensor_xiao_12d7dc_battery_voltage,3.99,2026-07-24T23:40:56.627Z
sensor.xiao_sensor_xiao_12d7dc_battery_voltage,3.98,2026-07-24T23:41:07.789Z
sensor.xiao_sensor_xiao_12d7dc_battery_voltage,3.99,2026-07-24T23:42:14.822Z
sensor.xiao_sensor_xiao_12d7dc_battery_voltage,3.98,2026-07-24T23:42:37.153Z
sensor.xiao_sensor_xiao_12d7dc_battery_voltage,3.99,2026-07-24T23:44:07.063Z
sensor.xiao_sensor_xiao_12d7dc_battery_voltage,3.98,2026-07-24T23:44:18.217Z
sensor.xiao_sensor_xiao_12d7dc_battery_voltage,3.99,2026-07-24T23:45:58.687Z
sensor.xiao_sensor_xiao_12d7dc_battery_voltage,3.98,2026-07-24T23:46:09.851Z
sensor.xiao_sensor_xiao_12d7dc_battery_voltage,3.94,2026-07-24T23:46:21.011Z
sensor.xiao_sensor_xiao_12d7dc_battery_voltage,3.98,2026-07-24T23:46:32.279Z
sensor.xiao_sensor_xiao_12d7dc_battery_voltage,3.97,2026-07-25T00:18:41.534Z
sensor.xiao_sensor_xiao_12d7dc_battery_voltage,3.98,2026-07-25T00:18:52.702Z
sensor.xiao_sensor_xiao_12d7dc_battery_voltage,3.95,2026-07-25T00:23:55.598Z
sensor.xiao_sensor_xiao_12d7dc_battery_voltage,3.98,2026-07-25T00:24:06.748Z
sensor.xiao_sensor_xiao_12d7dc_battery_voltage,3.97,2026-07-25T00:26:43.430Z
sensor.xiao_sensor_xiao_12d7dc_battery_voltage,3.98,2026-07-25T00:26:54.593Z
sensor.xiao_sensor_xiao_12d7dc_battery_voltage,3.97,2026-07-25T00:27:05.744Z
sensor.xiao_sensor_xiao_12d7dc_battery_voltage,3.98,2026-07-25T00:27:16.907Z
sensor.xiao_sensor_xiao_12d7dc_battery_voltage,3.97,2026-07-25T00:27:39.214Z
sensor.xiao_sensor_xiao_12d7dc_battery_voltage,3.98,2026-07-25T00:27:50.373Z
sensor.xiao_sensor_xiao_12d7dc_battery_voltage,3.97,2026-07-25T00:29:42.331Z
sensor.xiao_sensor_xiao_12d7dc_battery_voltage,3.98,2026-07-25T00:29:53.491Z
sensor.xiao_sensor_xiao_12d7dc_battery_voltage,3.97,2026-07-25T00:31:22.919Z
sensor.xiao_sensor_xiao_12d7dc_battery_voltage,3.98,2026-07-25T00:31:34.132Z
sensor.xiao_sensor_xiao_12d7dc_battery_voltage,3.97,2026-07-25T00:31:56.604Z
sensor.xiao_sensor_xiao_12d7dc_battery_voltage,3.98,2026-07-25T00:32:18.918Z
sensor.xiao_sensor_xiao_12d7dc_battery_voltage,3.97,2026-07-25T00:32:30.081Z
sensor.xiao_sensor_xiao_12d7dc_battery_voltage,3.98,2026-07-25T00:33:14.734Z
sensor.xiao_sensor_xiao_12d7dc_battery_voltage,3.97,2026-07-25T00:33:25.912Z
sensor.xiao_sensor_xiao_12d7dc_battery_voltage,3.98,2026-07-25T00:33:48.538Z
sensor.xiao_sensor_xiao_12d7dc_battery_voltage,3.97,2026-07-25T00:33:59.927Z
sensor.xiao_sensor_xiao_12d7dc_battery_voltage,3.98,2026-07-25T00:34:22.576Z
sensor.xiao_sensor_xiao_12d7dc_battery_voltage,3.97,2026-07-25T00:34:44.917Z
sensor.xiao_sensor_xiao_12d7dc_battery_voltage,3.98,2026-07-25T00:34:57.428Z
sensor.xiao_sensor_xiao_12d7dc_battery_voltage,3.97,2026-07-25T00:35:08.575Z
sensor.xiao_sensor_xiao_12d7dc_battery_voltage,3.98,2026-07-25T00:35:42.603Z
sensor.xiao_sensor_xiao_12d7dc_battery_voltage,3.97,2026-07-25T00:36:04.941Z
sensor.xiao_sensor_xiao_12d7dc_battery_voltage,3.98,2026-07-25T00:36:50.075Z
sensor.xiao_sensor_xiao_12d7dc_battery_voltage,3.97,2026-07-25T00:37:01.245Z
sensor.xiao_sensor_xiao_12d7dc_battery_voltage,3.95,2026-07-25T00:37:35.040Z
sensor.xiao_sensor_xiao_12d7dc_battery_voltage,3.98,2026-07-25T00:37:46.205Z
sensor.xiao_sensor_xiao_12d7dc_battery_voltage,3.94,2026-07-25T00:37:57.518Z
sensor.xiao_sensor_xiao_12d7dc_battery_voltage,3.97,2026-07-25T00:38:08.675Z
sensor.xiao_sensor_xiao_12d7dc_battery_voltage,3.98,2026-07-25T00:38:42.206Z
sensor.xiao_sensor_xiao_12d7dc_battery_voltage,3.97,2026-07-25T00:38:53.376Z
sensor.xiao_sensor_xiao_12d7dc_battery_voltage,3.93,2026-07-25T00:39:27.115Z
sensor.xiao_sensor_xiao_12d7dc_battery_voltage,3.97,2026-07-25T00:39:38.288Z
sensor.xiao_sensor_xiao_12d7dc_battery_voltage,3.94,2026-07-25T00:44:07.570Z
sensor.xiao_sensor_xiao_12d7dc_battery_voltage,3.97,2026-07-25T00:44:18.990Z
sensor.xiao_sensor_xiao_12d7dc_battery_voltage,3.94,2026-07-25T00:59:17.790Z
sensor.xiao_sensor_xiao_12d7dc_battery_voltage,3.97,2026-07-25T00:59:28.966Z
sensor.xiao_sensor_xiao_12d7dc_battery_voltage,3.93,2026-07-25T01:15:02.147Z
sensor.xiao_sensor_xiao_12d7dc_battery_voltage,3.97,2026-07-25T01:15:13.303Z
sensor.xiao_sensor_xiao_12d7dc_battery_voltage,3.95,2026-07-25T01:19:30.626Z
sensor.xiao_sensor_xiao_12d7dc_battery_voltage,3.97,2026-07-25T01:19:41.803Z
sensor.xiao_sensor_xiao_12d7dc_battery_voltage,3.93,2026-07-25T01:25:40.666Z
sensor.xiao_sensor_xiao_12d7dc_battery_voltage,3.97,2026-07-25T01:25:51.875Z
sensor.xiao_sensor_xiao_12d7dc_battery_voltage,3.96,2026-07-25T01:26:03.041Z
sensor.xiao_sensor_xiao_12d7dc_battery_voltage,3.97,2026-07-25T01:26:14.198Z
sensor.xiao_sensor_xiao_12d7dc_battery_voltage,3.96,2026-07-25T01:28:17.908Z
sensor.xiao_sensor_xiao_12d7dc_battery_voltage,3.97,2026-07-25T01:28:29.104Z
sensor.xiao_sensor_xiao_12d7dc_battery_voltage,3.96,2026-07-25T01:29:03.830Z
sensor.xiao_sensor_xiao_12d7dc_battery_voltage,3.97,2026-07-25T01:29:14.985Z
sensor.xiao_sensor_xiao_12d7dc_battery_voltage,3.96,2026-07-25T01:30:10.979Z
sensor.xiao_sensor_xiao_12d7dc_battery_voltage,3.97,2026-07-25T01:30:22.348Z
sensor.xiao_sensor_xiao_12d7dc_battery_voltage,3.96,2026-07-25T01:31:18.868Z
sensor.xiao_sensor_xiao_12d7dc_battery_voltage,3.95,2026-07-25T01:31:30.258Z
sensor.xiao_sensor_xiao_12d7dc_battery_voltage,3.96,2026-07-25T01:31:41.435Z
sensor.xiao_sensor_xiao_12d7dc_battery_voltage,3.97,2026-07-25T01:32:03.810Z
sensor.xiao_sensor_xiao_12d7dc_battery_voltage,3.96,2026-07-25T01:33:33.375Z
sensor.xiao_sensor_xiao_12d7dc_battery_voltage,3.97,2026-07-25T01:33:55.696Z
sensor.xiao_sensor_xiao_12d7dc_battery_voltage,3.94,2026-07-25T01:35:03.026Z
sensor.xiao_sensor_xiao_12d7dc_battery_voltage,3.97,2026-07-25T01:35:14.178Z
sensor.xiao_sensor_xiao_12d7dc_battery_voltage,3.96,2026-07-25T01:35:47.939Z
sensor.xiao_sensor_xiao_12d7dc_battery_voltage,3.97,2026-07-25T01:35:59.338Z
sensor.xiao_sensor_xiao_12d7dc_battery_voltage,3.96,2026-07-25T01:36:10.496Z
sensor.xiao_sensor_xiao_12d7dc_battery_voltage,3.97,2026-07-25T01:36:21.671Z
sensor.xiao_sensor_xiao_12d7dc_battery_voltage,3.96,2026-07-25T01:36:32.835Z
sensor.xiao_sensor_xiao_12d7dc_battery_voltage,3.97,2026-07-25T01:36:55.364Z
sensor.xiao_sensor_xiao_12d7dc_battery_voltage,3.96,2026-07-25T01:37:17.903Z
sensor.xiao_sensor_xiao_12d7dc_battery_voltage,3.97,2026-07-25T01:37:40.224Z
sensor.xiao_sensor_xiao_12d7dc_battery_voltage,3.96,2026-07-25T01:37:51.384Z
sensor.xiao_sensor_xiao_12d7dc_battery_voltage,3.97,2026-07-25T01:38:13.699Z
sensor.xiao_sensor_xiao_12d7dc_battery_voltage,3.96,2026-07-25T01:38:36.102Z
sensor.xiao_sensor_xiao_12d7dc_battery_voltage,3.97,2026-07-25T01:38:47.357Z
sensor.xiao_sensor_xiao_12d7dc_battery_voltage,3.96,2026-07-25T01:39:09.679Z
sensor.xiao_sensor_xiao_12d7dc_battery_voltage,3.97,2026-07-25T01:39:32.002Z
sensor.xiao_sensor_xiao_12d7dc_battery_voltage,3.96,2026-07-25T01:39:43.386Z
sensor.xiao_sensor_xiao_12d7dc_battery_voltage,3.97,2026-07-25T01:39:54.552Z
sensor.xiao_sensor_xiao_12d7dc_battery_voltage,3.96,2026-07-25T01:40:05.706Z
sensor.xiao_sensor_xiao_12d7dc_battery_voltage,3.97,2026-07-25T01:40:16.875Z
sensor.xiao_sensor_xiao_12d7dc_battery_voltage,3.96,2026-07-25T01:40:28.064Z
sensor.xiao_sensor_xiao_12d7dc_battery_voltage,3.97,2026-07-25T01:40:39.219Z
sensor.xiao_sensor_xiao_12d7dc_battery_voltage,3.96,2026-07-25T01:40:50.406Z
sensor.xiao_sensor_xiao_12d7dc_battery_voltage,3.97,2026-07-25T01:41:01.613Z
sensor.xiao_sensor_xiao_12d7dc_battery_voltage,3.96,2026-07-25T01:41:13.014Z
sensor.xiao_sensor_xiao_12d7dc_battery_voltage,3.97,2026-07-25T01:42:09.229Z
sensor.xiao_sensor_xiao_12d7dc_battery_voltage,3.96,2026-07-25T01:42:20.450Z
sensor.xiao_sensor_xiao_12d7dc_battery_voltage,3.92,2026-07-25T01:43:05.351Z
sensor.xiao_sensor_xiao_12d7dc_battery_voltage,3.96,2026-07-25T01:43:16.564Z
sensor.xiao_sensor_xiao_12d7dc_battery_voltage,3.97,2026-07-25T01:45:42.534Z
sensor.xiao_sensor_xiao_12d7dc_battery_voltage,3.96,2026-07-25T01:45:53.700Z
sensor.xiao_sensor_xiao_12d7dc_battery_voltage,3.97,2026-07-25T01:46:04.857Z
sensor.xiao_sensor_xiao_12d7dc_battery_voltage,3.96,2026-07-25T01:46:16.021Z
sensor.xiao_sensor_xiao_12d7dc_battery_voltage,3.97,2026-07-25T01:47:34.496Z
sensor.xiao_sensor_xiao_12d7dc_battery_voltage,3.95,2026-07-25T01:47:45.654Z
sensor.xiao_sensor_xiao_12d7dc_battery_voltage,3.94,2026-07-25T01:47:56.856Z
sensor.xiao_sensor_xiao_12d7dc_battery_voltage,3.96,2026-07-25T01:48:08.234Z
sensor.xiao_sensor_xiao_12d7dc_battery_voltage,3.97,2026-07-25T01:48:19.490Z
sensor.xiao_sensor_xiao_12d7dc_battery_voltage,3.96,2026-07-25T01:48:30.940Z
sensor.xiao_sensor_xiao_12d7dc_battery_voltage,3.95,2026-07-25T01:48:53.466Z
sensor.xiao_sensor_xiao_12d7dc_battery_voltage,3.96,2026-07-25T01:49:04.880Z
sensor.xiao_sensor_xiao_12d7dc_battery_voltage,3.97,2026-07-25T01:49:16.026Z
sensor.xiao_sensor_xiao_12d7dc_battery_voltage,3.96,2026-07-25T01:49:27.200Z
sensor.xiao_sensor_xiao_12d7dc_battery_voltage,3.97,2026-07-25T02:01:26.438Z
sensor.xiao_sensor_xiao_12d7dc_battery_voltage,3.96,2026-07-25T02:01:37.603Z
sensor.xiao_sensor_xiao_12d7dc_battery_voltage,3.93,2026-07-25T02:15:29.831Z
sensor.xiao_sensor_xiao_12d7dc_battery_voltage,3.96,2026-07-25T02:15:41.235Z
sensor.xiao_sensor_xiao_12d7dc_battery_voltage,3.92,2026-07-25T02:17:22.779Z
sensor.xiao_sensor_xiao_12d7dc_battery_voltage,3.96,2026-07-25T02:17:33.958Z
sensor.xiao_sensor_xiao_12d7dc_battery_voltage,3.92,2026-07-25T02:19:03.539Z
sensor.xiao_sensor_xiao_12d7dc_battery_voltage,3.96,2026-07-25T02:19:14.954Z
sensor.xiao_sensor_xiao_12d7dc_battery_voltage,3.95,2026-07-25T02:48:10.478Z
sensor.xiao_sensor_xiao_12d7dc_battery_voltage,3.96,2026-07-25T02:48:32.891Z
sensor.xiao_sensor_xiao_12d7dc_battery_voltage,3.95,2026-07-25T02:49:06.670Z
sensor.xiao_sensor_xiao_12d7dc_battery_voltage,3.96,2026-07-25T02:49:17.833Z
sensor.xiao_sensor_xiao_12d7dc_battery_voltage,3.95,2026-07-25T02:52:51.603Z
sensor.xiao_sensor_xiao_12d7dc_battery_voltage,3.96,2026-07-25T02:53:02.755Z
sensor.xiao_sensor_xiao_12d7dc_battery_voltage,3.95,2026-07-25T02:53:59.121Z
sensor.xiao_sensor_xiao_12d7dc_battery_voltage,3.96,2026-07-25T02:54:10.407Z
sensor.xiao_sensor_xiao_12d7dc_battery_voltage,3.95,2026-07-25T02:55:29.151Z
sensor.xiao_sensor_xiao_12d7dc_battery_voltage,3.96,2026-07-25T02:55:51.739Z
sensor.xiao_sensor_xiao_12d7dc_battery_voltage,3.95,2026-07-25T02:56:48.438Z
sensor.xiao_sensor_xiao_12d7dc_battery_voltage,3.96,2026-07-25T02:56:59.611Z
sensor.xiao_sensor_xiao_12d7dc_battery_voltage,3.95,2026-07-25T02:57:22.091Z
sensor.xiao_sensor_xiao_12d7dc_battery_voltage,3.96,2026-07-25T02:57:33.378Z
sensor.xiao_sensor_xiao_12d7dc_battery_voltage,3.95,2026-07-25T02:59:03.612Z
sensor.xiao_sensor_xiao_12d7dc_battery_voltage,3.96,2026-07-25T02:59:14.781Z
sensor.xiao_sensor_xiao_12d7dc_battery_voltage,3.94,2026-07-25T03:01:07.844Z
sensor.xiao_sensor_xiao_12d7dc_battery_voltage,3.96,2026-07-25T03:01:19.080Z
sensor.xiao_sensor_xiao_12d7dc_battery_voltage,3.95,2026-07-25T03:02:15.202Z
sensor.xiao_sensor_xiao_12d7dc_battery_voltage,3.96,2026-07-25T03:02:26.372Z
sensor.xiao_sensor_xiao_12d7dc_battery_voltage,3.95,2026-07-25T03:02:37.539Z
sensor.xiao_sensor_xiao_12d7dc_battery_voltage,3.96,2026-07-25T03:02:49.108Z
sensor.xiao_sensor_xiao_12d7dc_battery_voltage,3.95,2026-07-25T03:03:00.231Z
sensor.xiao_sensor_xiao_12d7dc_battery_voltage,3.96,2026-07-25T03:03:22.899Z
sensor.xiao_sensor_xiao_12d7dc_battery_voltage,3.95,2026-07-25T03:05:04.104Z
sensor.xiao_sensor_xiao_12d7dc_battery_voltage,3.96,2026-07-25T03:05:15.276Z
sensor.xiao_sensor_xiao_12d7dc_battery_voltage,3.95,2026-07-25T03:05:26.981Z
sensor.xiao_sensor_xiao_12d7dc_battery_voltage,3.96,2026-07-25T03:06:23.689Z
sensor.xiao_sensor_xiao_12d7dc_battery_voltage,3.92,2026-07-25T03:07:20.794Z
sensor.xiao_sensor_xiao_12d7dc_battery_voltage,3.95,2026-07-25T03:07:32.002Z
sensor.xiao_sensor_xiao_12d7dc_battery_voltage,3.96,2026-07-25T03:08:05.906Z
sensor.xiao_sensor_xiao_12d7dc_battery_voltage,3.95,2026-07-25T03:08:17.068Z
sensor.xiao_sensor_xiao_12d7dc_battery_voltage,3.96,2026-07-25T03:08:28.227Z
sensor.xiao_sensor_xiao_12d7dc_battery_voltage,3.95,2026-07-25T03:08:51.106Z
sensor.xiao_sensor_xiao_12d7dc_battery_voltage,3.91,2026-07-25T03:09:24.974Z
sensor.xiao_sensor_xiao_12d7dc_battery_voltage,3.95,2026-07-25T03:09:36.205Z
sensor.xiao_sensor_xiao_12d7dc_battery_voltage,3.96,2026-07-25T03:10:54.446Z
sensor.xiao_sensor_xiao_12d7dc_battery_voltage,3.95,2026-07-25T03:11:39.444Z
sensor.xiao_sensor_xiao_12d7dc_battery_voltage,3.96,2026-07-25T03:12:24.450Z
sensor.xiao_sensor_xiao_12d7dc_battery_voltage,3.95,2026-07-25T03:12:47.052Z
sensor.xiao_sensor_xiao_12d7dc_battery_voltage,3.96,2026-07-25T03:12:58.187Z
sensor.xiao_sensor_xiao_12d7dc_battery_voltage,3.95,2026-07-25T03:13:09.558Z
sensor.xiao_sensor_xiao_12d7dc_battery_voltage,3.96,2026-07-25T03:13:43.403Z
sensor.xiao_sensor_xiao_12d7dc_battery_voltage,3.95,2026-07-25T03:13:54.634Z
sensor.xiao_sensor_xiao_12d7dc_battery_voltage,3.96,2026-07-25T03:14:17.474Z
sensor.xiao_sensor_xiao_12d7dc_battery_voltage,3.95,2026-07-25T03:14:28.657Z
sensor.xiao_sensor_xiao_12d7dc_battery_voltage,3.96,2026-07-25T03:15:25.406Z
sensor.xiao_sensor_xiao_12d7dc_battery_voltage,3.95,2026-07-25T03:15:47.739Z
sensor.xiao_sensor_xiao_12d7dc_battery_voltage,3.96,2026-07-25T03:16:43.795Z
sensor.xiao_sensor_xiao_12d7dc_battery_voltage,3.95,2026-07-25T03:16:55.189Z
sensor.xiao_sensor_xiao_12d7dc_battery_voltage,3.96,2026-07-25T03:17:17.726Z
sensor.xiao_sensor_xiao_12d7dc_battery_voltage,3.95,2026-07-25T03:17:28.893Z
sensor.xiao_sensor_xiao_12d7dc_battery_voltage,3.96,2026-07-25T03:17:40.126Z
sensor.xiao_sensor_xiao_12d7dc_battery_voltage,3.95,2026-07-25T03:18:03.521Z
sensor.xiao_sensor_xiao_12d7dc_battery_voltage,3.96,2026-07-25T03:19:22.137Z
sensor.xiao_sensor_xiao_12d7dc_battery_voltage,3.95,2026-07-25T03:19:33.311Z
sensor.xiao_sensor_xiao_12d7dc_battery_voltage,3.96,2026-07-25T03:20:41.646Z
sensor.xiao_sensor_xiao_12d7dc_battery_voltage,3.95,2026-07-25T03:20:52.897Z
sensor.xiao_sensor_xiao_12d7dc_battery_voltage,3.96,2026-07-25T03:22:00.283Z
sensor.xiao_sensor_xiao_12d7dc_battery_voltage,3.95,2026-07-25T03:22:11.439Z
sensor.xiao_sensor_xiao_12d7dc_battery_voltage,3.94,2026-07-25T03:23:08.683Z
sensor.xiao_sensor_xiao_12d7dc_battery_voltage,3.95,2026-07-25T03:23:19.836Z
sensor.xiao_sensor_xiao_12d7dc_battery_voltage,3.96,2026-07-25T03:24:49.692Z
sensor.xiao_sensor_xiao_12d7dc_battery_voltage,3.95,2026-07-25T03:25:12.008Z
sensor.xiao_sensor_xiao_12d7dc_battery_voltage,3.96,2026-07-25T03:26:08.426Z
sensor.xiao_sensor_xiao_12d7dc_battery_voltage,3.95,2026-07-25T03:26:19.643Z
sensor.xiao_sensor_xiao_12d7dc_battery_voltage,3.93,2026-07-25T03:31:24.049Z
sensor.xiao_sensor_xiao_12d7dc_battery_voltage,3.95,2026-07-25T03:31:35.226Z
sensor.xiao_sensor_xiao_12d7dc_battery_voltage,3.92,2026-07-25T03:49:02.390Z
sensor.xiao_sensor_xiao_12d7dc_battery_voltage,3.95,2026-07-25T03:49:13.547Z
sensor.xiao_sensor_xiao_12d7dc_battery_voltage,3.92,2026-07-25T04:24:27.053Z
sensor.xiao_sensor_xiao_12d7dc_battery_voltage,3.95,2026-07-25T04:24:38.224Z
sensor.xiao_sensor_xiao_12d7dc_battery_voltage,3.91,2026-07-25T04:43:14.684Z
sensor.xiao_sensor_xiao_12d7dc_battery_voltage,3.95,2026-07-25T04:43:25.838Z
sensor.xiao_sensor_xiao_12d7dc_battery_voltage,3.94,2026-07-25T05:08:07.894Z
sensor.xiao_sensor_xiao_12d7dc_battery_voltage,3.95,2026-07-25T05:08:19.060Z
sensor.xiao_sensor_xiao_12d7dc_battery_voltage,3.94,2026-07-25T05:11:30.972Z
sensor.xiao_sensor_xiao_12d7dc_battery_voltage,3.95,2026-07-25T05:11:42.185Z
sensor.xiao_sensor_xiao_12d7dc_battery_voltage,3.91,2026-07-25T05:12:49.246Z
sensor.xiao_sensor_xiao_12d7dc_battery_voltage,3.95,2026-07-25T05:13:00.456Z
sensor.xiao_sensor_xiao_12d7dc_battery_voltage,3.91,2026-07-25T05:17:06.558Z
sensor.xiao_sensor_xiao_12d7dc_battery_voltage,3.94,2026-07-25T05:17:17.980Z
sensor.xiao_sensor_xiao_12d7dc_battery_voltage,3.95,2026-07-25T05:17:29.191Z
sensor.xiao_sensor_xiao_12d7dc_battery_voltage,3.91,2026-07-25T05:18:26.299Z
sensor.xiao_sensor_xiao_12d7dc_battery_voltage,3.95,2026-07-25T05:18:37.438Z
sensor.xiao_sensor_xiao_12d7dc_battery_voltage,3.94,2026-07-25T05:19:56.158Z
sensor.xiao_sensor_xiao_12d7dc_battery_voltage,3.95,2026-07-25T05:20:07.321Z
sensor.xiao_sensor_xiao_12d7dc_battery_voltage,3.94,2026-07-25T05:20:41.079Z
sensor.xiao_sensor_xiao_12d7dc_battery_voltage,3.95,2026-07-25T05:21:03.409Z
sensor.xiao_sensor_xiao_12d7dc_battery_voltage,3.91,2026-07-25T05:24:15.435Z
sensor.xiao_sensor_xiao_12d7dc_battery_voltage,3.95,2026-07-25T05:24:26.614Z
sensor.xiao_sensor_xiao_12d7dc_battery_voltage,3.94,2026-07-25T05:26:52.788Z
sensor.xiao_sensor_xiao_12d7dc_battery_voltage,3.95,2026-07-25T05:27:03.969Z
sensor.xiao_sensor_xiao_12d7dc_battery_voltage,3.91,2026-07-25T05:29:18.554Z
sensor.xiao_sensor_xiao_12d7dc_battery_voltage,3.95,2026-07-25T05:29:29.711Z
sensor.xiao_sensor_xiao_12d7dc_battery_voltage,3.91,2026-07-25T05:31:33.006Z
sensor.xiao_sensor_xiao_12d7dc_battery_voltage,3.95,2026-07-25T05:31:44.166Z
sensor.xiao_sensor_xiao_12d7dc_battery_voltage,3.94,2026-07-25T05:32:29.154Z
sensor.xiao_sensor_xiao_12d7dc_battery_voltage,3.95,2026-07-25T05:32:40.322Z
sensor.xiao_sensor_xiao_12d7dc_battery_voltage,3.94,2026-07-25T05:32:51.483Z
sensor.xiao_sensor_xiao_12d7dc_battery_voltage,3.95,2026-07-25T05:33:02.650Z
sensor.xiao_sensor_xiao_12d7dc_battery_voltage,3.94,2026-07-25T05:35:28.046Z
sensor.xiao_sensor_xiao_12d7dc_battery_voltage,3.95,2026-07-25T05:35:39.274Z
sensor.xiao_sensor_xiao_12d7dc_battery_voltage,3.94,2026-07-25T05:38:16.107Z
sensor.xiao_sensor_xiao_12d7dc_battery_voltage,3.95,2026-07-25T05:38:27.298Z
sensor.xiao_sensor_xiao_12d7dc_battery_voltage,3.94,2026-07-25T05:38:38.681Z
sensor.xiao_sensor_xiao_12d7dc_battery_voltage,3.95,2026-07-25T05:39:01.068Z
sensor.xiao_sensor_xiao_12d7dc_battery_voltage,3.94,2026-07-25T05:39:12.220Z
sensor.xiao_sensor_xiao_12d7dc_battery_voltage,3.95,2026-07-25T05:39:56.864Z
sensor.xiao_sensor_xiao_12d7dc_battery_voltage,3.94,2026-07-25T05:40:08.066Z
sensor.xiao_sensor_xiao_12d7dc_battery_voltage,3.95,2026-07-25T05:40:19.415Z
sensor.xiao_sensor_xiao_12d7dc_battery_voltage,3.94,2026-07-25T05:41:15.373Z
sensor.xiao_sensor_xiao_12d7dc_battery_voltage,3.95,2026-07-25T05:41:37.769Z
sensor.xiao_sensor_xiao_12d7dc_battery_voltage,3.94,2026-07-25T05:42:00.380Z
sensor.xiao_sensor_xiao_12d7dc_battery_voltage,3.95,2026-07-25T05:42:11.547Z
sensor.xiao_sensor_xiao_12d7dc_battery_voltage,3.94,2026-07-25T05:42:34.851Z
sensor.xiao_sensor_xiao_12d7dc_battery_voltage,3.95,2026-07-25T05:42:46.015Z
sensor.xiao_sensor_xiao_12d7dc_battery_voltage,3.94,2026-07-25T05:42:57.172Z
sensor.xiao_sensor_xiao_12d7dc_battery_voltage,3.95,2026-07-25T05:43:30.659Z
sensor.xiao_sensor_xiao_12d7dc_battery_voltage,3.94,2026-07-25T05:43:41.823Z
sensor.xiao_sensor_xiao_12d7dc_battery_voltage,3.95,2026-07-25T05:44:16.343Z
sensor.xiao_sensor_xiao_12d7dc_battery_voltage,3.94,2026-07-25T05:45:24.653Z
sensor.xiao_sensor_xiao_12d7dc_battery_voltage,3.95,2026-07-25T05:45:58.147Z
sensor.xiao_sensor_xiao_12d7dc_battery_voltage,3.94,2026-07-25T05:46:09.553Z
sensor.xiao_sensor_xiao_12d7dc_battery_voltage,3.95,2026-07-25T05:46:20.738Z
sensor.xiao_sensor_xiao_12d7dc_battery_voltage,3.94,2026-07-25T05:46:43.070Z
sensor.xiao_sensor_xiao_12d7dc_battery_voltage,3.95,2026-07-25T05:47:05.450Z
sensor.xiao_sensor_xiao_12d7dc_battery_voltage,3.94,2026-07-25T05:47:39.018Z
sensor.xiao_sensor_xiao_12d7dc_battery_voltage,3.95,2026-07-25T05:48:12.558Z
sensor.xiao_sensor_xiao_12d7dc_battery_voltage,3.94,2026-07-25T05:48:58.278Z
sensor.xiao_sensor_xiao_12d7dc_battery_voltage,3.95,2026-07-25T05:49:09.432Z
sensor.xiao_sensor_xiao_12d7dc_battery_voltage,3.94,2026-07-25T05:49:32.095Z
sensor.xiao_sensor_xiao_12d7dc_battery_voltage,3.95,2026-07-25T05:49:54.416Z
sensor.xiao_sensor_xiao_12d7dc_battery_voltage,3.94,2026-07-25T05:50:05.575Z
sensor.xiao_sensor_xiao_12d7dc_battery_voltage,3.95,2026-07-25T05:50:16.750Z
sensor.xiao_sensor_xiao_12d7dc_battery_voltage,3.94,2026-07-25T05:50:27.955Z
sensor.xiao_sensor_xiao_12d7dc_battery_voltage,3.95,2026-07-25T05:51:01.782Z
sensor.xiao_sensor_xiao_12d7dc_battery_voltage,3.94,2026-07-25T05:51:24.403Z
sensor.xiao_sensor_xiao_12d7dc_battery_voltage,3.95,2026-07-25T05:51:35.611Z
sensor.xiao_sensor_xiao_12d7dc_battery_voltage,3.94,2026-07-25T05:51:46.761Z
sensor.xiao_sensor_xiao_12d7dc_battery_voltage,3.95,2026-07-25T05:51:57.925Z
sensor.xiao_sensor_xiao_12d7dc_battery_voltage,3.94,2026-07-25T05:52:09.084Z
sensor.xiao_sensor_xiao_12d7dc_battery_voltage,3.95,2026-07-25T05:52:43.935Z
sensor.xiao_sensor_xiao_12d7dc_battery_voltage,3.94,2026-07-25T05:52:55.100Z
sensor.xiao_sensor_xiao_12d7dc_battery_voltage,3.95,2026-07-25T05:54:35.897Z
sensor.xiao_sensor_xiao_12d7dc_battery_voltage,3.94,2026-07-25T05:54:58.304Z
sensor.xiao_sensor_xiao_12d7dc_battery_voltage,3.95,2026-07-25T05:55:20.898Z
sensor.xiao_sensor_xiao_12d7dc_battery_voltage,3.94,2026-07-25T05:55:32.137Z
sensor.xiao_sensor_xiao_12d7dc_battery_voltage,3.95,2026-07-25T05:56:16.899Z
sensor.xiao_sensor_xiao_12d7dc_battery_voltage,3.94,2026-07-25T05:56:40.244Z
sensor.xiao_sensor_xiao_12d7dc_battery_voltage,3.9,2026-07-25T05:58:11.826Z
sensor.xiao_sensor_xiao_12d7dc_battery_voltage,3.95,2026-07-25T05:58:22.996Z
sensor.xiao_sensor_xiao_12d7dc_battery_voltage,3.94,2026-07-25T05:58:45.330Z
sensor.xiao_sensor_xiao_12d7dc_battery_voltage,3.95,2026-07-25T06:00:15.127Z
sensor.xiao_sensor_xiao_12d7dc_battery_voltage,3.94,2026-07-25T06:00:37.477Z
sensor.xiao_sensor_xiao_12d7dc_battery_voltage,3.95,2026-07-25T06:00:48.626Z
sensor.xiao_sensor_xiao_12d7dc_battery_voltage,3.94,2026-07-25T06:00:59.793Z
sensor.xiao_sensor_xiao_12d7dc_battery_voltage,3.95,2026-07-25T06:01:10.951Z
sensor.xiao_sensor_xiao_12d7dc_battery_voltage,3.94,2026-07-25T06:01:22.139Z
sensor.xiao_sensor_xiao_12d7dc_battery_voltage,3.95,2026-07-25T06:03:13.856Z
sensor.xiao_sensor_xiao_12d7dc_battery_voltage,3.94,2026-07-25T06:03:47.377Z
sensor.xiao_sensor_xiao_12d7dc_battery_voltage,3.95,2026-07-25T06:04:09.684Z
sensor.xiao_sensor_xiao_12d7dc_battery_voltage,3.94,2026-07-25T06:04:20.851Z
sensor.xiao_sensor_xiao_12d7dc_battery_voltage,3.95,2026-07-25T06:04:43.168Z
sensor.xiao_sensor_xiao_12d7dc_battery_voltage,3.94,2026-07-25T06:05:05.482Z
sensor.xiao_sensor_xiao_12d7dc_battery_voltage,3.95,2026-07-25T06:07:08.732Z
sensor.xiao_sensor_xiao_12d7dc_battery_voltage,3.94,2026-07-25T06:07:31.047Z
sensor.xiao_sensor_xiao_12d7dc_battery_voltage,3.95,2026-07-25T06:08:26.819Z
sensor.xiao_sensor_xiao_12d7dc_battery_voltage,3.94,2026-07-25T06:08:37.981Z
sensor.xiao_sensor_xiao_12d7dc_battery_voltage,3.95,2026-07-25T06:09:22.875Z
sensor.xiao_sensor_xiao_12d7dc_battery_voltage,3.94,2026-07-25T06:09:34.023Z
sensor.xiao_sensor_xiao_12d7dc_battery_voltage,3.95,2026-07-25T06:09:45.199Z
sensor.xiao_sensor_xiao_12d7dc_battery_voltage,3.94,2026-07-25T06:09:56.364Z
sensor.xiao_sensor_xiao_12d7dc_battery_voltage,3.95,2026-07-25T06:10:18.704Z
sensor.xiao_sensor_xiao_12d7dc_battery_voltage,3.94,2026-07-25T06:10:29.939Z
sensor.xiao_sensor_xiao_12d7dc_battery_voltage,3.95,2026-07-25T06:12:02.890Z
sensor.xiao_sensor_xiao_12d7dc_battery_voltage,3.94,2026-07-25T06:12:14.051Z
sensor.xiao_sensor_xiao_12d7dc_battery_voltage,3.95,2026-07-25T06:16:54.765Z
sensor.xiao_sensor_xiao_12d7dc_battery_voltage,3.94,2026-07-25T06:17:05.986Z
sensor.xiao_sensor_xiao_12d7dc_battery_voltage,3.95,2026-07-25T06:18:13.285Z
sensor.xiao_sensor_xiao_12d7dc_battery_voltage,3.94,2026-07-25T06:18:24.493Z
sensor.xiao_sensor_xiao_12d7dc_battery_voltage,3.95,2026-07-25T06:21:35.227Z
sensor.xiao_sensor_xiao_12d7dc_battery_voltage,3.94,2026-07-25T06:21:46.411Z
sensor.xiao_sensor_xiao_12d7dc_battery_voltage,3.9,2026-07-25T06:23:16.202Z
sensor.xiao_sensor_xiao_12d7dc_battery_voltage,3.94,2026-07-25T06:23:27.414Z
sensor.xiao_sensor_xiao_12d7dc_battery_voltage,3.95,2026-07-25T06:24:34.922Z
sensor.xiao_sensor_xiao_12d7dc_battery_voltage,3.94,2026-07-25T06:24:46.088Z
sensor.xiao_sensor_xiao_12d7dc_battery_voltage,3.95,2026-07-25T06:31:06.635Z
sensor.xiao_sensor_xiao_12d7dc_battery_voltage,3.94,2026-07-25T06:31:17.854Z
sensor.xiao_sensor_xiao_12d7dc_battery_voltage,3.95,2026-07-25T06:45:50.607Z
sensor.xiao_sensor_xiao_12d7dc_battery_voltage,3.94,2026-07-25T06:46:01.761Z
sensor.xiao_sensor_xiao_12d7dc_battery_voltage,3.9,2026-07-25T06:46:24.070Z
sensor.xiao_sensor_xiao_12d7dc_battery_voltage,3.94,2026-07-25T06:46:35.232Z
sensor.xiao_sensor_xiao_12d7dc_battery_voltage,3.91,2026-07-25T06:55:22.031Z
sensor.xiao_sensor_xiao_12d7dc_battery_voltage,3.94,2026-07-25T06:55:34.194Z
sensor.xiao_sensor_xiao_12d7dc_battery_voltage,3.93,2026-07-25T06:57:49.693Z
sensor.xiao_sensor_xiao_12d7dc_battery_voltage,3.94,2026-07-25T06:58:01.084Z
sensor.xiao_sensor_xiao_12d7dc_battery_voltage,3.91,2026-07-25T06:59:30.507Z
sensor.xiao_sensor_xiao_12d7dc_battery_voltage,3.94,2026-07-25T06:59:41.671Z
sensor.xiao_sensor_xiao_12d7dc_battery_voltage,3.92,2026-07-25T07:00:59.882Z
sensor.xiao_sensor_xiao_12d7dc_battery_voltage,3.94,2026-07-25T07:01:11.047Z
sensor.xiao_sensor_xiao_12d7dc_battery_voltage,3.93,2026-07-25T07:11:27.536Z
sensor.xiao_sensor_xiao_12d7dc_battery_voltage,3.94,2026-07-25T07:11:38.705Z
sensor.xiao_sensor_xiao_12d7dc_battery_voltage,3.92,2026-07-25T07:21:21.943Z
sensor.xiao_sensor_xiao_12d7dc_battery_voltage,3.94,2026-07-25T07:21:33.107Z
sensor.xiao_sensor_xiao_12d7dc_battery_voltage,3.92,2026-07-25T07:26:03.254Z
sensor.xiao_sensor_xiao_12d7dc_battery_voltage,3.94,2026-07-25T07:26:14.416Z
sensor.xiao_sensor_xiao_12d7dc_battery_voltage,3.9,2026-07-25T07:27:21.642Z
sensor.xiao_sensor_xiao_12d7dc_battery_voltage,3.94,2026-07-25T07:27:32.806Z
sensor.xiao_sensor_xiao_12d7dc_battery_voltage,3.91,2026-07-25T07:50:11.659Z
sensor.xiao_sensor_xiao_12d7dc_battery_voltage,3.94,2026-07-25T07:50:23.040Z
sensor.xiao_sensor_xiao_12d7dc_battery_voltage,3.91,2026-07-25T07:57:08.087Z
sensor.xiao_sensor_xiao_12d7dc_battery_voltage,3.94,2026-07-25T07:57:19.299Z
sensor.xiao_sensor_xiao_12d7dc_battery_voltage,3.91,2026-07-25T07:58:50.517Z
sensor.xiao_sensor_xiao_12d7dc_battery_voltage,3.94,2026-07-25T07:59:01.668Z
sensor.xiao_sensor_xiao_12d7dc_battery_voltage,3.9,2026-07-25T08:02:34.181Z
sensor.xiao_sensor_xiao_12d7dc_battery_voltage,3.94,2026-07-25T08:02:45.347Z
sensor.xiao_sensor_xiao_12d7dc_battery_voltage,3.93,2026-07-25T08:15:50.900Z
sensor.xiao_sensor_xiao_12d7dc_battery_voltage,3.94,2026-07-25T08:16:02.099Z
sensor.xiao_sensor_xiao_12d7dc_battery_voltage,3.93,2026-07-25T08:46:17.338Z
sensor.xiao_sensor_xiao_12d7dc_battery_voltage,3.94,2026-07-25T08:46:28.502Z
sensor.xiao_sensor_xiao_12d7dc_battery_voltage,3.92,2026-07-25T08:49:39.226Z
sensor.xiao_sensor_xiao_12d7dc_battery_voltage,3.94,2026-07-25T08:49:50.637Z
sensor.xiao_sensor_xiao_12d7dc_battery_voltage,3.9,2026-07-25T08:50:35.628Z
sensor.xiao_sensor_xiao_12d7dc_battery_voltage,3.94,2026-07-25T08:50:46.807Z
sensor.xiao_sensor_xiao_12d7dc_battery_voltage,3.93,2026-07-25T08:52:05.207Z
sensor.xiao_sensor_xiao_12d7dc_battery_voltage,3.94,2026-07-25T08:52:16.363Z
sensor.xiao_sensor_xiao_12d7dc_battery_voltage,3.91,2026-07-25T08:53:23.570Z
sensor.xiao_sensor_xiao_12d7dc_battery_voltage,3.94,2026-07-25T08:53:34.771Z
sensor.xiao_sensor_xiao_12d7dc_battery_voltage,3.93,2026-07-25T08:58:02.738Z
sensor.xiao_sensor_xiao_12d7dc_battery_voltage,3.94,2026-07-25T08:58:13.899Z
sensor.xiao_sensor_xiao_12d7dc_battery_voltage,3.93,2026-07-25T09:01:35.324Z
sensor.xiao_sensor_xiao_12d7dc_battery_voltage,3.94,2026-07-25T09:01:46.470Z
sensor.xiao_sensor_xiao_12d7dc_battery_voltage,3.93,2026-07-25T09:13:22.980Z
sensor.xiao_sensor_xiao_12d7dc_battery_voltage,3.94,2026-07-25T09:13:34.140Z
sensor.xiao_sensor_xiao_12d7dc_battery_voltage,3.93,2026-07-25T09:14:19.093Z
sensor.xiao_sensor_xiao_12d7dc_battery_voltage,3.94,2026-07-25T09:14:30.247Z
sensor.xiao_sensor_xiao_12d7dc_battery_voltage,3.93,2026-07-25T09:16:00.696Z
sensor.xiao_sensor_xiao_12d7dc_battery_voltage,3.94,2026-07-25T09:16:11.854Z
sensor.xiao_sensor_xiao_12d7dc_battery_voltage,3.93,2026-07-25T09:16:45.400Z
sensor.xiao_sensor_xiao_12d7dc_battery_voltage,3.94,2026-07-25T09:16:56.560Z
sensor.xiao_sensor_xiao_12d7dc_battery_voltage,3.9,2026-07-25T09:17:19.015Z
sensor.xiao_sensor_xiao_12d7dc_battery_voltage,3.94,2026-07-25T09:17:30.196Z
sensor.xiao_sensor_xiao_12d7dc_battery_voltage,3.93,2026-07-25T09:18:26.076Z
sensor.xiao_sensor_xiao_12d7dc_battery_voltage,3.94,2026-07-25T09:18:48.411Z
sensor.xiao_sensor_xiao_12d7dc_battery_voltage,3.93,2026-07-25T09:20:40.016Z
sensor.xiao_sensor_xiao_12d7dc_battery_voltage,3.94,2026-07-25T09:21:02.398Z
sensor.xiao_sensor_xiao_12d7dc_battery_voltage,3.93,2026-07-25T09:21:13.604Z
sensor.xiao_sensor_xiao_12d7dc_battery_voltage,3.94,2026-07-25T09:21:24.970Z
sensor.xiao_sensor_xiao_12d7dc_battery_voltage,3.93,2026-07-25T09:22:43.696Z
sensor.xiao_sensor_xiao_12d7dc_battery_voltage,3.94,2026-07-25T09:22:54.907Z
sensor.xiao_sensor_xiao_12d7dc_battery_voltage,3.93,2026-07-25T09:23:06.068Z
sensor.xiao_sensor_xiao_12d7dc_battery_voltage,3.94,2026-07-25T09:23:17.236Z
sensor.xiao_sensor_xiao_12d7dc_battery_voltage,3.92,2026-07-25T09:23:28.390Z
sensor.xiao_sensor_xiao_12d7dc_battery_voltage,3.94,2026-07-25T09:23:39.578Z
sensor.xiao_sensor_xiao_12d7dc_battery_voltage,3.93,2026-07-25T09:24:35.668Z
sensor.xiao_sensor_xiao_12d7dc_battery_voltage,3.94,2026-07-25T09:24:46.818Z
sensor.xiao_sensor_xiao_12d7dc_battery_voltage,3.93,2026-07-25T09:25:20.299Z
sensor.xiao_sensor_xiao_12d7dc_battery_voltage,3.94,2026-07-25T09:25:31.506Z
sensor.xiao_sensor_xiao_12d7dc_battery_voltage,3.93,2026-07-25T09:26:38.758Z
sensor.xiao_sensor_xiao_12d7dc_battery_voltage,3.94,2026-07-25T09:27:01.079Z
sensor.xiao_sensor_xiao_12d7dc_battery_voltage,3.93,2026-07-25T09:27:45.930Z
sensor.xiao_sensor_xiao_12d7dc_battery_voltage,3.94,2026-07-25T09:28:08.250Z
sensor.xiao_sensor_xiao_12d7dc_battery_voltage,3.93,2026-07-25T09:28:41.854Z
sensor.xiao_sensor_xiao_12d7dc_battery_voltage,3.94,2026-07-25T09:28:52.998Z
sensor.xiao_sensor_xiao_12d7dc_battery_voltage,3.93,2026-07-25T09:29:26.460Z
sensor.xiao_sensor_xiao_12d7dc_battery_voltage,3.94,2026-07-25T09:29:37.633Z
sensor.xiao_sensor_xiao_12d7dc_battery_voltage,3.91,2026-07-25T09:30:23.322Z
sensor.xiao_sensor_xiao_12d7dc_battery_voltage,3.94,2026-07-25T09:30:34.698Z
sensor.xiao_sensor_xiao_12d7dc_battery_voltage,3.93,2026-07-25T09:31:19.439Z
sensor.xiao_sensor_xiao_12d7dc_battery_voltage,3.94,2026-07-25T09:31:30.614Z
sensor.xiao_sensor_xiao_12d7dc_battery_voltage,3.93,2026-07-25T09:31:52.973Z
sensor.xiao_sensor_xiao_12d7dc_battery_voltage,3.94,2026-07-25T09:32:04.629Z
sensor.xiao_sensor_xiao_12d7dc_battery_voltage,3.93,2026-07-25T09:32:15.762Z
sensor.xiao_sensor_xiao_12d7dc_battery_voltage,3.94,2026-07-25T09:32:26.927Z
sensor.xiao_sensor_xiao_12d7dc_battery_voltage,3.93,2026-07-25T09:34:29.776Z
sensor.xiao_sensor_xiao_12d7dc_battery_voltage,3.94,2026-07-25T09:34:40.944Z
sensor.xiao_sensor_xiao_12d7dc_battery_voltage,3.93,2026-07-25T09:34:52.099Z
sensor.xiao_sensor_xiao_12d7dc_battery_voltage,3.94,2026-07-25T09:35:15.403Z
sensor.xiao_sensor_xiao_12d7dc_battery_voltage,3.93,2026-07-25T09:35:26.616Z
sensor.xiao_sensor_xiao_12d7dc_battery_voltage,3.94,2026-07-25T09:35:38.770Z
sensor.xiao_sensor_xiao_12d7dc_battery_voltage,3.93,2026-07-25T09:36:12.199Z
sensor.xiao_sensor_xiao_12d7dc_battery_voltage,3.94,2026-07-25T09:36:23.375Z
sensor.xiao_sensor_xiao_12d7dc_battery_voltage,3.93,2026-07-25T09:36:34.839Z
sensor.xiao_sensor_xiao_12d7dc_battery_voltage,3.94,2026-07-25T09:36:57.154Z
sensor.xiao_sensor_xiao_12d7dc_battery_voltage,3.93,2026-07-25T09:37:19.487Z
sensor.xiao_sensor_xiao_12d7dc_battery_voltage,3.94,2026-07-25T09:38:04.207Z
sensor.xiao_sensor_xiao_12d7dc_battery_voltage,3.93,2026-07-25T09:38:15.366Z
sensor.xiao_sensor_xiao_12d7dc_battery_voltage,3.94,2026-07-25T09:38:26.518Z
sensor.xiao_sensor_xiao_12d7dc_battery_voltage,3.93,2026-07-25T09:38:48.927Z
sensor.xiao_sensor_xiao_12d7dc_battery_voltage,3.94,2026-07-25T09:39:00.070Z
sensor.xiao_sensor_xiao_12d7dc_battery_voltage,3.93,2026-07-25T09:39:55.938Z
sensor.xiao_sensor_xiao_12d7dc_battery_voltage,3.94,2026-07-25T09:40:07.095Z
sensor.xiao_sensor_xiao_12d7dc_battery_voltage,3.93,2026-07-25T09:41:03.895Z
sensor.xiao_sensor_xiao_12d7dc_battery_voltage,3.94,2026-07-25T09:41:15.034Z
sensor.xiao_sensor_xiao_12d7dc_battery_voltage,3.9,2026-07-25T09:41:26.434Z
sensor.xiao_sensor_xiao_12d7dc_battery_voltage,3.94,2026-07-25T09:41:37.617Z
sensor.xiao_sensor_xiao_12d7dc_battery_voltage,3.93,2026-07-25T09:41:48.746Z
sensor.xiao_sensor_xiao_12d7dc_battery_voltage,3.94,2026-07-25T09:41:59.954Z
sensor.xiao_sensor_xiao_12d7dc_battery_voltage,3.93,2026-07-25T09:43:07.034Z
sensor.xiao_sensor_xiao_12d7dc_battery_voltage,3.94,2026-07-25T09:43:18.187Z
sensor.xiao_sensor_xiao_12d7dc_battery_voltage,3.93,2026-07-25T09:43:52.913Z
sensor.xiao_sensor_xiao_12d7dc_battery_voltage,3.94,2026-07-25T09:44:15.227Z
sensor.xiao_sensor_xiao_12d7dc_battery_voltage,3.93,2026-07-25T09:44:26.446Z
sensor.xiao_sensor_xiao_12d7dc_battery_voltage,3.94,2026-07-25T09:44:37.611Z
sensor.xiao_sensor_xiao_12d7dc_battery_voltage,3.93,2026-07-25T09:45:22.278Z
sensor.xiao_sensor_xiao_12d7dc_battery_voltage,3.94,2026-07-25T09:45:33.427Z
sensor.xiao_sensor_xiao_12d7dc_battery_voltage,3.93,2026-07-25T09:45:44.605Z
sensor.xiao_sensor_xiao_12d7dc_battery_voltage,3.89,2026-07-25T09:45:55.750Z
sensor.xiao_sensor_xiao_12d7dc_battery_voltage,3.94,2026-07-25T09:46:07.149Z
sensor.xiao_sensor_xiao_12d7dc_battery_voltage,3.93,2026-07-25T09:46:18.306Z
sensor.xiao_sensor_xiao_12d7dc_battery_voltage,3.94,2026-07-25T09:46:40.610Z
sensor.xiao_sensor_xiao_12d7dc_battery_voltage,3.93,2026-07-25T09:47:14.299Z
sensor.xiao_sensor_xiao_12d7dc_battery_voltage,3.94,2026-07-25T09:47:36.846Z
sensor.xiao_sensor_xiao_12d7dc_battery_voltage,3.93,2026-07-25T09:47:48.222Z
sensor.xiao_sensor_xiao_12d7dc_battery_voltage,3.94,2026-07-25T09:48:45.002Z
sensor.xiao_sensor_xiao_12d7dc_battery_voltage,3.93,2026-07-25T09:49:07.322Z
sensor.xiao_sensor_xiao_12d7dc_battery_voltage,3.91,2026-07-25T09:49:18.471Z
sensor.xiao_sensor_xiao_12d7dc_battery_voltage,3.94,2026-07-25T09:49:29.650Z
sensor.xiao_sensor_xiao_12d7dc_battery_voltage,3.93,2026-07-25T09:49:52.046Z
sensor.xiao_sensor_xiao_12d7dc_battery_voltage,3.94,2026-07-25T09:50:03.216Z
sensor.xiao_sensor_xiao_12d7dc_battery_voltage,3.93,2026-07-25T09:50:14.378Z
sensor.xiao_sensor_xiao_12d7dc_battery_voltage,3.94,2026-07-25T09:50:25.764Z
sensor.xiao_sensor_xiao_12d7dc_battery_voltage,3.93,2026-07-25T09:50:36.911Z
sensor.xiao_sensor_xiao_12d7dc_battery_voltage,3.94,2026-07-25T09:50:59.298Z
sensor.xiao_sensor_xiao_12d7dc_battery_voltage,3.93,2026-07-25T09:51:21.630Z
sensor.xiao_sensor_xiao_12d7dc_battery_voltage,3.94,2026-07-25T09:52:17.443Z
sensor.xiao_sensor_xiao_12d7dc_battery_voltage,3.93,2026-07-25T09:52:28.878Z
sensor.xiao_sensor_xiao_12d7dc_battery_voltage,3.91,2026-07-25T09:53:13.735Z
sensor.xiao_sensor_xiao_12d7dc_battery_voltage,3.93,2026-07-25T09:53:24.883Z
sensor.xiao_sensor_xiao_12d7dc_battery_voltage,3.94,2026-07-25T09:54:32.163Z
sensor.xiao_sensor_xiao_12d7dc_battery_voltage,3.93,2026-07-25T09:54:43.386Z
sensor.xiao_sensor_xiao_12d7dc_battery_voltage,3.94,2026-07-25T09:55:28.390Z
sensor.xiao_sensor_xiao_12d7dc_battery_voltage,3.91,2026-07-25T09:55:39.546Z
sensor.xiao_sensor_xiao_12d7dc_battery_voltage,3.93,2026-07-25T09:55:50.764Z
sensor.xiao_sensor_xiao_12d7dc_battery_voltage,3.94,2026-07-25T10:02:01.902Z
sensor.xiao_sensor_xiao_12d7dc_battery_voltage,3.93,2026-07-25T10:02:13.098Z
sensor.xiao_sensor_xiao_12d7dc_battery_voltage,3.94,2026-07-25T10:02:35.627Z
sensor.xiao_sensor_xiao_12d7dc_battery_voltage,3.93,2026-07-25T10:02:46.783Z
sensor.xiao_sensor_xiao_12d7dc_battery_voltage,3.9,2026-07-25T10:11:02.465Z
sensor.xiao_sensor_xiao_12d7dc_battery_voltage,3.93,2026-07-25T10:11:13.630Z
sensor.xiao_sensor_xiao_12d7dc_battery_voltage,3.89,2026-07-25T10:11:24.784Z
sensor.xiao_sensor_xiao_12d7dc_battery_voltage,3.93,2026-07-25T10:11:35.944Z
sensor.xiao_sensor_xiao_12d7dc_battery_voltage,3.94,2026-07-25T10:12:54.170Z
sensor.xiao_sensor_xiao_12d7dc_battery_voltage,3.93,2026-07-25T10:13:05.547Z
sensor.xiao_sensor_xiao_12d7dc_battery_voltage,3.89,2026-07-25T10:17:12.130Z
sensor.xiao_sensor_xiao_12d7dc_battery_voltage,3.93,2026-07-25T10:17:23.278Z
sensor.xiao_sensor_xiao_12d7dc_battery_voltage,3.94,2026-07-25T10:19:16.582Z
sensor.xiao_sensor_xiao_12d7dc_battery_voltage,3.93,2026-07-25T10:19:27.797Z
sensor.xiao_sensor_xiao_12d7dc_battery_voltage,3.91,2026-07-25T10:28:59.723Z
sensor.xiao_sensor_xiao_12d7dc_battery_voltage,3.93,2026-07-25T10:29:10.878Z
sensor.xiao_sensor_xiao_12d7dc_battery_voltage,3.9,2026-07-25T10:30:18.053Z
sensor.xiao_sensor_xiao_12d7dc_battery_voltage,3.93,2026-07-25T10:30:29.208Z
sensor.xiao_sensor_xiao_12d7dc_battery_voltage,3.89,2026-07-25T10:35:54.023Z
sensor.xiao_sensor_xiao_12d7dc_battery_voltage,3.93,2026-07-25T10:36:05.400Z
sensor.xiao_sensor_xiao_12d7dc_battery_voltage,3.9,2026-07-25T10:42:25.625Z
sensor.xiao_sensor_xiao_12d7dc_battery_voltage,3.93,2026-07-25T10:42:36.783Z
sensor.xiao_sensor_xiao_12d7dc_battery_voltage,3.92,2026-07-25T10:48:00.684Z
sensor.xiao_sensor_xiao_12d7dc_battery_voltage,3.93,2026-07-25T10:48:11.843Z
sensor.xiao_sensor_xiao_12d7dc_battery_voltage,3.89,2026-07-25T10:50:59.973Z
sensor.xiao_sensor_xiao_12d7dc_battery_voltage,3.93,2026-07-25T10:51:11.133Z
sensor.xiao_sensor_xiao_12d7dc_battery_voltage,3.92,2026-07-25T10:53:58.750Z
sensor.xiao_sensor_xiao_12d7dc_battery_voltage,3.93,2026-07-25T10:54:09.946Z
sensor.xiao_sensor_xiao_12d7dc_battery_voltage,3.89,2026-07-25T11:16:45.105Z
sensor.xiao_sensor_xiao_12d7dc_battery_voltage,3.93,2026-07-25T11:16:56.269Z
sensor.xiao_sensor_xiao_12d7dc_battery_voltage,3.9,2026-07-25T11:19:21.680Z
sensor.xiao_sensor_xiao_12d7dc_battery_voltage,3.93,2026-07-25T11:19:32.835Z
sensor.xiao_sensor_xiao_12d7dc_battery_voltage,3.92,2026-07-25T11:42:52.906Z
sensor.xiao_sensor_xiao_12d7dc_battery_voltage,3.93,2026-07-25T11:43:04.076Z
sensor.xiao_sensor_xiao_12d7dc_battery_voltage,3.92,2026-07-25T11:43:26.454Z
sensor.xiao_sensor_xiao_12d7dc_battery_voltage,3.93,2026-07-25T11:43:37.616Z
sensor.xiao_sensor_xiao_12d7dc_battery_voltage,3.9,2026-07-25T11:49:16.098Z
sensor.xiao_sensor_xiao_12d7dc_battery_voltage,3.93,2026-07-25T11:49:27.250Z
sensor.xiao_sensor_xiao_12d7dc_battery_voltage,3.92,2026-07-25T11:54:51.327Z
sensor.xiao_sensor_xiao_12d7dc_battery_voltage,3.93,2026-07-25T11:55:02.710Z
sensor.xiao_sensor_xiao_12d7dc_battery_voltage,3.89,2026-07-25T11:56:09.756Z
sensor.xiao_sensor_xiao_12d7dc_battery_voltage,3.93,2026-07-25T11:56:20.907Z
sensor.xiao_sensor_xiao_12d7dc_battery_voltage,3.92,2026-07-25T11:56:32.294Z
sensor.xiao_sensor_xiao_12d7dc_battery_voltage,3.93,2026-07-25T11:56:43.456Z
sensor.xiao_sensor_xiao_12d7dc_battery_voltage,3.92,2026-07-25T11:58:02.558Z
sensor.xiao_sensor_xiao_12d7dc_battery_voltage,3.93,2026-07-25T11:58:13.731Z
sensor.xiao_sensor_xiao_12d7dc_battery_voltage,3.92,2026-07-25T11:58:58.370Z
sensor.xiao_sensor_xiao_12d7dc_battery_voltage,3.93,2026-07-25T11:59:09.547Z
sensor.xiao_sensor_xiao_12d7dc_battery_voltage,3.92,2026-07-25T12:01:57.765Z
sensor.xiao_sensor_xiao_12d7dc_battery_voltage,3.93,2026-07-25T12:02:31.209Z
sensor.xiao_sensor_xiao_12d7dc_battery_voltage,3.92,2026-07-25T12:03:15.857Z
sensor.xiao_sensor_xiao_12d7dc_battery_voltage,3.93,2026-07-25T12:03:38.183Z
sensor.xiao_sensor_xiao_12d7dc_battery_voltage,3.92,2026-07-25T12:04:23.263Z
sensor.xiao_sensor_xiao_12d7dc_battery_voltage,3.93,2026-07-25T12:04:34.427Z
sensor.xiao_sensor_xiao_12d7dc_battery_voltage,3.92,2026-07-25T12:05:52.862Z
sensor.xiao_sensor_xiao_12d7dc_battery_voltage,3.93,2026-07-25T12:06:04.018Z
sensor.xiao_sensor_xiao_12d7dc_battery_voltage,3.92,2026-07-25T12:07:23.646Z
sensor.xiao_sensor_xiao_12d7dc_battery_voltage,3.93,2026-07-25T12:07:35.810Z
sensor.xiao_sensor_xiao_12d7dc_battery_voltage,3.92,2026-07-25T12:07:58.139Z
sensor.xiao_sensor_xiao_12d7dc_battery_voltage,3.93,2026-07-25T12:08:09.544Z
sensor.xiao_sensor_xiao_12d7dc_battery_voltage,3.92,2026-07-25T12:08:31.960Z
sensor.xiao_sensor_xiao_12d7dc_battery_voltage,3.93,2026-07-25T12:08:43.125Z
sensor.xiao_sensor_xiao_12d7dc_battery_voltage,3.92,2026-07-25T12:09:38.935Z
sensor.xiao_sensor_xiao_12d7dc_battery_voltage,3.93,2026-07-25T12:09:50.327Z
sensor.xiao_sensor_xiao_12d7dc_battery_voltage,3.92,2026-07-25T12:10:46.339Z
sensor.xiao_sensor_xiao_12d7dc_battery_voltage,3.93,2026-07-25T12:10:57.503Z
sensor.xiao_sensor_xiao_12d7dc_battery_voltage,3.92,2026-07-25T12:11:08.662Z
sensor.xiao_sensor_xiao_12d7dc_battery_voltage,3.93,2026-07-25T12:11:42.147Z
sensor.xiao_sensor_xiao_12d7dc_battery_voltage,3.92,2026-07-25T12:12:15.674Z
sensor.xiao_sensor_xiao_12d7dc_battery_voltage,3.93,2026-07-25T12:12:26.850Z
sensor.xiao_sensor_xiao_12d7dc_battery_voltage,3.91,2026-07-25T12:12:38.010Z
sensor.xiao_sensor_xiao_12d7dc_battery_voltage,3.92,2026-07-25T12:12:49.230Z
sensor.xiao_sensor_xiao_12d7dc_battery_voltage,3.93,2026-07-25T12:13:00.460Z
sensor.xiao_sensor_xiao_12d7dc_battery_voltage,3.92,2026-07-25T12:13:11.839Z
sensor.xiao_sensor_xiao_12d7dc_battery_voltage,3.93,2026-07-25T12:13:23.004Z
sensor.xiao_sensor_xiao_12d7dc_battery_voltage,3.92,2026-07-25T12:13:34.155Z
sensor.xiao_sensor_xiao_12d7dc_battery_voltage,3.93,2026-07-25T12:13:56.460Z
sensor.xiao_sensor_xiao_12d7dc_battery_voltage,3.92,2026-07-25T12:14:07.612Z
sensor.xiao_sensor_xiao_12d7dc_battery_voltage,3.93,2026-07-25T12:14:19.779Z
sensor.xiao_sensor_xiao_12d7dc_battery_voltage,3.92,2026-07-25T12:14:53.491Z
sensor.xiao_sensor_xiao_12d7dc_battery_voltage,3.93,2026-07-25T12:16:34.365Z
sensor.xiao_sensor_xiao_12d7dc_battery_voltage,3.92,2026-07-25T12:16:57.962Z
sensor.xiao_sensor_xiao_12d7dc_battery_voltage,3.93,2026-07-25T12:17:42.907Z
sensor.xiao_sensor_xiao_12d7dc_battery_voltage,3.92,2026-07-25T12:17:54.075Z
sensor.xiao_sensor_xiao_12d7dc_battery_voltage,3.93,2026-07-25T12:18:16.452Z
sensor.xiao_sensor_xiao_12d7dc_battery_voltage,3.92,2026-07-25T12:18:27.873Z
sensor.xiao_sensor_xiao_12d7dc_battery_voltage,3.93,2026-07-25T12:18:39.036Z
sensor.xiao_sensor_xiao_12d7dc_battery_voltage,3.92,2026-07-25T12:18:50.208Z
sensor.xiao_sensor_xiao_12d7dc_battery_voltage,3.93,2026-07-25T12:19:57.281Z
sensor.xiao_sensor_xiao_12d7dc_battery_voltage,3.92,2026-07-25T12:20:30.820Z
sensor.xiao_sensor_xiao_12d7dc_battery_voltage,3.93,2026-07-25T12:21:26.906Z
sensor.xiao_sensor_xiao_12d7dc_battery_voltage,3.92,2026-07-25T12:21:38.078Z
sensor.xiao_sensor_xiao_12d7dc_battery_voltage,3.93,2026-07-25T12:22:00.404Z
sensor.xiao_sensor_xiao_12d7dc_battery_voltage,3.92,2026-07-25T12:22:11.781Z
sensor.xiao_sensor_xiao_12d7dc_battery_voltage,3.93,2026-07-25T12:22:56.671Z
sensor.xiao_sensor_xiao_12d7dc_battery_voltage,3.92,2026-07-25T12:23:07.831Z
sensor.xiao_sensor_xiao_12d7dc_battery_voltage,3.93,2026-07-25T12:23:52.786Z
sensor.xiao_sensor_xiao_12d7dc_battery_voltage,3.92,2026-07-25T12:24:04.207Z
sensor.xiao_sensor_xiao_12d7dc_battery_voltage,3.93,2026-07-25T12:30:03.570Z
sensor.xiao_sensor_xiao_12d7dc_battery_voltage,3.92,2026-07-25T12:30:14.727Z
sensor.xiao_sensor_xiao_12d7dc_battery_voltage,3.93,2026-07-25T12:32:28.983Z
sensor.xiao_sensor_xiao_12d7dc_battery_voltage,3.92,2026-07-25T12:32:40.136Z
sensor.xiao_sensor_xiao_12d7dc_battery_voltage,3.93,2026-07-25T12:40:20.569Z
sensor.xiao_sensor_xiao_12d7dc_battery_voltage,3.92,2026-07-25T12:40:31.722Z
sensor.xiao_sensor_xiao_12d7dc_battery_voltage,3.91,2026-07-25T13:04:17.392Z
sensor.xiao_sensor_xiao_12d7dc_battery_voltage,3.92,2026-07-25T13:04:28.555Z
sensor.xiao_sensor_xiao_12d7dc_battery_voltage,3.88,2026-07-25T13:06:20.242Z
sensor.xiao_sensor_xiao_12d7dc_battery_voltage,3.92,2026-07-25T13:06:31.427Z
sensor.xiao_sensor_xiao_12d7dc_battery_voltage,3.91,2026-07-25T13:28:58.842Z
sensor.xiao_sensor_xiao_12d7dc_battery_voltage,3.92,2026-07-25T13:29:10.256Z
sensor.xiao_sensor_xiao_12d7dc_battery_voltage,3.91,2026-07-25T13:33:50.129Z
sensor.xiao_sensor_xiao_12d7dc_battery_voltage,3.92,2026-07-25T13:34:01.352Z
sensor.xiao_sensor_xiao_12d7dc_battery_voltage,3.91,2026-07-25T13:35:43.402Z
sensor.xiao_sensor_xiao_12d7dc_battery_voltage,3.92,2026-07-25T13:35:54.563Z
sensor.xiao_sensor_xiao_12d7dc_battery_voltage,3.91,2026-07-25T13:37:12.693Z
sensor.xiao_sensor_xiao_12d7dc_battery_voltage,3.92,2026-07-25T13:37:23.964Z
sensor.xiao_sensor_xiao_12d7dc_battery_voltage,3.89,2026-07-25T13:40:45.332Z
sensor.xiao_sensor_xiao_12d7dc_battery_voltage,3.92,2026-07-25T13:40:56.516Z
sensor.xiao_sensor_xiao_12d7dc_battery_voltage,3.91,2026-07-25T13:41:30.030Z
sensor.xiao_sensor_xiao_12d7dc_battery_voltage,3.92,2026-07-25T13:41:41.192Z
sensor.xiao_sensor_xiao_12d7dc_battery_voltage,3.91,2026-07-25T13:41:52.449Z
sensor.xiao_sensor_xiao_12d7dc_battery_voltage,3.92,2026-07-25T13:42:03.607Z
sensor.xiao_sensor_xiao_12d7dc_battery_voltage,3.91,2026-07-25T13:44:06.488Z
sensor.xiao_sensor_xiao_12d7dc_battery_voltage,3.92,2026-07-25T13:44:17.755Z
sensor.xiao_sensor_xiao_12d7dc_battery_voltage,3.91,2026-07-25T13:45:35.897Z
sensor.xiao_sensor_xiao_12d7dc_battery_voltage,3.92,2026-07-25T13:45:47.048Z
sensor.xiao_sensor_xiao_12d7dc_battery_voltage,3.88,2026-07-25T13:48:12.774Z
sensor.xiao_sensor_xiao_12d7dc_battery_voltage,3.92,2026-07-25T13:48:24.029Z
sensor.xiao_sensor_xiao_12d7dc_battery_voltage,3.91,2026-07-25T13:49:31.074Z
sensor.xiao_sensor_xiao_12d7dc_battery_voltage,3.92,2026-07-25T13:49:42.251Z
sensor.xiao_sensor_xiao_12d7dc_battery_voltage,3.91,2026-07-25T13:49:53.462Z
sensor.xiao_sensor_xiao_12d7dc_battery_voltage,3.92,2026-07-25T13:50:38.160Z
sensor.xiao_sensor_xiao_12d7dc_battery_voltage,3.91,2026-07-25T13:51:11.684Z
sensor.xiao_sensor_xiao_12d7dc_battery_voltage,3.92,2026-07-25T13:51:22.841Z
sensor.xiao_sensor_xiao_12d7dc_battery_voltage,3.91,2026-07-25T13:51:45.403Z
sensor.xiao_sensor_xiao_12d7dc_battery_voltage,3.92,2026-07-25T13:51:56.594Z
sensor.xiao_sensor_xiao_12d7dc_battery_voltage,3.91,2026-07-25T13:52:30.082Z
sensor.xiao_sensor_xiao_12d7dc_battery_voltage,3.92,2026-07-25T13:52:41.234Z
sensor.xiao_sensor_xiao_12d7dc_battery_voltage,3.91,2026-07-25T13:53:03.557Z
sensor.xiao_sensor_xiao_12d7dc_battery_voltage,3.92,2026-07-25T13:53:14.723Z
sensor.xiao_sensor_xiao_12d7dc_battery_voltage,3.91,2026-07-25T13:53:25.887Z
sensor.xiao_sensor_xiao_12d7dc_battery_voltage,3.92,2026-07-25T13:53:37.055Z
sensor.xiao_sensor_xiao_12d7dc_battery_voltage,3.91,2026-07-25T13:53:59.481Z
sensor.xiao_sensor_xiao_12d7dc_battery_voltage,3.92,2026-07-25T13:54:33.377Z
sensor.xiao_sensor_xiao_12d7dc_battery_voltage,3.91,2026-07-25T13:54:55.691Z
sensor.xiao_sensor_xiao_12d7dc_battery_voltage,3.92,2026-07-25T13:55:06.881Z
sensor.xiao_sensor_xiao_12d7dc_battery_voltage,3.91,2026-07-25T13:55:29.195Z
sensor.xiao_sensor_xiao_12d7dc_battery_voltage,3.92,2026-07-25T13:56:03.222Z
sensor.xiao_sensor_xiao_12d7dc_battery_voltage,3.91,2026-07-25T13:56:59.152Z
sensor.xiao_sensor_xiao_12d7dc_battery_voltage,3.92,2026-07-25T13:57:21.756Z
sensor.xiao_sensor_xiao_12d7dc_battery_voltage,3.91,2026-07-25T13:58:06.491Z
sensor.xiao_sensor_xiao_12d7dc_battery_voltage,3.92,2026-07-25T13:58:29.071Z
sensor.xiao_sensor_xiao_12d7dc_battery_voltage,3.91,2026-07-25T13:59:26.338Z
sensor.xiao_sensor_xiao_12d7dc_battery_voltage,3.92,2026-07-25T13:59:48.665Z
sensor.xiao_sensor_xiao_12d7dc_battery_voltage,3.91,2026-07-25T13:59:59.827Z
sensor.xiao_sensor_xiao_12d7dc_battery_voltage,3.92,2026-07-25T14:01:40.365Z
sensor.xiao_sensor_xiao_12d7dc_battery_voltage,3.91,2026-07-25T14:01:51.529Z
sensor.xiao_sensor_xiao_12d7dc_battery_voltage,3.92,2026-07-25T14:02:13.865Z
sensor.xiao_sensor_xiao_12d7dc_battery_voltage,3.91,2026-07-25T14:02:25.016Z
sensor.xiao_sensor_xiao_12d7dc_battery_voltage,3.92,2026-07-25T14:02:36.171Z
sensor.xiao_sensor_xiao_12d7dc_battery_voltage,3.91,2026-07-25T14:02:47.323Z
sensor.xiao_sensor_xiao_12d7dc_battery_voltage,3.9,2026-07-25T15:01:31.978Z
sensor.xiao_sensor_xiao_12d7dc_battery_voltage,3.91,2026-07-25T15:01:43.183Z
sensor.xiao_sensor_xiao_12d7dc_battery_voltage,3.9,2026-07-25T15:12:56.489Z
sensor.xiao_sensor_xiao_12d7dc_battery_voltage,3.91,2026-07-25T15:13:07.659Z
sensor.xiao_sensor_xiao_12d7dc_battery_voltage,3.9,2026-07-25T15:15:44.530Z
sensor.xiao_sensor_xiao_12d7dc_battery_voltage,3.91,2026-07-25T15:15:55.689Z
sensor.xiao_sensor_xiao_12d7dc_battery_voltage,3.9,2026-07-25T15:17:48.136Z
sensor.xiao_sensor_xiao_12d7dc_battery_voltage,3.91,2026-07-25T15:17:59.303Z
sensor.xiao_sensor_xiao_12d7dc_battery_voltage,3.9,2026-07-25T15:18:10.532Z
sensor.xiao_sensor_xiao_12d7dc_battery_voltage,3.91,2026-07-25T15:18:21.911Z
sensor.xiao_sensor_xiao_12d7dc_battery_voltage,3.9,2026-07-25T15:18:44.494Z
sensor.xiao_sensor_xiao_12d7dc_battery_voltage,3.91,2026-07-25T15:18:55.643Z
sensor.xiao_sensor_xiao_12d7dc_battery_voltage,3.9,2026-07-25T15:19:40.423Z
sensor.xiao_sensor_xiao_12d7dc_battery_voltage,3.91,2026-07-25T15:19:51.587Z
sensor.xiao_sensor_xiao_12d7dc_battery_voltage,3.9,2026-07-25T15:22:51.233Z
sensor.xiao_sensor_xiao_12d7dc_battery_voltage,3.91,2026-07-25T15:23:24.834Z
sensor.xiao_sensor_xiao_12d7dc_battery_voltage,3.9,2026-07-25T15:23:35.994Z
sensor.xiao_sensor_xiao_12d7dc_battery_voltage,3.91,2026-07-25T15:23:47.154Z
sensor.xiao_sensor_xiao_12d7dc_battery_voltage,3.9,2026-07-25T15:25:28.276Z
sensor.xiao_sensor_xiao_12d7dc_battery_voltage,3.91,2026-07-25T15:25:50.671Z
sensor.xiao_sensor_xiao_12d7dc_battery_voltage,3.9,2026-07-25T15:26:24.278Z
sensor.xiao_sensor_xiao_12d7dc_battery_voltage,3.91,2026-07-25T15:26:57.785Z
sensor.xiao_sensor_xiao_12d7dc_battery_voltage,3.9,2026-07-25T15:27:08.954Z
sensor.xiao_sensor_xiao_12d7dc_battery_voltage,3.91,2026-07-25T15:27:42.516Z
sensor.xiao_sensor_xiao_12d7dc_battery_voltage,3.9,2026-07-25T15:28:04.961Z
sensor.xiao_sensor_xiao_12d7dc_battery_voltage,3.91,2026-07-25T15:28:16.129Z
sensor.xiao_sensor_xiao_12d7dc_battery_voltage,3.9,2026-07-25T15:29:01.819Z
sensor.xiao_sensor_xiao_12d7dc_battery_voltage,3.91,2026-07-25T15:29:24.368Z
sensor.xiao_sensor_xiao_12d7dc_battery_voltage,3.9,2026-07-25T15:29:35.539Z
sensor.xiao_sensor_xiao_12d7dc_battery_voltage,3.91,2026-07-25T15:29:46.775Z
sensor.xiao_sensor_xiao_12d7dc_battery_voltage,3.9,2026-07-25T15:29:57.937Z
sensor.xiao_sensor_xiao_12d7dc_battery_voltage,3.88,2026-07-25T15:30:20.277Z
sensor.xiao_sensor_xiao_12d7dc_battery_voltage,3.91,2026-07-25T15:30:31.436Z
sensor.xiao_sensor_xiao_12d7dc_battery_voltage,3.9,2026-07-25T15:30:42.602Z
sensor.xiao_sensor_xiao_12d7dc_battery_voltage,3.91,2026-07-25T15:32:01.228Z
sensor.xiao_sensor_xiao_12d7dc_battery_voltage,3.9,2026-07-25T15:32:23.552Z
sensor.xiao_sensor_xiao_12d7dc_battery_voltage,3.91,2026-07-25T15:32:57.137Z
sensor.xiao_sensor_xiao_12d7dc_battery_voltage,3.9,2026-07-25T15:33:08.303Z
sensor.xiao_sensor_xiao_12d7dc_battery_voltage,3.91,2026-07-25T15:33:19.527Z
sensor.xiao_sensor_xiao_12d7dc_battery_voltage,3.9,2026-07-25T15:33:30.674Z
sensor.xiao_sensor_xiao_12d7dc_battery_voltage,3.91,2026-07-25T15:33:53.003Z
sensor.xiao_sensor_xiao_12d7dc_battery_voltage,3.9,2026-07-25T15:34:04.163Z
sensor.xiao_sensor_xiao_12d7dc_battery_voltage,3.89,2026-07-25T15:35:45.271Z
sensor.xiao_sensor_xiao_12d7dc_battery_voltage,3.91,2026-07-25T15:35:56.497Z
sensor.xiao_sensor_xiao_12d7dc_battery_voltage,3.9,2026-07-25T15:36:07.680Z
sensor.xiao_sensor_xiao_12d7dc_battery_voltage,3.91,2026-07-25T15:38:55.729Z
sensor.xiao_sensor_xiao_12d7dc_battery_voltage,3.9,2026-07-25T15:39:06.892Z
sensor.xiao_sensor_xiao_12d7dc_battery_voltage,3.91,2026-07-25T15:42:30.599Z
sensor.xiao_sensor_xiao_12d7dc_battery_voltage,3.9,2026-07-25T15:42:41.747Z
sensor.xiao_sensor_xiao_12d7dc_battery_voltage,3.91,2026-07-25T15:42:52.969Z
sensor.xiao_sensor_xiao_12d7dc_battery_voltage,3.9,2026-07-25T15:43:04.183Z
sensor.xiao_sensor_xiao_12d7dc_battery_voltage,3.87,2026-07-25T15:54:16.478Z
sensor.xiao_sensor_xiao_12d7dc_battery_voltage,3.9,2026-07-25T15:54:27.858Z
sensor.xiao_sensor_xiao_12d7dc_battery_voltage,3.88,2026-07-25T16:10:00.119Z
sensor.xiao_sensor_xiao_12d7dc_battery_voltage,3.9,2026-07-25T16:10:11.273Z
sensor.xiao_sensor_xiao_12d7dc_battery_voltage,3.87,2026-07-25T16:16:10.330Z
sensor.xiao_sensor_xiao_12d7dc_battery_voltage,3.9,2026-07-25T16:16:21.521Z
sensor.xiao_sensor_xiao_12d7dc_battery_voltage,3.86,2026-07-25T16:24:00.940Z
sensor.xiao_sensor_xiao_12d7dc_battery_voltage,3.9,2026-07-25T16:24:12.100Z
sensor.xiao_sensor_xiao_12d7dc_battery_voltage,3.89,2026-07-25T16:30:45.014Z
sensor.xiao_sensor_xiao_12d7dc_battery_voltage,3.9,2026-07-25T16:30:56.277Z
sensor.xiao_sensor_xiao_12d7dc_battery_voltage,3.89,2026-07-25T16:34:53.129Z
sensor.xiao_sensor_xiao_12d7dc_battery_voltage,3.9,2026-07-25T16:35:04.290Z
sensor.xiao_sensor_xiao_12d7dc_battery_voltage,3.89,2026-07-25T16:35:15.443Z
sensor.xiao_sensor_xiao_12d7dc_battery_voltage,3.9,2026-07-25T16:35:26.617Z
sensor.xiao_sensor_xiao_12d7dc_battery_voltage,3.89,2026-07-25T16:38:04.738Z
sensor.xiao_sensor_xiao_12d7dc_battery_voltage,3.9,2026-07-25T16:38:27.056Z
sensor.xiao_sensor_xiao_12d7dc_battery_voltage,3.89,2026-07-25T16:38:49.381Z
sensor.xiao_sensor_xiao_12d7dc_battery_voltage,3.9,2026-07-25T16:39:00.545Z
sensor.xiao_sensor_xiao_12d7dc_battery_voltage,3.89,2026-07-25T16:39:34.109Z
sensor.xiao_sensor_xiao_12d7dc_battery_voltage,3.9,2026-07-25T16:39:56.465Z
sensor.xiao_sensor_xiao_12d7dc_battery_voltage,3.89,2026-07-25T16:41:48.494Z
sensor.xiao_sensor_xiao_12d7dc_battery_voltage,3.9,2026-07-25T16:42:21.949Z
sensor.xiao_sensor_xiao_12d7dc_battery_voltage,3.89,2026-07-25T16:43:07.031Z
sensor.xiao_sensor_xiao_12d7dc_battery_voltage,3.9,2026-07-25T16:43:18.187Z
sensor.xiao_sensor_xiao_12d7dc_battery_voltage,3.89,2026-07-25T16:43:40.497Z
sensor.xiao_sensor_xiao_12d7dc_battery_voltage,3.9,2026-07-25T16:43:51.701Z
sensor.xiao_sensor_xiao_12d7dc_battery_voltage,3.89,2026-07-25T16:45:10.435Z
sensor.xiao_sensor_xiao_12d7dc_battery_voltage,3.9,2026-07-25T16:45:21.825Z
sensor.xiao_sensor_xiao_12d7dc_battery_voltage,3.89,2026-07-25T16:45:33.249Z
sensor.xiao_sensor_xiao_12d7dc_battery_voltage,3.9,2026-07-25T16:45:44.416Z
sensor.xiao_sensor_xiao_12d7dc_battery_voltage,3.89,2026-07-25T16:45:55.633Z
sensor.xiao_sensor_xiao_12d7dc_battery_voltage,3.9,2026-07-25T16:46:29.199Z
sensor.xiao_sensor_xiao_12d7dc_battery_voltage,3.89,2026-07-25T16:46:40.363Z
sensor.xiao_sensor_xiao_12d7dc_battery_voltage,3.9,2026-07-25T16:47:36.596Z
sensor.xiao_sensor_xiao_12d7dc_battery_voltage,3.89,2026-07-25T16:47:47.761Z
sensor.xiao_sensor_xiao_12d7dc_battery_voltage,3.9,2026-07-25T16:49:17.006Z
sensor.xiao_sensor_xiao_12d7dc_battery_voltage,3.89,2026-07-25T16:49:28.160Z
sensor.xiao_sensor_xiao_12d7dc_battery_voltage,3.85,2026-07-25T16:58:05.799Z
sensor.xiao_sensor_xiao_12d7dc_battery_voltage,3.89,2026-07-25T16:58:16.958Z
sensor.xiao_sensor_xiao_12d7dc_battery_voltage,3.87,2026-07-25T17:18:15.591Z
sensor.xiao_sensor_xiao_12d7dc_battery_voltage,3.89,2026-07-25T17:18:26.747Z
sensor.xiao_sensor_xiao_12d7dc_battery_voltage,3.88,2026-07-25T17:37:22.921Z
sensor.xiao_sensor_xiao_12d7dc_battery_voltage,3.89,2026-07-25T17:37:34.203Z
sensor.xiao_sensor_xiao_12d7dc_battery_voltage,3.88,2026-07-25T17:39:26.195Z
sensor.xiao_sensor_xiao_12d7dc_battery_voltage,3.89,2026-07-25T17:39:37.627Z
sensor.xiao_sensor_xiao_12d7dc_battery_voltage,3.88,2026-07-25T17:41:19.195Z
sensor.xiao_sensor_xiao_12d7dc_battery_voltage,3.89,2026-07-25T17:41:41.789Z
sensor.xiao_sensor_xiao_12d7dc_battery_voltage,3.88,2026-07-25T17:41:52.952Z
sensor.xiao_sensor_xiao_12d7dc_battery_voltage,3.89,2026-07-25T17:42:04.148Z
sensor.xiao_sensor_xiao_12d7dc_battery_voltage,3.88,2026-07-25T17:42:15.361Z
sensor.xiao_sensor_xiao_12d7dc_battery_voltage,3.89,2026-07-25T17:42:26.537Z
sensor.xiao_sensor_xiao_12d7dc_battery_voltage,3.88,2026-07-25T17:44:18.961Z
sensor.xiao_sensor_xiao_12d7dc_battery_voltage,3.89,2026-07-25T17:44:41.767Z
sensor.xiao_sensor_xiao_12d7dc_battery_voltage,3.88,2026-07-25T17:45:27.566Z
sensor.xiao_sensor_xiao_12d7dc_battery_voltage,3.89,2026-07-25T17:45:49.914Z
sensor.xiao_sensor_xiao_12d7dc_battery_voltage,3.88,2026-07-25T17:46:12.778Z
sensor.xiao_sensor_xiao_12d7dc_battery_voltage,3.89,2026-07-25T17:46:46.669Z
sensor.xiao_sensor_xiao_12d7dc_battery_voltage,3.88,2026-07-25T17:46:57.839Z
sensor.xiao_sensor_xiao_12d7dc_battery_voltage,3.89,2026-07-25T17:47:09.220Z
sensor.xiao_sensor_xiao_12d7dc_battery_voltage,3.88,2026-07-25T17:47:20.400Z
sensor.xiao_sensor_xiao_12d7dc_battery_voltage,3.89,2026-07-25T17:47:42.741Z
sensor.xiao_sensor_xiao_12d7dc_battery_voltage,3.88,2026-07-25T17:48:16.810Z
sensor.xiao_sensor_xiao_12d7dc_battery_voltage,3.89,2026-07-25T17:48:28.272Z
sensor.xiao_sensor_xiao_12d7dc_battery_voltage,3.88,2026-07-25T17:49:13.492Z
sensor.xiao_sensor_xiao_12d7dc_battery_voltage,3.89,2026-07-25T17:49:47.874Z
sensor.xiao_sensor_xiao_12d7dc_battery_voltage,3.88,2026-07-25T17:49:59.042Z
sensor.xiao_sensor_xiao_12d7dc_battery_voltage,3.89,2026-07-25T17:51:40.017Z
sensor.xiao_sensor_xiao_12d7dc_battery_voltage,3.88,2026-07-25T17:52:13.592Z
sensor.xiao_sensor_xiao_12d7dc_battery_voltage,3.89,2026-07-25T17:52:47.395Z
sensor.xiao_sensor_xiao_12d7dc_battery_voltage,3.88,2026-07-25T17:52:58.683Z
sensor.xiao_sensor_xiao_12d7dc_battery_voltage,3.89,2026-07-25T17:54:06.332Z
sensor.xiao_sensor_xiao_12d7dc_battery_voltage,3.88,2026-07-25T17:54:17.490Z
sensor.xiao_sensor_xiao_12d7dc_battery_voltage,3.89,2026-07-25T17:55:02.441Z
sensor.xiao_sensor_xiao_12d7dc_battery_voltage,3.88,2026-07-25T17:55:13.608Z
sensor.xiao_sensor_xiao_12d7dc_battery_voltage,3.87,2026-07-25T17:57:39.223Z
sensor.xiao_sensor_xiao_12d7dc_battery_voltage,3.88,2026-07-25T17:57:50.417Z
sensor.xiao_sensor_xiao_12d7dc_battery_voltage,3.87,2026-07-25T18:41:20.581Z
sensor.xiao_sensor_xiao_12d7dc_battery_voltage,3.88,2026-07-25T18:41:32.053Z
sensor.xiao_sensor_xiao_12d7dc_battery_voltage,3.87,2026-07-25T18:42:39.167Z
sensor.xiao_sensor_xiao_12d7dc_battery_voltage,3.88,2026-07-25T18:42:50.383Z
sensor.xiao_sensor_xiao_12d7dc_battery_voltage,3.87,2026-07-25T18:45:38.805Z
sensor.xiao_sensor_xiao_12d7dc_battery_voltage,3.88,2026-07-25T18:46:01.418Z
sensor.xiao_sensor_xiao_12d7dc_battery_voltage,3.87,2026-07-25T18:46:34.966Z
sensor.xiao_sensor_xiao_12d7dc_battery_voltage,3.88,2026-07-25T18:46:46.242Z
sensor.xiao_sensor_xiao_12d7dc_battery_voltage,3.87,2026-07-25T18:47:08.549Z
sensor.xiao_sensor_xiao_12d7dc_battery_voltage,3.88,2026-07-25T18:47:31.153Z
sensor.xiao_sensor_xiao_12d7dc_battery_voltage,3.87,2026-07-25T18:47:53.506Z
sensor.xiao_sensor_xiao_12d7dc_battery_voltage,3.88,2026-07-25T18:48:04.669Z
sensor.xiao_sensor_xiao_12d7dc_battery_voltage,3.87,2026-07-25T18:48:27.015Z
sensor.xiao_sensor_xiao_12d7dc_battery_voltage,3.88,2026-07-25T18:48:38.180Z
sensor.xiao_sensor_xiao_12d7dc_battery_voltage,3.87,2026-07-25T18:49:11.982Z
sensor.xiao_sensor_xiao_12d7dc_battery_voltage,3.88,2026-07-25T18:49:45.860Z
sensor.xiao_sensor_xiao_12d7dc_battery_voltage,3.87,2026-07-25T18:49:57.026Z
sensor.xiao_sensor_xiao_12d7dc_battery_voltage,3.88,2026-07-25T18:51:15.923Z
sensor.xiao_sensor_xiao_12d7dc_battery_voltage,3.87,2026-07-25T18:51:27.085Z
sensor.xiao_sensor_xiao_12d7dc_battery_voltage,3.88,2026-07-25T18:51:38.244Z
sensor.xiao_sensor_xiao_12d7dc_battery_voltage,3.87,2026-07-25T18:51:49.420Z
sensor.xiao_sensor_xiao_12d7dc_battery_voltage,3.88,2026-07-25T18:52:34.648Z
sensor.xiao_sensor_xiao_12d7dc_battery_voltage,3.87,2026-07-25T18:52:46.066Z
sensor.xiao_sensor_xiao_12d7dc_battery_voltage,3.88,2026-07-25T18:53:08.413Z
sensor.xiao_sensor_xiao_12d7dc_battery_voltage,3.87,2026-07-25T18:53:19.637Z
sensor.xiao_sensor_xiao_12d7dc_battery_voltage,3.88,2026-07-25T18:53:53.218Z
sensor.xiao_sensor_xiao_12d7dc_battery_voltage,3.87,2026-07-25T18:54:04.395Z
sensor.xiao_sensor_xiao_12d7dc_battery_voltage,3.88,2026-07-25T18:56:07.809Z
sensor.xiao_sensor_xiao_12d7dc_battery_voltage,3.87,2026-07-25T18:56:30.461Z
sensor.xiao_sensor_xiao_12d7dc_battery_voltage,3.88,2026-07-25T18:57:15.865Z
sensor.xiao_sensor_xiao_12d7dc_battery_voltage,3.87,2026-07-25T18:57:28.241Z
sensor.xiao_sensor_xiao_12d7dc_battery_voltage,3.86,2026-07-25T19:34:00.935Z
sensor.xiao_sensor_xiao_12d7dc_battery_voltage,3.87,2026-07-25T19:34:12.102Z
sensor.xiao_sensor_xiao_12d7dc_battery_voltage,3.86,2026-07-25T19:37:23.278Z
sensor.xiao_sensor_xiao_12d7dc_battery_voltage,3.87,2026-07-25T19:37:34.432Z
sensor.xiao_sensor_xiao_12d7dc_battery_voltage,3.86,2026-07-25T19:40:46.726Z
sensor.xiao_sensor_xiao_12d7dc_battery_voltage,3.87,2026-07-25T19:40:57.903Z
sensor.xiao_sensor_xiao_12d7dc_battery_voltage,3.86,2026-07-25T19:43:24.659Z
sensor.xiao_sensor_xiao_12d7dc_battery_voltage,3.87,2026-07-25T19:43:35.834Z
sensor.xiao_sensor_xiao_12d7dc_battery_voltage,3.86,2026-07-25T19:46:24.649Z
sensor.xiao_sensor_xiao_12d7dc_battery_voltage,3.87,2026-07-25T19:46:35.813Z
sensor.xiao_sensor_xiao_12d7dc_battery_voltage,3.86,2026-07-25T19:47:20.480Z
sensor.xiao_sensor_xiao_12d7dc_battery_voltage,3.87,2026-07-25T19:47:31.651Z
sensor.xiao_sensor_xiao_12d7dc_battery_voltage,3.86,2026-07-25T19:47:54.252Z
sensor.xiao_sensor_xiao_12d7dc_battery_voltage,3.87,2026-07-25T19:48:28.089Z
sensor.xiao_sensor_xiao_12d7dc_battery_voltage,3.86,2026-07-25T19:49:01.608Z
sensor.xiao_sensor_xiao_12d7dc_battery_voltage,3.87,2026-07-25T19:49:12.771Z
sensor.xiao_sensor_xiao_12d7dc_battery_voltage,3.86,2026-07-25T19:49:35.563Z
sensor.xiao_sensor_xiao_12d7dc_battery_voltage,3.87,2026-07-25T19:49:46.738Z
sensor.xiao_sensor_xiao_12d7dc_battery_voltage,3.86,2026-07-25T19:50:09.118Z
sensor.xiao_sensor_xiao_12d7dc_battery_voltage,3.87,2026-07-25T19:50:20.325Z
sensor.xiao_sensor_xiao_12d7dc_battery_voltage,3.86,2026-07-25T19:50:53.956Z
sensor.xiao_sensor_xiao_12d7dc_battery_voltage,3.87,2026-07-25T19:51:27.722Z
sensor.xiao_sensor_xiao_12d7dc_battery_voltage,3.86,2026-07-25T19:51:39.199Z
sensor.xiao_sensor_xiao_12d7dc_battery_voltage,3.87,2026-07-25T19:52:01.592Z
sensor.xiao_sensor_xiao_12d7dc_battery_voltage,3.86,2026-07-25T19:52:12.777Z
sensor.xiao_sensor_xiao_12d7dc_battery_voltage,3.87,2026-07-25T19:52:23.950Z
sensor.xiao_sensor_xiao_12d7dc_battery_voltage,3.86,2026-07-25T19:52:35.119Z
sensor.xiao_sensor_xiao_12d7dc_battery_voltage,3.87,2026-07-25T19:54:05.320Z
sensor.xiao_sensor_xiao_12d7dc_battery_voltage,3.86,2026-07-25T19:54:27.665Z
sensor.xiao_sensor_xiao_12d7dc_battery_voltage,3.87,2026-07-25T19:55:35.132Z
sensor.xiao_sensor_xiao_12d7dc_battery_voltage,3.86,2026-07-25T19:55:46.312Z
sensor.xiao_sensor_xiao_12d7dc_battery_voltage,3.87,2026-07-25T19:56:53.557Z
sensor.xiao_sensor_xiao_12d7dc_battery_voltage,3.86,2026-07-25T19:57:27.325Z
sensor.xiao_sensor_xiao_12d7dc_battery_voltage,3.87,2026-07-25T19:57:49.736Z
sensor.xiao_sensor_xiao_12d7dc_battery_voltage,3.86,2026-07-25T19:58:00.911Z
sensor.xiao_sensor_xiao_12d7dc_battery_voltage,3.87,2026-07-25T19:58:12.126Z
sensor.xiao_sensor_xiao_12d7dc_battery_voltage,3.86,2026-07-25T19:58:23.292Z
sensor.xiao_sensor_xiao_12d7dc_battery_voltage,3.84,2026-07-25T20:00:50.742Z
sensor.xiao_sensor_xiao_12d7dc_battery_voltage,3.86,2026-07-25T20:01:01.906Z
sensor.xiao_sensor_xiao_12d7dc_battery_voltage,3.85,2026-07-25T20:27:27.223Z
sensor.xiao_sensor_xiao_12d7dc_battery_voltage,3.86,2026-07-25T20:27:38.386Z
sensor.xiao_sensor_xiao_12d7dc_battery_voltage,3.85,2026-07-25T20:28:23.128Z
sensor.xiao_sensor_xiao_12d7dc_battery_voltage,3.86,2026-07-25T20:28:34.312Z
sensor.xiao_sensor_xiao_12d7dc_battery_voltage,3.85,2026-07-25T20:31:33.536Z
sensor.xiao_sensor_xiao_12d7dc_battery_voltage,3.86,2026-07-25T20:31:44.701Z
sensor.xiao_sensor_xiao_12d7dc_battery_voltage,3.85,2026-07-25T20:32:41.817Z
sensor.xiao_sensor_xiao_12d7dc_battery_voltage,3.86,2026-07-25T20:32:53.023Z
sensor.xiao_sensor_xiao_12d7dc_battery_voltage,3.85,2026-07-25T20:37:22.665Z
sensor.xiao_sensor_xiao_12d7dc_battery_voltage,3.86,2026-07-25T20:37:33.845Z
sensor.xiao_sensor_xiao_12d7dc_battery_voltage,3.85,2026-07-25T20:37:45.120Z
sensor.xiao_sensor_xiao_12d7dc_battery_voltage,3.86,2026-07-25T20:37:56.530Z
sensor.xiao_sensor_xiao_12d7dc_battery_voltage,3.85,2026-07-25T20:39:15.755Z
sensor.xiao_sensor_xiao_12d7dc_battery_voltage,3.86,2026-07-25T20:40:00.582Z
sensor.xiao_sensor_xiao_12d7dc_battery_voltage,3.85,2026-07-25T20:40:34.485Z
sensor.xiao_sensor_xiao_12d7dc_battery_voltage,3.86,2026-07-25T20:40:45.642Z
sensor.xiao_sensor_xiao_12d7dc_battery_voltage,3.85,2026-07-25T20:40:56.897Z
sensor.xiao_sensor_xiao_12d7dc_battery_voltage,3.86,2026-07-25T20:41:08.061Z
sensor.xiao_sensor_xiao_12d7dc_battery_voltage,3.85,2026-07-25T20:41:19.508Z
sensor.xiao_sensor_xiao_12d7dc_battery_voltage,3.86,2026-07-25T20:41:30.695Z
sensor.xiao_sensor_xiao_12d7dc_battery_voltage,3.85,2026-07-25T20:42:16.192Z
sensor.xiao_sensor_xiao_12d7dc_battery_voltage,3.86,2026-07-25T20:42:38.565Z
sensor.xiao_sensor_xiao_12d7dc_battery_voltage,3.85,2026-07-25T20:42:50.027Z
sensor.xiao_sensor_xiao_12d7dc_battery_voltage,3.86,2026-07-25T20:43:01.190Z
sensor.xiao_sensor_xiao_12d7dc_battery_voltage,3.85,2026-07-25T20:43:12.381Z
sensor.xiao_sensor_xiao_12d7dc_battery_voltage,3.86,2026-07-25T20:43:23.549Z
sensor.xiao_sensor_xiao_12d7dc_battery_voltage,3.85,2026-07-25T20:43:46.117Z
sensor.xiao_sensor_xiao_12d7dc_battery_voltage,3.86,2026-07-25T20:44:31.133Z
sensor.xiao_sensor_xiao_12d7dc_battery_voltage,3.85,2026-07-25T20:45:16.422Z
sensor.xiao_sensor_xiao_12d7dc_battery_voltage,3.86,2026-07-25T20:45:27.658Z
sensor.xiao_sensor_xiao_12d7dc_battery_voltage,3.85,2026-07-25T20:45:38.841Z
sensor.xiao_sensor_xiao_12d7dc_battery_voltage,3.86,2026-07-25T20:46:45.936Z
sensor.xiao_sensor_xiao_12d7dc_battery_voltage,3.85,2026-07-25T20:47:19.698Z
sensor.xiao_sensor_xiao_12d7dc_battery_voltage,3.86,2026-07-25T20:48:15.918Z
sensor.xiao_sensor_xiao_12d7dc_battery_voltage,3.85,2026-07-25T20:48:27.109Z
sensor.xiao_sensor_xiao_12d7dc_battery_voltage,3.86,2026-07-25T20:48:38.331Z
sensor.xiao_sensor_xiao_12d7dc_battery_voltage,3.85,2026-07-25T20:48:49.764Z
sensor.xiao_sensor_xiao_12d7dc_battery_voltage,3.86,2026-07-25T20:49:34.797Z
sensor.xiao_sensor_xiao_12d7dc_battery_voltage,3.85,2026-07-25T20:49:45.969Z
sensor.xiao_sensor_xiao_12d7dc_battery_voltage,3.86,2026-07-25T20:51:38.477Z
sensor.xiao_sensor_xiao_12d7dc_battery_voltage,3.85,2026-07-25T20:51:49.710Z
sensor.xiao_sensor_xiao_12d7dc_battery_voltage,3.84,2026-07-25T21:31:14.345Z
sensor.xiao_sensor_xiao_12d7dc_battery_voltage,3.85,2026-07-25T21:31:26.534Z
sensor.xiao_sensor_xiao_12d7dc_battery_voltage,3.84,2026-07-25T21:40:15.141Z
sensor.xiao_sensor_xiao_12d7dc_battery_voltage,3.85,2026-07-25T21:40:26.565Z
sensor.xiao_sensor_xiao_12d7dc_battery_voltage,3.84,2026-07-25T21:40:37.810Z
sensor.xiao_sensor_xiao_12d7dc_battery_voltage,3.81,2026-07-25T21:40:48.970Z
sensor.xiao_sensor_xiao_12d7dc_battery_voltage,3.85,2026-07-25T21:41:00.212Z
sensor.xiao_sensor_xiao_12d7dc_battery_voltage,3.84,2026-07-25T21:41:11.653Z
sensor.xiao_sensor_xiao_12d7dc_battery_voltage,3.85,2026-07-25T21:41:23.123Z
sensor.xiao_sensor_xiao_12d7dc_battery_voltage,3.84,2026-07-25T21:41:57.124Z
sensor.xiao_sensor_xiao_12d7dc_battery_voltage,3.85,2026-07-25T21:42:08.284Z
sensor.xiao_sensor_xiao_12d7dc_battery_voltage,3.84,2026-07-25T21:43:38.747Z
sensor.xiao_sensor_xiao_12d7dc_battery_voltage,3.85,2026-07-25T21:43:49.907Z
sensor.xiao_sensor_xiao_12d7dc_battery_voltage,3.84,2026-07-25T21:44:01.080Z
sensor.xiao_sensor_xiao_12d7dc_battery_voltage,3.85,2026-07-25T21:44:12.257Z
sensor.xiao_sensor_xiao_12d7dc_battery_voltage,3.84,2026-07-25T21:44:35.230Z
sensor.xiao_sensor_xiao_12d7dc_battery_voltage,3.85,2026-07-25T21:44:57.793Z
sensor.xiao_sensor_xiao_12d7dc_battery_voltage,3.84,2026-07-25T21:45:42.481Z
sensor.xiao_sensor_xiao_12d7dc_battery_voltage,3.85,2026-07-25T21:45:53.937Z
sensor.xiao_sensor_xiao_12d7dc_battery_voltage,3.84,2026-07-25T21:46:17.603Z
sensor.xiao_sensor_xiao_12d7dc_battery_voltage,3.85,2026-07-25T21:46:40.182Z
sensor.xiao_sensor_xiao_12d7dc_battery_voltage,3.84,2026-07-25T21:47:02.516Z
sensor.xiao_sensor_xiao_12d7dc_battery_voltage,3.85,2026-07-25T21:47:13.939Z
sensor.xiao_sensor_xiao_12d7dc_battery_voltage,3.84,2026-07-25T21:47:36.539Z
sensor.xiao_sensor_xiao_12d7dc_battery_voltage,3.85,2026-07-25T21:47:47.707Z
sensor.xiao_sensor_xiao_12d7dc_battery_voltage,3.84,2026-07-25T21:48:10.057Z
sensor.xiao_sensor_xiao_12d7dc_battery_voltage,3.85,2026-07-25T21:48:21.218Z
sensor.xiao_sensor_xiao_12d7dc_battery_voltage,3.84,2026-07-25T21:48:43.827Z
sensor.xiao_sensor_xiao_12d7dc_battery_voltage,3.85,2026-07-25T21:49:17.481Z
sensor.xiao_sensor_xiao_12d7dc_battery_voltage,3.84,2026-07-25T21:49:28.674Z
sensor.xiao_sensor_xiao_12d7dc_battery_voltage,3.85,2026-07-25T21:49:51.134Z
sensor.xiao_sensor_xiao_12d7dc_battery_voltage,3.84,2026-07-25T21:50:36.025Z
sensor.xiao_sensor_xiao_12d7dc_battery_voltage,3.85,2026-07-25T21:50:47.470Z
sensor.xiao_sensor_xiao_12d7dc_battery_voltage,3.84,2026-07-25T21:51:20.994Z
sensor.xiao_sensor_xiao_12d7dc_battery_voltage,3.85,2026-07-25T21:51:32.170Z
sensor.xiao_sensor_xiao_12d7dc_battery_voltage,3.84,2026-07-25T21:51:54.518Z
sensor.xiao_sensor_xiao_12d7dc_battery_voltage,3.85,2026-07-25T21:52:05.761Z
sensor.xiao_sensor_xiao_12d7dc_battery_voltage,3.84,2026-07-25T21:52:39.297Z
sensor.xiao_sensor_xiao_12d7dc_battery_voltage,3.85,2026-07-25T21:52:50.752Z
sensor.xiao_sensor_xiao_12d7dc_battery_voltage,3.84,2026-07-25T21:53:13.088Z
sensor.xiao_sensor_xiao_12d7dc_battery_voltage,3.85,2026-07-25T21:53:46.868Z
sensor.xiao_sensor_xiao_12d7dc_battery_voltage,3.84,2026-07-25T21:53:58.270Z
sensor.xiao_sensor_xiao_12d7dc_battery_voltage,3.82,2026-07-25T21:54:20.663Z
sensor.xiao_sensor_xiao_12d7dc_battery_voltage,3.84,2026-07-25T21:54:32.061Z
sensor.xiao_sensor_xiao_12d7dc_battery_voltage,3.85,2026-07-25T21:55:39.501Z
sensor.xiao_sensor_xiao_12d7dc_battery_voltage,3.84,2026-07-25T21:56:01.846Z
sensor.xiao_sensor_xiao_12d7dc_battery_voltage,3.81,2026-07-25T22:01:05.461Z
sensor.xiao_sensor_xiao_12d7dc_battery_voltage,3.84,2026-07-25T22:01:16.685Z
sensor.xiao_sensor_xiao_12d7dc_battery_voltage,3.81,2026-07-25T22:07:18.365Z
sensor.xiao_sensor_xiao_12d7dc_battery_voltage,3.84,2026-07-25T22:07:29.820Z
sensor.xiao_sensor_xiao_12d7dc_battery_voltage,3.83,2026-07-25T22:52:33.133Z
sensor.xiao_sensor_xiao_12d7dc_battery_voltage,3.84,2026-07-25T22:52:44.373Z
sensor.xiao_sensor_xiao_12d7dc_battery_voltage,3.83,2026-07-25T22:56:06.397Z
sensor.xiao_sensor_xiao_12d7dc_battery_voltage,3.84,2026-07-25T22:56:17.580Z
sensor.xiao_sensor_xiao_12d7dc_battery_voltage,3.83,2026-07-25T22:57:47.041Z
sensor.xiao_sensor_xiao_12d7dc_battery_voltage,3.84,2026-07-25T22:57:58.212Z
sensor.xiao_sensor_xiao_12d7dc_battery_voltage,3.83,2026-07-25T23:00:36.619Z
sensor.xiao_sensor_xiao_12d7dc_battery_voltage,3.84,2026-07-25T23:00:47.802Z
sensor.xiao_sensor_xiao_12d7dc_battery_voltage,3.83,2026-07-25T23:02:17.575Z
sensor.xiao_sensor_xiao_12d7dc_battery_voltage,3.84,2026-07-25T23:02:29.051Z
sensor.xiao_sensor_xiao_12d7dc_battery_voltage,3.83,2026-07-25T23:02:51.764Z
sensor.xiao_sensor_xiao_12d7dc_battery_voltage,3.84,2026-07-25T23:03:02.967Z
sensor.xiao_sensor_xiao_12d7dc_battery_voltage,3.83,2026-07-25T23:03:36.544Z
sensor.xiao_sensor_xiao_12d7dc_battery_voltage,3.84,2026-07-25T23:03:47.699Z
sensor.xiao_sensor_xiao_12d7dc_battery_voltage,3.83,2026-07-25T23:05:51.098Z
sensor.xiao_sensor_xiao_12d7dc_battery_voltage,3.84,2026-07-25T23:06:02.289Z
sensor.xiao_sensor_xiao_12d7dc_battery_voltage,3.83,2026-07-25T23:06:24.700Z
sensor.xiao_sensor_xiao_12d7dc_battery_voltage,3.84,2026-07-25T23:06:36.161Z
sensor.xiao_sensor_xiao_12d7dc_battery_voltage,3.83,2026-07-25T23:06:58.783Z
sensor.xiao_sensor_xiao_12d7dc_battery_voltage,3.84,2026-07-25T23:07:09.950Z
sensor.xiao_sensor_xiao_12d7dc_battery_voltage,3.83,2026-07-25T23:08:51.339Z
sensor.xiao_sensor_xiao_12d7dc_battery_voltage,3.84,2026-07-25T23:09:36.361Z
sensor.xiao_sensor_xiao_12d7dc_battery_voltage,3.83,2026-07-25T23:09:58.713Z
sensor.xiao_sensor_xiao_12d7dc_battery_voltage,3.84,2026-07-25T23:10:43.742Z
sensor.xiao_sensor_xiao_12d7dc_battery_voltage,3.82,2026-07-25T23:10:55.134Z
sensor.xiao_sensor_xiao_12d7dc_battery_voltage,3.83,2026-07-25T23:11:06.321Z
sensor.xiao_sensor_xiao_12d7dc_battery_voltage,3.84,2026-07-25T23:11:17.769Z
sensor.xiao_sensor_xiao_12d7dc_battery_voltage,3.83,2026-07-25T23:11:40.622Z
sensor.xiao_sensor_xiao_12d7dc_battery_voltage,3.84,2026-07-25T23:11:51.799Z
sensor.xiao_sensor_xiao_12d7dc_battery_voltage,3.83,2026-07-25T23:12:25.660Z
sensor.xiao_sensor_xiao_12d7dc_battery_voltage,3.84,2026-07-25T23:12:36.830Z
sensor.xiao_sensor_xiao_12d7dc_battery_voltage,3.83,2026-07-25T23:12:59.495Z
sensor.xiao_sensor_xiao_12d7dc_battery_voltage,3.84,2026-07-25T23:13:44.472Z
sensor.xiao_sensor_xiao_12d7dc_battery_voltage,3.83,2026-07-25T23:13:55.985Z
sensor.xiao_sensor_xiao_12d7dc_battery_voltage,3.84,2026-07-25T23:14:07.240Z
sensor.xiao_sensor_xiao_12d7dc_battery_voltage,3.83,2026-07-25T23:15:03.455Z
sensor.xiao_sensor_xiao_12d7dc_battery_voltage,3.84,2026-07-25T23:16:44.569Z
sensor.xiao_sensor_xiao_12d7dc_battery_voltage,3.83,2026-07-25T23:16:55.996Z
sensor.xiao_sensor_xiao_12d7dc_battery_voltage,3.84,2026-07-25T23:17:07.174Z
sensor.xiao_sensor_xiao_12d7dc_battery_voltage,3.83,2026-07-25T23:17:29.779Z
sensor.xiao_sensor_xiao_12d7dc_battery_voltage,3.84,2026-07-25T23:18:25.739Z
sensor.xiao_sensor_xiao_12d7dc_battery_voltage,3.83,2026-07-25T23:18:36.934Z
sensor.xiao_sensor_xiao_12d7dc_battery_voltage,3.84,2026-07-25T23:18:59.286Z
sensor.xiao_sensor_xiao_12d7dc_battery_voltage,3.83,2026-07-25T23:19:21.873Z
sensor.xiao_sensor_xiao_12d7dc_battery_voltage,3.84,2026-07-25T23:19:33.277Z
sensor.xiao_sensor_xiao_12d7dc_battery_voltage,3.83,2026-07-25T23:19:44.529Z
sensor.xiao_sensor_xiao_12d7dc_battery_voltage,3.84,2026-07-25T23:20:18.068Z
sensor.xiao_sensor_xiao_12d7dc_battery_voltage,3.83,2026-07-25T23:20:29.247Z
sensor.xiao_sensor_xiao_12d7dc_battery_voltage,3.84,2026-07-25T23:20:40.672Z
sensor.xiao_sensor_xiao_12d7dc_battery_voltage,3.83,2026-07-25T23:21:14.498Z
sensor.xiao_sensor_xiao_12d7dc_battery_voltage,3.84,2026-07-25T23:23:08.295Z
sensor.xiao_sensor_xiao_12d7dc_battery_voltage,3.83,2026-07-25T23:23:19.513Z
sensor.xiao_sensor_xiao_12d7dc_battery_voltage,3.84,2026-07-25T23:23:30.800Z
sensor.xiao_sensor_xiao_12d7dc_battery_voltage,3.83,2026-07-25T23:23:41.981Z
sensor.xiao_sensor_xiao_12d7dc_battery_voltage,3.82,2026-07-25T23:24:04.601Z
sensor.xiao_sensor_xiao_12d7dc_battery_voltage,3.83,2026-07-25T23:24:15.757Z
sensor.xiao_sensor_xiao_12d7dc_battery_voltage,3.8,2026-07-25T23:37:33.153Z
sensor.xiao_sensor_xiao_12d7dc_battery_voltage,3.83,2026-07-25T23:37:44.322Z
sensor.xiao_sensor_xiao_12d7dc_battery_voltage,3.82,2026-07-26T00:01:40.885Z
sensor.xiao_sensor_xiao_12d7dc_battery_voltage,3.83,2026-07-26T00:01:52.339Z
sensor.xiao_sensor_xiao_12d7dc_battery_voltage,3.82,2026-07-26T00:33:56.104Z
sensor.xiao_sensor_xiao_12d7dc_battery_voltage,3.83,2026-07-26T00:34:07.298Z
sensor.xiao_sensor_xiao_12d7dc_battery_voltage,3.82,2026-07-26T00:35:14.465Z
sensor.xiao_sensor_xiao_12d7dc_battery_voltage,3.83,2026-07-26T00:35:25.622Z
sensor.xiao_sensor_xiao_12d7dc_battery_voltage,3.82,2026-07-26T00:35:48.175Z
sensor.xiao_sensor_xiao_12d7dc_battery_voltage,3.83,2026-07-26T00:35:59.530Z
sensor.xiao_sensor_xiao_12d7dc_battery_voltage,3.82,2026-07-26T00:36:33.103Z
sensor.xiao_sensor_xiao_12d7dc_battery_voltage,3.83,2026-07-26T00:36:44.277Z
sensor.xiao_sensor_xiao_12d7dc_battery_voltage,3.82,2026-07-26T00:37:51.938Z
sensor.xiao_sensor_xiao_12d7dc_battery_voltage,3.83,2026-07-26T00:38:03.101Z
sensor.xiao_sensor_xiao_12d7dc_battery_voltage,3.82,2026-07-26T00:38:48.153Z
sensor.xiao_sensor_xiao_12d7dc_battery_voltage,3.83,2026-07-26T00:38:59.365Z
sensor.xiao_sensor_xiao_12d7dc_battery_voltage,3.82,2026-07-26T00:39:10.529Z
sensor.xiao_sensor_xiao_12d7dc_battery_voltage,3.83,2026-07-26T00:39:21.699Z
sensor.xiao_sensor_xiao_12d7dc_battery_voltage,3.82,2026-07-26T00:39:44.473Z
sensor.xiao_sensor_xiao_12d7dc_battery_voltage,3.83,2026-07-26T00:39:55.643Z
sensor.xiao_sensor_xiao_12d7dc_battery_voltage,3.82,2026-07-26T00:40:29.351Z
sensor.xiao_sensor_xiao_12d7dc_battery_voltage,3.83,2026-07-26T00:40:40.528Z
sensor.xiao_sensor_xiao_12d7dc_battery_voltage,3.82,2026-07-26T00:41:25.299Z
sensor.xiao_sensor_xiao_12d7dc_battery_voltage,3.83,2026-07-26T00:41:47.633Z
sensor.xiao_sensor_xiao_12d7dc_battery_voltage,3.82,2026-07-26T00:42:09.937Z
sensor.xiao_sensor_xiao_12d7dc_battery_voltage,3.83,2026-07-26T00:42:21.110Z
sensor.xiao_sensor_xiao_12d7dc_battery_voltage,3.82,2026-07-26T00:42:32.273Z
sensor.xiao_sensor_xiao_12d7dc_battery_voltage,3.83,2026-07-26T00:43:16.977Z
sensor.xiao_sensor_xiao_12d7dc_battery_voltage,3.82,2026-07-26T00:43:39.357Z
sensor.xiao_sensor_xiao_12d7dc_battery_voltage,3.83,2026-07-26T00:43:50.525Z
sensor.xiao_sensor_xiao_12d7dc_battery_voltage,3.82,2026-07-26T00:44:01.690Z
sensor.xiao_sensor_xiao_12d7dc_battery_voltage,3.83,2026-07-26T00:45:19.861Z
sensor.xiao_sensor_xiao_12d7dc_battery_voltage,3.82,2026-07-26T00:45:31.085Z
sensor.xiao_sensor_xiao_12d7dc_battery_voltage,3.83,2026-07-26T00:45:53.413Z
sensor.xiao_sensor_xiao_12d7dc_battery_voltage,3.82,2026-07-26T00:46:04.594Z
sensor.xiao_sensor_xiao_12d7dc_battery_voltage,3.83,2026-07-26T00:46:15.752Z
sensor.xiao_sensor_xiao_12d7dc_battery_voltage,3.82,2026-07-26T00:46:26.933Z
sensor.xiao_sensor_xiao_12d7dc_battery_voltage,3.83,2026-07-26T00:47:00.930Z
sensor.xiao_sensor_xiao_12d7dc_battery_voltage,3.82,2026-07-26T00:47:12.137Z
sensor.xiao_sensor_xiao_12d7dc_battery_voltage,3.83,2026-07-26T00:49:49.206Z
sensor.xiao_sensor_xiao_12d7dc_battery_voltage,3.82,2026-07-26T00:50:00.431Z
sensor.xiao_sensor_xiao_12d7dc_battery_voltage,3.83,2026-07-26T00:50:22.821Z
sensor.xiao_sensor_xiao_12d7dc_battery_voltage,3.82,2026-07-26T00:50:34.238Z
sensor.xiao_sensor_xiao_12d7dc_battery_voltage,3.83,2026-07-26T00:51:20.366Z
sensor.xiao_sensor_xiao_12d7dc_battery_voltage,3.82,2026-07-26T00:51:31.589Z
sensor.xiao_sensor_xiao_12d7dc_battery_voltage,3.81,2026-07-26T00:57:19.173Z
sensor.xiao_sensor_xiao_12d7dc_battery_voltage,3.82,2026-07-26T00:57:30.342Z
sensor.xiao_sensor_xiao_12d7dc_battery_voltage,3.78,2026-07-26T01:24:38.018Z
sensor.xiao_sensor_xiao_12d7dc_battery_voltage,3.82,2026-07-26T01:24:49.174Z
sensor.xiao_sensor_xiao_12d7dc_battery_voltage,3.81,2026-07-26T01:49:54.793Z
sensor.xiao_sensor_xiao_12d7dc_battery_voltage,3.82,2026-07-26T01:50:05.945Z
sensor.xiao_sensor_xiao_12d7dc_battery_voltage,3.81,2026-07-26T01:58:08.525Z
sensor.xiao_sensor_xiao_12d7dc_battery_voltage,3.82,2026-07-26T01:58:19.689Z
sensor.xiao_sensor_xiao_12d7dc_battery_voltage,3.81,2026-07-26T01:59:49.537Z
sensor.xiao_sensor_xiao_12d7dc_battery_voltage,3.82,2026-07-26T02:00:00.774Z
sensor.xiao_sensor_xiao_12d7dc_battery_voltage,3.81,2026-07-26T02:00:23.118Z
sensor.xiao_sensor_xiao_12d7dc_battery_voltage,3.82,2026-07-26T02:00:35.319Z
sensor.xiao_sensor_xiao_12d7dc_battery_voltage,3.81,2026-07-26T02:00:46.468Z
sensor.xiao_sensor_xiao_12d7dc_battery_voltage,3.82,2026-07-26T02:00:57.649Z
sensor.xiao_sensor_xiao_12d7dc_battery_voltage,3.81,2026-07-26T02:02:27.685Z
sensor.xiao_sensor_xiao_12d7dc_battery_voltage,3.82,2026-07-26T02:02:50.012Z
sensor.xiao_sensor_xiao_12d7dc_battery_voltage,3.81,2026-07-26T02:03:12.341Z
sensor.xiao_sensor_xiao_12d7dc_battery_voltage,3.82,2026-07-26T02:03:34.695Z
sensor.xiao_sensor_xiao_12d7dc_battery_voltage,3.81,2026-07-26T02:03:57.028Z
sensor.xiao_sensor_xiao_12d7dc_battery_voltage,3.82,2026-07-26T02:04:08.237Z
sensor.xiao_sensor_xiao_12d7dc_battery_voltage,3.81,2026-07-26T02:04:19.403Z
sensor.xiao_sensor_xiao_12d7dc_battery_voltage,3.82,2026-07-26T02:04:30.582Z
sensor.xiao_sensor_xiao_12d7dc_battery_voltage,3.81,2026-07-26T02:04:41.748Z
sensor.xiao_sensor_xiao_12d7dc_battery_voltage,3.82,2026-07-26T02:04:52.913Z
sensor.xiao_sensor_xiao_12d7dc_battery_voltage,3.81,2026-07-26T02:05:04.092Z
sensor.xiao_sensor_xiao_12d7dc_battery_voltage,3.82,2026-07-26T02:05:49.091Z
sensor.xiao_sensor_xiao_12d7dc_battery_voltage,3.81,2026-07-26T02:06:00.317Z
sensor.xiao_sensor_xiao_12d7dc_battery_voltage,3.82,2026-07-26T02:06:11.487Z
sensor.xiao_sensor_xiao_12d7dc_battery_voltage,3.81,2026-07-26T02:06:33.806Z
sensor.xiao_sensor_xiao_12d7dc_battery_voltage,3.82,2026-07-26T02:06:44.982Z
sensor.xiao_sensor_xiao_12d7dc_battery_voltage,3.81,2026-07-26T02:06:56.144Z
sensor.xiao_sensor_xiao_12d7dc_battery_voltage,3.82,2026-07-26T02:07:07.547Z
sensor.xiao_sensor_xiao_12d7dc_battery_voltage,3.81,2026-07-26T02:07:18.713Z
sensor.xiao_sensor_xiao_12d7dc_battery_voltage,3.82,2026-07-26T02:07:29.876Z
sensor.xiao_sensor_xiao_12d7dc_battery_voltage,3.81,2026-07-26T02:07:41.049Z
sensor.xiao_sensor_xiao_12d7dc_battery_voltage,3.82,2026-07-26T02:07:52.212Z
sensor.xiao_sensor_xiao_12d7dc_battery_voltage,3.81,2026-07-26T02:08:15.823Z
sensor.xiao_sensor_xiao_12d7dc_battery_voltage,3.82,2026-07-26T02:08:38.136Z
sensor.xiao_sensor_xiao_12d7dc_battery_voltage,3.81,2026-07-26T02:08:49.305Z
sensor.xiao_sensor_xiao_12d7dc_battery_voltage,3.82,2026-07-26T02:09:23.136Z
sensor.xiao_sensor_xiao_12d7dc_battery_voltage,3.81,2026-07-26T02:09:34.300Z
sensor.xiao_sensor_xiao_12d7dc_battery_voltage,3.82,2026-07-26T02:09:56.655Z
sensor.xiao_sensor_xiao_12d7dc_battery_voltage,3.81,2026-07-26T02:10:07.836Z
sensor.xiao_sensor_xiao_12d7dc_battery_voltage,3.82,2026-07-26T02:10:52.600Z
sensor.xiao_sensor_xiao_12d7dc_battery_voltage,3.81,2026-07-26T02:11:04.063Z
sensor.xiao_sensor_xiao_12d7dc_battery_voltage,3.8,2026-07-26T02:12:11.615Z
sensor.xiao_sensor_xiao_12d7dc_battery_voltage,3.81,2026-07-26T02:12:22.806Z
sensor.xiao_sensor_xiao_12d7dc_battery_voltage,3.82,2026-07-26T02:12:45.137Z
sensor.xiao_sensor_xiao_12d7dc_battery_voltage,3.81,2026-07-26T02:12:56.529Z
sensor.xiao_sensor_xiao_12d7dc_battery_voltage,3.82,2026-07-26T02:14:03.720Z
sensor.xiao_sensor_xiao_12d7dc_battery_voltage,3.81,2026-07-26T02:14:14.880Z
sensor.xiao_sensor_xiao_12d7dc_battery_voltage,3.82,2026-07-26T02:15:10.976Z
sensor.xiao_sensor_xiao_12d7dc_battery_voltage,3.81,2026-07-26T02:15:33.544Z
sensor.xiao_sensor_xiao_12d7dc_battery_voltage,3.8,2026-07-26T02:52:28.341Z
sensor.xiao_sensor_xiao_12d7dc_battery_voltage,3.81,2026-07-26T02:52:39.527Z
sensor.xiao_sensor_xiao_12d7dc_battery_voltage,3.8,2026-07-26T02:56:13.958Z
sensor.xiao_sensor_xiao_12d7dc_battery_voltage,3.81,2026-07-26T02:56:25.141Z
sensor.xiao_sensor_xiao_12d7dc_battery_voltage,3.8,2026-07-26T02:57:54.968Z
sensor.xiao_sensor_xiao_12d7dc_battery_voltage,3.81,2026-07-26T02:58:06.193Z
sensor.xiao_sensor_xiao_12d7dc_battery_voltage,3.8,2026-07-26T02:58:17.352Z
sensor.xiao_sensor_xiao_12d7dc_battery_voltage,3.81,2026-07-26T02:58:28.521Z
sensor.xiao_sensor_xiao_12d7dc_battery_voltage,3.8,2026-07-26T02:59:02.477Z
sensor.xiao_sensor_xiao_12d7dc_battery_voltage,3.81,2026-07-26T02:59:24.838Z
sensor.xiao_sensor_xiao_12d7dc_battery_voltage,3.8,2026-07-26T02:59:35.968Z
sensor.xiao_sensor_xiao_12d7dc_battery_voltage,3.81,2026-07-26T02:59:47.467Z
sensor.xiao_sensor_xiao_12d7dc_battery_voltage,3.8,2026-07-26T02:59:58.640Z
sensor.xiao_sensor_xiao_12d7dc_battery_voltage,3.81,2026-07-26T03:00:09.820Z
sensor.xiao_sensor_xiao_12d7dc_battery_voltage,3.8,2026-07-26T03:00:21.236Z
sensor.xiao_sensor_xiao_12d7dc_battery_voltage,3.81,2026-07-26T03:00:32.413Z
sensor.xiao_sensor_xiao_12d7dc_battery_voltage,3.8,2026-07-26T03:01:06.059Z
sensor.xiao_sensor_xiao_12d7dc_battery_voltage,3.81,2026-07-26T03:01:17.469Z
sensor.xiao_sensor_xiao_12d7dc_battery_voltage,3.8,2026-07-26T03:01:28.629Z
sensor.xiao_sensor_xiao_12d7dc_battery_voltage,3.81,2026-07-26T03:01:39.800Z
sensor.xiao_sensor_xiao_12d7dc_battery_voltage,3.8,2026-07-26T03:02:35.685Z
sensor.xiao_sensor_xiao_12d7dc_battery_voltage,3.81,2026-07-26T03:02:46.854Z
sensor.xiao_sensor_xiao_12d7dc_battery_voltage,3.8,2026-07-26T03:03:31.806Z
sensor.xiao_sensor_xiao_12d7dc_battery_voltage,3.81,2026-07-26T03:03:42.956Z
sensor.xiao_sensor_xiao_12d7dc_battery_voltage,3.8,2026-07-26T03:03:54.134Z
sensor.xiao_sensor_xiao_12d7dc_battery_voltage,3.81,2026-07-26T03:04:05.289Z
sensor.xiao_sensor_xiao_12d7dc_battery_voltage,3.8,2026-07-26T03:05:12.770Z
sensor.xiao_sensor_xiao_12d7dc_battery_voltage,3.81,2026-07-26T03:05:57.521Z
sensor.xiao_sensor_xiao_12d7dc_battery_voltage,3.8,2026-07-26T03:06:19.913Z
sensor.xiao_sensor_xiao_12d7dc_battery_voltage,3.81,2026-07-26T03:06:31.080Z
sensor.xiao_sensor_xiao_12d7dc_battery_voltage,3.8,2026-07-26T03:07:17.307Z
sensor.xiao_sensor_xiao_12d7dc_battery_voltage,3.81,2026-07-26T03:07:39.693Z
sensor.xiao_sensor_xiao_12d7dc_battery_voltage,3.8,2026-07-26T03:07:50.854Z
sensor.xiao_sensor_xiao_12d7dc_battery_voltage,3.81,2026-07-26T03:08:24.377Z
sensor.xiao_sensor_xiao_12d7dc_battery_voltage,3.8,2026-07-26T03:08:35.542Z
sensor.xiao_sensor_xiao_12d7dc_battery_voltage,3.81,2026-07-26T03:08:59.129Z
sensor.xiao_sensor_xiao_12d7dc_battery_voltage,3.8,2026-07-26T03:09:10.315Z
sensor.xiao_sensor_xiao_12d7dc_battery_voltage,3.81,2026-07-26T03:11:13.231Z
sensor.xiao_sensor_xiao_12d7dc_battery_voltage,3.8,2026-07-26T03:11:24.408Z
sensor.xiao_sensor_xiao_12d7dc_battery_voltage,3.81,2026-07-26T03:12:31.813Z
sensor.xiao_sensor_xiao_12d7dc_battery_voltage,3.8,2026-07-26T03:12:42.988Z
sensor.xiao_sensor_xiao_12d7dc_battery_voltage,3.77,2026-07-26T03:43:06.054Z
sensor.xiao_sensor_xiao_12d7dc_battery_voltage,3.8,2026-07-26T03:43:17.235Z
sensor.xiao_sensor_xiao_12d7dc_battery_voltage,3.78,2026-07-26T03:55:51.987Z
sensor.xiao_sensor_xiao_12d7dc_battery_voltage,3.8,2026-07-26T03:56:03.163Z
sensor.xiao_sensor_xiao_12d7dc_battery_voltage,3.79,2026-07-26T03:56:37.048Z
sensor.xiao_sensor_xiao_12d7dc_battery_voltage,3.8,2026-07-26T03:56:48.222Z
sensor.xiao_sensor_xiao_12d7dc_battery_voltage,3.79,2026-07-26T03:56:59.389Z
sensor.xiao_sensor_xiao_12d7dc_battery_voltage,3.8,2026-07-26T03:57:10.946Z
sensor.xiao_sensor_xiao_12d7dc_battery_voltage,3.79,2026-07-26T03:57:33.649Z
sensor.xiao_sensor_xiao_12d7dc_battery_voltage,3.8,2026-07-26T03:58:07.423Z
sensor.xiao_sensor_xiao_12d7dc_battery_voltage,3.79,2026-07-26T03:58:40.974Z
sensor.xiao_sensor_xiao_12d7dc_battery_voltage,3.8,2026-07-26T03:59:03.341Z
sensor.xiao_sensor_xiao_12d7dc_battery_voltage,3.79,2026-07-26T03:59:26.224Z
sensor.xiao_sensor_xiao_12d7dc_battery_voltage,3.8,2026-07-26T03:59:37.404Z
sensor.xiao_sensor_xiao_12d7dc_battery_voltage,3.79,2026-07-26T03:59:59.737Z
sensor.xiao_sensor_xiao_12d7dc_battery_voltage,3.8,2026-07-26T04:00:10.961Z
sensor.xiao_sensor_xiao_12d7dc_battery_voltage,3.79,2026-07-26T04:00:45.028Z
sensor.xiao_sensor_xiao_12d7dc_battery_voltage,3.8,2026-07-26T04:01:30.327Z
sensor.xiao_sensor_xiao_12d7dc_battery_voltage,3.79,2026-07-26T04:02:04.193Z
sensor.xiao_sensor_xiao_12d7dc_battery_voltage,3.8,2026-07-26T04:02:38.151Z
sensor.xiao_sensor_xiao_12d7dc_battery_voltage,3.79,2026-07-26T04:03:00.515Z
sensor.xiao_sensor_xiao_12d7dc_battery_voltage,3.8,2026-07-26T04:05:37.417Z
sensor.xiao_sensor_xiao_12d7dc_battery_voltage,3.79,2026-07-26T04:05:48.634Z
sensor.xiao_sensor_xiao_12d7dc_battery_voltage,3.8,2026-07-26T04:06:45.058Z
sensor.xiao_sensor_xiao_12d7dc_battery_voltage,3.79,2026-07-26T04:06:56.228Z
sensor.xiao_sensor_xiao_12d7dc_battery_voltage,3.78,2026-07-26T04:11:38.942Z
sensor.xiao_sensor_xiao_12d7dc_battery_voltage,3.79,2026-07-26T04:11:50.091Z
sensor.xiao_sensor_xiao_12d7dc_battery_voltage,3.78,2026-07-26T04:37:13.076Z
sensor.xiao_sensor_xiao_12d7dc_battery_voltage,3.79,2026-07-26T04:37:35.661Z
sensor.xiao_sensor_xiao_12d7dc_battery_voltage,3.78,2026-07-26T04:44:12.425Z
sensor.xiao_sensor_xiao_12d7dc_battery_voltage,3.79,2026-07-26T04:44:23.590Z
sensor.xiao_sensor_xiao_12d7dc_battery_voltage,3.78,2026-07-26T04:46:39.022Z
sensor.xiao_sensor_xiao_12d7dc_battery_voltage,3.79,2026-07-26T04:46:50.205Z
sensor.xiao_sensor_xiao_12d7dc_battery_voltage,3.78,2026-07-26T04:48:42.590Z
sensor.xiao_sensor_xiao_12d7dc_battery_voltage,3.79,2026-07-26T04:48:53.775Z
sensor.xiao_sensor_xiao_12d7dc_battery_voltage,3.78,2026-07-26T04:51:08.118Z
sensor.xiao_sensor_xiao_12d7dc_battery_voltage,3.79,2026-07-26T04:51:19.332Z
sensor.xiao_sensor_xiao_12d7dc_battery_voltage,3.78,2026-07-26T04:52:38.169Z
sensor.xiao_sensor_xiao_12d7dc_battery_voltage,3.79,2026-07-26T04:52:49.410Z
sensor.xiao_sensor_xiao_12d7dc_battery_voltage,3.78,2026-07-26T04:53:23.057Z
sensor.xiao_sensor_xiao_12d7dc_battery_voltage,3.79,2026-07-26T04:53:45.873Z
sensor.xiao_sensor_xiao_12d7dc_battery_voltage,3.78,2026-07-26T04:53:57.045Z
sensor.xiao_sensor_xiao_12d7dc_battery_voltage,3.79,2026-07-26T04:54:30.682Z
sensor.xiao_sensor_xiao_12d7dc_battery_voltage,3.78,2026-07-26T04:55:27.139Z
sensor.xiao_sensor_xiao_12d7dc_battery_voltage,3.79,2026-07-26T04:55:38.330Z
sensor.xiao_sensor_xiao_12d7dc_battery_voltage,3.78,2026-07-26T04:56:00.941Z
sensor.xiao_sensor_xiao_12d7dc_battery_voltage,3.79,2026-07-26T04:56:23.548Z
sensor.xiao_sensor_xiao_12d7dc_battery_voltage,3.78,2026-07-26T04:57:08.566Z
sensor.xiao_sensor_xiao_12d7dc_battery_voltage,3.79,2026-07-26T04:57:19.751Z
sensor.xiao_sensor_xiao_12d7dc_battery_voltage,3.78,2026-07-26T04:57:30.930Z
sensor.xiao_sensor_xiao_12d7dc_battery_voltage,3.79,2026-07-26T04:57:42.093Z
sensor.xiao_sensor_xiao_12d7dc_battery_voltage,3.78,2026-07-26T04:57:53.572Z
sensor.xiao_sensor_xiao_12d7dc_battery_voltage,3.79,2026-07-26T04:58:38.543Z
sensor.xiao_sensor_xiao_12d7dc_battery_voltage,3.78,2026-07-26T04:58:49.714Z
sensor.xiao_sensor_xiao_12d7dc_battery_voltage,3.79,2026-07-26T04:59:12.386Z
sensor.xiao_sensor_xiao_12d7dc_battery_voltage,3.78,2026-07-26T04:59:23.552Z
sensor.xiao_sensor_xiao_12d7dc_battery_voltage,3.79,2026-07-26T04:59:45.993Z
sensor.xiao_sensor_xiao_12d7dc_battery_voltage,3.78,2026-07-26T05:00:08.633Z
sensor.xiao_sensor_xiao_12d7dc_battery_voltage,3.79,2026-07-26T05:00:42.484Z
sensor.xiao_sensor_xiao_12d7dc_battery_voltage,3.78,2026-07-26T05:00:53.746Z
sensor.xiao_sensor_xiao_12d7dc_battery_voltage,3.79,2026-07-26T05:01:04.990Z
sensor.xiao_sensor_xiao_12d7dc_battery_voltage,3.78,2026-07-26T05:01:16.163Z
sensor.xiao_sensor_xiao_12d7dc_battery_voltage,3.79,2026-07-26T05:02:34.948Z
sensor.xiao_sensor_xiao_12d7dc_battery_voltage,3.78,2026-07-26T05:02:46.111Z
sensor.xiao_sensor_xiao_12d7dc_battery_voltage,3.79,2026-07-26T05:02:57.553Z
sensor.xiao_sensor_xiao_12d7dc_battery_voltage,3.78,2026-07-26T05:03:08.730Z
sensor.xiao_sensor_xiao_12d7dc_battery_voltage,3.79,2026-07-26T05:07:16.905Z
sensor.xiao_sensor_xiao_12d7dc_battery_voltage,3.78,2026-07-26T05:07:28.085Z
sensor.xiao_sensor_xiao_12d7dc_battery_voltage,3.77,2026-07-26T05:48:28.626Z
sensor.xiao_sensor_xiao_12d7dc_battery_voltage,3.78,2026-07-26T05:48:40.075Z
sensor.xiao_sensor_xiao_12d7dc_battery_voltage,3.77,2026-07-26T05:54:29.880Z
sensor.xiao_sensor_xiao_12d7dc_battery_voltage,3.78,2026-07-26T05:54:41.308Z
sensor.xiao_sensor_xiao_12d7dc_battery_voltage,3.77,2026-07-26T05:58:15.805Z
sensor.xiao_sensor_xiao_12d7dc_battery_voltage,3.78,2026-07-26T05:58:26.972Z
sensor.xiao_sensor_xiao_12d7dc_battery_voltage,3.77,2026-07-26T05:58:49.429Z
sensor.xiao_sensor_xiao_12d7dc_battery_voltage,3.78,2026-07-26T05:59:00.709Z
sensor.xiao_sensor_xiao_12d7dc_battery_voltage,3.77,2026-07-26T06:00:08.119Z
sensor.xiao_sensor_xiao_12d7dc_battery_voltage,3.78,2026-07-26T06:00:19.523Z
sensor.xiao_sensor_xiao_12d7dc_battery_voltage,3.77,2026-07-26T06:00:30.971Z
sensor.xiao_sensor_xiao_12d7dc_battery_voltage,3.78,2026-07-26T06:00:42.138Z
sensor.xiao_sensor_xiao_12d7dc_battery_voltage,3.77,2026-07-26T06:01:49.571Z
sensor.xiao_sensor_xiao_12d7dc_battery_voltage,3.78,2026-07-26T06:02:01.076Z
sensor.xiao_sensor_xiao_12d7dc_battery_voltage,3.77,2026-07-26T06:02:12.273Z
sensor.xiao_sensor_xiao_12d7dc_battery_voltage,3.78,2026-07-26T06:02:34.628Z
sensor.xiao_sensor_xiao_12d7dc_battery_voltage,3.77,2026-07-26T06:02:57.086Z
sensor.xiao_sensor_xiao_12d7dc_battery_voltage,3.78,2026-07-26T06:03:08.281Z
sensor.xiao_sensor_xiao_12d7dc_battery_voltage,3.77,2026-07-26T06:03:30.709Z
sensor.xiao_sensor_xiao_12d7dc_battery_voltage,3.78,2026-07-26T06:03:41.871Z
sensor.xiao_sensor_xiao_12d7dc_battery_voltage,3.77,2026-07-26T06:04:49.568Z
sensor.xiao_sensor_xiao_12d7dc_battery_voltage,3.78,2026-07-26T06:05:34.533Z
sensor.xiao_sensor_xiao_12d7dc_battery_voltage,3.77,2026-07-26T06:05:56.851Z
sensor.xiao_sensor_xiao_12d7dc_battery_voltage,3.73,2026-07-26T06:06:41.615Z
sensor.xiao_sensor_xiao_12d7dc_battery_voltage,3.77,2026-07-26T06:06:52.844Z
sensor.xiao_sensor_xiao_12d7dc_battery_voltage,3.78,2026-07-26T06:07:15.208Z
sensor.xiao_sensor_xiao_12d7dc_battery_voltage,3.77,2026-07-26T06:07:26.391Z
sensor.xiao_sensor_xiao_12d7dc_battery_voltage,3.78,2026-07-26T06:08:22.792Z
sensor.xiao_sensor_xiao_12d7dc_battery_voltage,3.77,2026-07-26T06:09:19.160Z
sensor.xiao_sensor_xiao_12d7dc_battery_voltage,3.78,2026-07-26T06:10:04.149Z
sensor.xiao_sensor_xiao_12d7dc_battery_voltage,3.77,2026-07-26T06:10:15.316Z
sensor.xiao_sensor_xiao_12d7dc_battery_voltage,3.78,2026-07-26T06:12:30.277Z
sensor.xiao_sensor_xiao_12d7dc_battery_voltage,3.77,2026-07-26T06:12:41.448Z
sensor.xiao_sensor_xiao_12d7dc_battery_voltage,3.78,2026-07-26T06:14:55.934Z
sensor.xiao_sensor_xiao_12d7dc_battery_voltage,3.77,2026-07-26T06:15:07.168Z
sensor.xiao_sensor_xiao_12d7dc_battery_voltage,3.78,2026-07-26T06:16:59.110Z
sensor.xiao_sensor_xiao_12d7dc_battery_voltage,3.77,2026-07-26T06:17:10.516Z
sensor.xiao_sensor_xiao_12d7dc_battery_voltage,3.73,2026-07-26T06:47:33.417Z
sensor.xiao_sensor_xiao_12d7dc_battery_voltage,3.77,2026-07-26T06:47:44.647Z
sensor.xiao_sensor_xiao_12d7dc_battery_voltage,3.76,2026-07-26T07:12:41.865Z
sensor.xiao_sensor_xiao_12d7dc_battery_voltage,3.77,2026-07-26T07:13:15.712Z
sensor.xiao_sensor_xiao_12d7dc_battery_voltage,3.76,2026-07-26T07:13:26.883Z
sensor.xiao_sensor_xiao_12d7dc_battery_voltage,3.77,2026-07-26T07:13:38.044Z
sensor.xiao_sensor_xiao_12d7dc_battery_voltage,3.76,2026-07-26T07:15:30.811Z
sensor.xiao_sensor_xiao_12d7dc_battery_voltage,3.77,2026-07-26T07:15:53.412Z
sensor.xiao_sensor_xiao_12d7dc_battery_voltage,3.76,2026-07-26T07:16:38.091Z
sensor.xiao_sensor_xiao_12d7dc_battery_voltage,3.77,2026-07-26T07:17:00.450Z
sensor.xiao_sensor_xiao_12d7dc_battery_voltage,3.76,2026-07-26T07:17:46.178Z
sensor.xiao_sensor_xiao_12d7dc_battery_voltage,3.77,2026-07-26T07:17:57.344Z
sensor.xiao_sensor_xiao_12d7dc_battery_voltage,3.76,2026-07-26T07:18:08.514Z
sensor.xiao_sensor_xiao_12d7dc_battery_voltage,3.77,2026-07-26T07:18:42.264Z
sensor.xiao_sensor_xiao_12d7dc_battery_voltage,3.76,2026-07-26T07:18:53.441Z
sensor.xiao_sensor_xiao_12d7dc_battery_voltage,3.77,2026-07-26T07:19:04.621Z
sensor.xiao_sensor_xiao_12d7dc_battery_voltage,3.76,2026-07-26T07:19:49.587Z
sensor.xiao_sensor_xiao_12d7dc_battery_voltage,3.77,2026-07-26T07:20:00.827Z
sensor.xiao_sensor_xiao_12d7dc_battery_voltage,3.76,2026-07-26T07:20:12.003Z
sensor.xiao_sensor_xiao_12d7dc_battery_voltage,3.77,2026-07-26T07:20:23.210Z
sensor.xiao_sensor_xiao_12d7dc_battery_voltage,3.76,2026-07-26T07:20:45.804Z
sensor.xiao_sensor_xiao_12d7dc_battery_voltage,3.77,2026-07-26T07:20:57.082Z
sensor.xiao_sensor_xiao_12d7dc_battery_voltage,3.76,2026-07-26T07:21:19.782Z
sensor.xiao_sensor_xiao_12d7dc_battery_voltage,3.77,2026-07-26T07:21:31.041Z
sensor.xiao_sensor_xiao_12d7dc_battery_voltage,3.76,2026-07-26T07:21:53.380Z
sensor.xiao_sensor_xiao_12d7dc_battery_voltage,3.77,2026-07-26T07:22:04.558Z
sensor.xiao_sensor_xiao_12d7dc_battery_voltage,3.76,2026-07-26T07:22:38.122Z
sensor.xiao_sensor_xiao_12d7dc_battery_voltage,3.77,2026-07-26T07:23:00.460Z
sensor.xiao_sensor_xiao_12d7dc_battery_voltage,3.76,2026-07-26T07:23:11.638Z
sensor.xiao_sensor_xiao_12d7dc_battery_voltage,3.77,2026-07-26T07:23:22.870Z
sensor.xiao_sensor_xiao_12d7dc_battery_voltage,3.76,2026-07-26T07:23:35.178Z
sensor.xiao_sensor_xiao_12d7dc_battery_voltage,3.77,2026-07-26T07:25:05.701Z
sensor.xiao_sensor_xiao_12d7dc_battery_voltage,3.76,2026-07-26T07:25:28.379Z
sensor.xiao_sensor_xiao_12d7dc_battery_voltage,3.77,2026-07-26T07:25:39.602Z
sensor.xiao_sensor_xiao_12d7dc_battery_voltage,3.76,2026-07-26T07:26:13.353Z
sensor.xiao_sensor_xiao_12d7dc_battery_voltage,3.77,2026-07-26T07:26:58.731Z
sensor.xiao_sensor_xiao_12d7dc_battery_voltage,3.76,2026-07-26T07:27:09.940Z
sensor.xiao_sensor_xiao_12d7dc_battery_voltage,3.77,2026-07-26T07:27:21.146Z
sensor.xiao_sensor_xiao_12d7dc_battery_voltage,3.76,2026-07-26T07:27:32.581Z
sensor.xiao_sensor_xiao_12d7dc_battery_voltage,3.77,2026-07-26T07:29:13.608Z
sensor.xiao_sensor_xiao_12d7dc_battery_voltage,3.76,2026-07-26T07:29:35.958Z
sensor.xiao_sensor_xiao_12d7dc_battery_voltage,3.77,2026-07-26T07:29:58.854Z
sensor.xiao_sensor_xiao_12d7dc_battery_voltage,3.76,2026-07-26T07:30:43.654Z
sensor.xiao_sensor_xiao_12d7dc_battery_voltage,3.77,2026-07-26T07:31:51.081Z
sensor.xiao_sensor_xiao_12d7dc_battery_voltage,3.76,2026-07-26T07:32:02.537Z
sensor.xiao_sensor_xiao_12d7dc_battery_voltage,3.77,2026-07-26T07:32:36.602Z
sensor.xiao_sensor_xiao_12d7dc_battery_voltage,3.76,2026-07-26T07:32:48.049Z
sensor.xiao_sensor_xiao_12d7dc_battery_voltage,3.77,2026-07-26T07:33:33.317Z
sensor.xiao_sensor_xiao_12d7dc_battery_voltage,3.76,2026-07-26T07:33:44.469Z
sensor.xiao_sensor_xiao_12d7dc_battery_voltage,3.77,2026-07-26T07:34:18.240Z
sensor.xiao_sensor_xiao_12d7dc_battery_voltage,3.76,2026-07-26T07:34:29.402Z
sensor.xiao_sensor_xiao_12d7dc_battery_voltage,3.74,2026-07-26T07:42:32.688Z
sensor.xiao_sensor_xiao_12d7dc_battery_voltage,3.76,2026-07-26T07:42:43.874Z
sensor.xiao_sensor_xiao_12d7dc_battery_voltage,3.75,2026-07-26T08:35:38.660Z
sensor.xiao_sensor_xiao_12d7dc_battery_voltage,3.76,2026-07-26T08:35:49.914Z
sensor.xiao_sensor_xiao_12d7dc_battery_voltage,3.75,2026-07-26T08:45:36.072Z
sensor.xiao_sensor_xiao_12d7dc_battery_voltage,3.76,2026-07-26T08:45:47.306Z
sensor.xiao_sensor_xiao_12d7dc_battery_voltage,3.75,2026-07-26T08:46:54.818Z
sensor.xiao_sensor_xiao_12d7dc_battery_voltage,3.76,2026-07-26T08:47:05.996Z
sensor.xiao_sensor_xiao_12d7dc_battery_voltage,3.75,2026-07-26T08:49:43.509Z
sensor.xiao_sensor_xiao_12d7dc_battery_voltage,3.76,2026-07-26T08:49:54.679Z
sensor.xiao_sensor_xiao_12d7dc_battery_voltage,3.75,2026-07-26T08:50:17.035Z
sensor.xiao_sensor_xiao_12d7dc_battery_voltage,3.76,2026-07-26T08:50:28.536Z
sensor.xiao_sensor_xiao_12d7dc_battery_voltage,3.75,2026-07-26T08:50:51.169Z
sensor.xiao_sensor_xiao_12d7dc_battery_voltage,3.76,2026-07-26T08:51:13.820Z
sensor.xiao_sensor_xiao_12d7dc_battery_voltage,3.75,2026-07-26T08:51:25.317Z
sensor.xiao_sensor_xiao_12d7dc_battery_voltage,3.76,2026-07-26T08:51:36.450Z
sensor.xiao_sensor_xiao_12d7dc_battery_voltage,3.75,2026-07-26T08:51:47.611Z
sensor.xiao_sensor_xiao_12d7dc_battery_voltage,3.76,2026-07-26T08:52:21.443Z
sensor.xiao_sensor_xiao_12d7dc_battery_voltage,3.75,2026-07-26T08:52:32.613Z
sensor.xiao_sensor_xiao_12d7dc_battery_voltage,3.76,2026-07-26T08:52:54.955Z
sensor.xiao_sensor_xiao_12d7dc_battery_voltage,3.75,2026-07-26T08:53:17.310Z
sensor.xiao_sensor_xiao_12d7dc_battery_voltage,3.76,2026-07-26T08:53:28.547Z
sensor.xiao_sensor_xiao_12d7dc_battery_voltage,3.75,2026-07-26T08:53:39.988Z
sensor.xiao_sensor_xiao_12d7dc_battery_voltage,3.76,2026-07-26T08:54:36.763Z
sensor.xiao_sensor_xiao_12d7dc_battery_voltage,3.75,2026-07-26T08:54:59.101Z
sensor.xiao_sensor_xiao_12d7dc_battery_voltage,3.76,2026-07-26T08:55:10.282Z
sensor.xiao_sensor_xiao_12d7dc_battery_voltage,3.75,2026-07-26T08:55:32.614Z
sensor.xiao_sensor_xiao_12d7dc_battery_voltage,3.76,2026-07-26T08:56:40.189Z
sensor.xiao_sensor_xiao_12d7dc_battery_voltage,3.75,2026-07-26T08:56:51.423Z
sensor.xiao_sensor_xiao_12d7dc_battery_voltage,3.76,2026-07-26T08:58:43.871Z
sensor.xiao_sensor_xiao_12d7dc_battery_voltage,3.75,2026-07-26T08:59:06.477Z
sensor.xiao_sensor_xiao_12d7dc_battery_voltage,3.76,2026-07-26T08:59:51.305Z
sensor.xiao_sensor_xiao_12d7dc_battery_voltage,3.75,2026-07-26T09:00:02.444Z
sensor.xiao_sensor_xiao_12d7dc_battery_voltage,3.76,2026-07-26T09:01:09.713Z
sensor.xiao_sensor_xiao_12d7dc_battery_voltage,3.75,2026-07-26T09:01:32.140Z
sensor.xiao_sensor_xiao_12d7dc_battery_voltage,3.76,2026-07-26T09:04:32.021Z
sensor.xiao_sensor_xiao_12d7dc_battery_voltage,3.75,2026-07-26T09:04:43.512Z
sensor.xiao_sensor_xiao_12d7dc_battery_voltage,3.76,2026-07-26T09:05:06.174Z
sensor.xiao_sensor_xiao_12d7dc_battery_voltage,3.75,2026-07-26T09:05:17.591Z
sensor.xiao_sensor_xiao_12d7dc_battery_voltage,3.76,2026-07-26T09:05:28.765Z
sensor.xiao_sensor_xiao_12d7dc_battery_voltage,3.75,2026-07-26T09:05:51.346Z
sensor.xiao_sensor_xiao_12d7dc_battery_voltage,3.76,2026-07-26T09:07:21.450Z
sensor.xiao_sensor_xiao_12d7dc_battery_voltage,3.75,2026-07-26T09:07:32.614Z
sensor.xiao_sensor_xiao_12d7dc_battery_voltage,3.76,2026-07-26T09:09:24.930Z
sensor.xiao_sensor_xiao_12d7dc_battery_voltage,3.75,2026-07-26T09:09:36.434Z
sensor.xiao_sensor_xiao_12d7dc_battery_voltage,3.74,2026-07-26T09:59:45.821Z
sensor.xiao_sensor_xiao_12d7dc_battery_voltage,3.75,2026-07-26T09:59:56.986Z
sensor.xiao_sensor_xiao_12d7dc_battery_voltage,3.74,2026-07-26T10:06:08.257Z
sensor.xiao_sensor_xiao_12d7dc_battery_voltage,3.75,2026-07-26T10:06:19.484Z
sensor.xiao_sensor_xiao_12d7dc_battery_voltage,3.74,2026-07-26T10:13:26.670Z
sensor.xiao_sensor_xiao_12d7dc_battery_voltage,3.75,2026-07-26T10:13:37.873Z
sensor.xiao_sensor_xiao_12d7dc_battery_voltage,3.74,2026-07-26T10:16:26.472Z
sensor.xiao_sensor_xiao_12d7dc_battery_voltage,3.75,2026-07-26T10:16:37.656Z
sensor.xiao_sensor_xiao_12d7dc_battery_voltage,3.74,2026-07-26T10:18:41.026Z
sensor.xiao_sensor_xiao_12d7dc_battery_voltage,3.75,2026-07-26T10:18:52.197Z
sensor.xiao_sensor_xiao_12d7dc_battery_voltage,3.74,2026-07-26T10:19:48.437Z
sensor.xiao_sensor_xiao_12d7dc_battery_voltage,3.75,2026-07-26T10:19:59.599Z
sensor.xiao_sensor_xiao_12d7dc_battery_voltage,3.74,2026-07-26T10:21:17.863Z
sensor.xiao_sensor_xiao_12d7dc_battery_voltage,3.75,2026-07-26T10:21:29.268Z
sensor.xiao_sensor_xiao_12d7dc_battery_voltage,3.74,2026-07-26T10:21:51.960Z
sensor.xiao_sensor_xiao_12d7dc_battery_voltage,3.75,2026-07-26T10:22:03.120Z
sensor.xiao_sensor_xiao_12d7dc_battery_voltage,3.74,2026-07-26T10:23:45.083Z
sensor.xiao_sensor_xiao_12d7dc_battery_voltage,3.75,2026-07-26T10:23:56.500Z
sensor.xiao_sensor_xiao_12d7dc_battery_voltage,3.74,2026-07-26T10:24:30.347Z
sensor.xiao_sensor_xiao_12d7dc_battery_voltage,3.75,2026-07-26T10:24:41.535Z
sensor.xiao_sensor_xiao_12d7dc_battery_voltage,3.74,2026-07-26T10:24:52.699Z
sensor.xiao_sensor_xiao_12d7dc_battery_voltage,3.75,2026-07-26T10:25:03.867Z
sensor.xiao_sensor_xiao_12d7dc_battery_voltage,3.74,2026-07-26T10:25:15.086Z
sensor.xiao_sensor_xiao_12d7dc_battery_voltage,3.75,2026-07-26T10:25:26.321Z
sensor.xiao_sensor_xiao_12d7dc_battery_voltage,3.74,2026-07-26T10:26:00.178Z
sensor.xiao_sensor_xiao_12d7dc_battery_voltage,3.75,2026-07-26T10:26:11.342Z
sensor.xiao_sensor_xiao_12d7dc_battery_voltage,3.74,2026-07-26T10:26:33.721Z
sensor.xiao_sensor_xiao_12d7dc_battery_voltage,3.75,2026-07-26T10:26:44.885Z
sensor.xiao_sensor_xiao_12d7dc_battery_voltage,3.74,2026-07-26T10:27:29.908Z
sensor.xiao_sensor_xiao_12d7dc_battery_voltage,3.75,2026-07-26T10:27:41.351Z
sensor.xiao_sensor_xiao_12d7dc_battery_voltage,3.74,2026-07-26T10:27:52.509Z
sensor.xiao_sensor_xiao_12d7dc_battery_voltage,3.75,2026-07-26T10:28:03.679Z
sensor.xiao_sensor_xiao_12d7dc_battery_voltage,3.74,2026-07-26T10:28:14.884Z
sensor.xiao_sensor_xiao_12d7dc_battery_voltage,3.75,2026-07-26T10:28:26.078Z
sensor.xiao_sensor_xiao_12d7dc_battery_voltage,3.74,2026-07-26T10:28:48.425Z
sensor.xiao_sensor_xiao_12d7dc_battery_voltage,3.75,2026-07-26T10:28:59.586Z
sensor.xiao_sensor_xiao_12d7dc_battery_voltage,3.74,2026-07-26T10:29:10.761Z
sensor.xiao_sensor_xiao_12d7dc_battery_voltage,3.75,2026-07-26T10:29:21.932Z
sensor.xiao_sensor_xiao_12d7dc_battery_voltage,3.74,2026-07-26T10:29:33.175Z
sensor.xiao_sensor_xiao_12d7dc_battery_voltage,3.75,2026-07-26T10:30:29.165Z
sensor.xiao_sensor_xiao_12d7dc_battery_voltage,3.74,2026-07-26T10:30:40.339Z
sensor.xiao_sensor_xiao_12d7dc_battery_voltage,3.75,2026-07-26T10:31:14.137Z
sensor.xiao_sensor_xiao_12d7dc_battery_voltage,3.74,2026-07-26T10:31:58.797Z
sensor.xiao_sensor_xiao_12d7dc_battery_voltage,3.75,2026-07-26T10:32:09.973Z
sensor.xiao_sensor_xiao_12d7dc_battery_voltage,3.74,2026-07-26T10:32:21.164Z
sensor.xiao_sensor_xiao_12d7dc_battery_voltage,3.75,2026-07-26T10:32:32.341Z
sensor.xiao_sensor_xiao_12d7dc_battery_voltage,3.74,2026-07-26T10:32:55.029Z
sensor.xiao_sensor_xiao_12d7dc_battery_voltage,3.75,2026-07-26T10:33:17.420Z
sensor.xiao_sensor_xiao_12d7dc_battery_voltage,3.74,2026-07-26T10:33:28.590Z
sensor.xiao_sensor_xiao_12d7dc_battery_voltage,3.75,2026-07-26T10:33:51.260Z
sensor.xiao_sensor_xiao_12d7dc_battery_voltage,3.74,2026-07-26T10:34:02.742Z
sensor.xiao_sensor_xiao_12d7dc_battery_voltage,3.75,2026-07-26T10:34:47.995Z
sensor.xiao_sensor_xiao_12d7dc_battery_voltage,3.74,2026-07-26T10:35:10.554Z
sensor.xiao_sensor_xiao_12d7dc_battery_voltage,3.75,2026-07-26T10:35:55.542Z
sensor.xiao_sensor_xiao_12d7dc_battery_voltage,3.74,2026-07-26T10:36:06.701Z
sensor.xiao_sensor_xiao_12d7dc_battery_voltage,3.75,2026-07-26T10:36:29.054Z
sensor.xiao_sensor_xiao_12d7dc_battery_voltage,3.74,2026-07-26T10:36:40.222Z
sensor.xiao_sensor_xiao_12d7dc_battery_voltage,3.75,2026-07-26T10:36:51.733Z
sensor.xiao_sensor_xiao_12d7dc_battery_voltage,3.74,2026-07-26T10:37:02.905Z
sensor.xiao_sensor_xiao_12d7dc_battery_voltage,3.75,2026-07-26T10:38:55.207Z
sensor.xiao_sensor_xiao_12d7dc_battery_voltage,3.74,2026-07-26T10:39:06.387Z
sensor.xiao_sensor_xiao_12d7dc_battery_voltage,3.75,2026-07-26T10:39:17.813Z
sensor.xiao_sensor_xiao_12d7dc_battery_voltage,3.74,2026-07-26T10:39:29.007Z
sensor.xiao_sensor_xiao_12d7dc_battery_voltage,3.75,2026-07-26T10:40:25.575Z
sensor.xiao_sensor_xiao_12d7dc_battery_voltage,3.74,2026-07-26T10:40:36.749Z
sensor.xiao_sensor_xiao_12d7dc_battery_voltage,3.75,2026-07-26T10:40:59.453Z
sensor.xiao_sensor_xiao_12d7dc_battery_voltage,3.74,2026-07-26T10:41:10.632Z
sensor.xiao_sensor_xiao_12d7dc_battery_voltage,3.75,2026-07-26T10:44:10.008Z
sensor.xiao_sensor_xiao_12d7dc_battery_voltage,3.74,2026-07-26T10:44:21.397Z
sensor.xiao_sensor_xiao_12d7dc_battery_voltage,3.75,2026-07-26T10:46:25.426Z
sensor.xiao_sensor_xiao_12d7dc_battery_voltage,3.74,2026-07-26T10:46:36.623Z
sensor.xiao_sensor_xiao_12d7dc_battery_voltage,3.75,2026-07-26T10:55:36.822Z
sensor.xiao_sensor_xiao_12d7dc_battery_voltage,3.74,2026-07-26T10:55:48.073Z
sensor.xiao_sensor_xiao_12d7dc_battery_voltage,3.7,2026-07-26T11:36:20.347Z
sensor.xiao_sensor_xiao_12d7dc_battery_voltage,3.74,2026-07-26T11:36:31.565Z
sensor.xiao_sensor_xiao_12d7dc_battery_voltage,3.73,2026-07-26T11:48:19.191Z
sensor.xiao_sensor_xiao_12d7dc_battery_voltage,3.74,2026-07-26T11:48:30.363Z
sensor.xiao_sensor_xiao_12d7dc_battery_voltage,3.73,2026-07-26T11:48:41.571Z
sensor.xiao_sensor_xiao_12d7dc_battery_voltage,3.74,2026-07-26T11:48:52.732Z
sensor.xiao_sensor_xiao_12d7dc_battery_voltage,3.73,2026-07-26T11:50:23.388Z
sensor.xiao_sensor_xiao_12d7dc_battery_voltage,3.74,2026-07-26T11:50:34.550Z
sensor.xiao_sensor_xiao_12d7dc_battery_voltage,3.73,2026-07-26T11:51:42.038Z
sensor.xiao_sensor_xiao_12d7dc_battery_voltage,3.74,2026-07-26T11:51:53.279Z
sensor.xiao_sensor_xiao_12d7dc_battery_voltage,3.73,2026-07-26T11:52:15.602Z
sensor.xiao_sensor_xiao_12d7dc_battery_voltage,3.74,2026-07-26T11:52:26.783Z
sensor.xiao_sensor_xiao_12d7dc_battery_voltage,3.73,2026-07-26T11:53:22.848Z
sensor.xiao_sensor_xiao_12d7dc_battery_voltage,3.74,2026-07-26T11:53:45.173Z
sensor.xiao_sensor_xiao_12d7dc_battery_voltage,3.73,2026-07-26T11:54:07.524Z
sensor.xiao_sensor_xiao_12d7dc_battery_voltage,3.74,2026-07-26T11:54:19.066Z
sensor.xiao_sensor_xiao_12d7dc_battery_voltage,3.73,2026-07-26T11:55:37.848Z
sensor.xiao_sensor_xiao_12d7dc_battery_voltage,3.74,2026-07-26T11:55:49.074Z
sensor.xiao_sensor_xiao_12d7dc_battery_voltage,3.73,2026-07-26T11:56:00.260Z
sensor.xiao_sensor_xiao_12d7dc_battery_voltage,3.74,2026-07-26T11:56:11.476Z
sensor.xiao_sensor_xiao_12d7dc_battery_voltage,3.73,2026-07-26T11:56:56.502Z
sensor.xiao_sensor_xiao_12d7dc_battery_voltage,3.74,2026-07-26T11:57:07.682Z
sensor.xiao_sensor_xiao_12d7dc_battery_voltage,3.73,2026-07-26T11:57:18.901Z
sensor.xiao_sensor_xiao_12d7dc_battery_voltage,3.74,2026-07-26T11:57:41.264Z
sensor.xiao_sensor_xiao_12d7dc_battery_voltage,3.73,2026-07-26T11:58:14.837Z
sensor.xiao_sensor_xiao_12d7dc_battery_voltage,3.74,2026-07-26T11:58:26.011Z
sensor.xiao_sensor_xiao_12d7dc_battery_voltage,3.73,2026-07-26T11:59:00.008Z
sensor.xiao_sensor_xiao_12d7dc_battery_voltage,3.74,2026-07-26T11:59:11.193Z
sensor.xiao_sensor_xiao_12d7dc_battery_voltage,3.73,2026-07-26T11:59:22.361Z
sensor.xiao_sensor_xiao_12d7dc_battery_voltage,3.74,2026-07-26T11:59:33.553Z
sensor.xiao_sensor_xiao_12d7dc_battery_voltage,3.73,2026-07-26T12:00:07.058Z
sensor.xiao_sensor_xiao_12d7dc_battery_voltage,3.74,2026-07-26T12:01:03.165Z
sensor.xiao_sensor_xiao_12d7dc_battery_voltage,3.73,2026-07-26T12:01:25.879Z
sensor.xiao_sensor_xiao_12d7dc_battery_voltage,3.74,2026-07-26T12:03:09.234Z
sensor.xiao_sensor_xiao_12d7dc_battery_voltage,3.73,2026-07-26T12:03:20.406Z
sensor.xiao_sensor_xiao_12d7dc_battery_voltage,3.74,2026-07-26T12:03:42.770Z
sensor.xiao_sensor_xiao_12d7dc_battery_voltage,3.73,2026-07-26T12:03:54.252Z
sensor.xiao_sensor_xiao_12d7dc_battery_voltage,3.74,2026-07-26T12:04:27.769Z
sensor.xiao_sensor_xiao_12d7dc_battery_voltage,3.73,2026-07-26T12:05:01.303Z
sensor.xiao_sensor_xiao_12d7dc_battery_voltage,3.74,2026-07-26T12:05:12.464Z
sensor.xiao_sensor_xiao_12d7dc_battery_voltage,3.73,2026-07-26T12:05:23.650Z
sensor.xiao_sensor_xiao_12d7dc_battery_voltage,3.74,2026-07-26T12:13:27.487Z
sensor.xiao_sensor_xiao_12d7dc_battery_voltage,3.73,2026-07-26T12:13:38.968Z
sensor.xiao_sensor_xiao_12d7dc_battery_voltage,3.72,2026-07-26T12:46:41.549Z
sensor.xiao_sensor_xiao_12d7dc_battery_voltage,3.73,2026-07-26T12:46:53.023Z
sensor.xiao_sensor_xiao_12d7dc_battery_voltage,3.72,2026-07-26T12:51:23.797Z
sensor.xiao_sensor_xiao_12d7dc_battery_voltage,3.73,2026-07-26T12:51:35.017Z
sensor.xiao_sensor_xiao_12d7dc_battery_voltage,3.72,2026-07-26T12:53:05.285Z
sensor.xiao_sensor_xiao_12d7dc_battery_voltage,3.73,2026-07-26T12:53:16.700Z
sensor.xiao_sensor_xiao_12d7dc_battery_voltage,3.72,2026-07-26T12:55:20.365Z
sensor.xiao_sensor_xiao_12d7dc_battery_voltage,3.73,2026-07-26T12:55:31.638Z
sensor.xiao_sensor_xiao_12d7dc_battery_voltage,3.7,2026-07-26T12:57:35.472Z
sensor.xiao_sensor_xiao_12d7dc_battery_voltage,3.73,2026-07-26T12:57:46.624Z
sensor.xiao_sensor_xiao_12d7dc_battery_voltage,3.72,2026-07-26T12:59:05.136Z
sensor.xiao_sensor_xiao_12d7dc_battery_voltage,3.73,2026-07-26T12:59:27.822Z
sensor.xiao_sensor_xiao_12d7dc_battery_voltage,3.72,2026-07-26T13:01:54.520Z
sensor.xiao_sensor_xiao_12d7dc_battery_voltage,3.73,2026-07-26T13:02:05.739Z
sensor.xiao_sensor_xiao_12d7dc_battery_voltage,3.72,2026-07-26T13:02:17.191Z
sensor.xiao_sensor_xiao_12d7dc_battery_voltage,3.73,2026-07-26T13:02:28.367Z
sensor.xiao_sensor_xiao_12d7dc_battery_voltage,3.72,2026-07-26T13:02:50.839Z
sensor.xiao_sensor_xiao_12d7dc_battery_voltage,3.73,2026-07-26T13:03:01.988Z
sensor.xiao_sensor_xiao_12d7dc_battery_voltage,3.72,2026-07-26T13:05:29.847Z
sensor.xiao_sensor_xiao_12d7dc_battery_voltage,3.73,2026-07-26T13:05:41.028Z
sensor.xiao_sensor_xiao_12d7dc_battery_voltage,3.72,2026-07-26T13:05:52.309Z
sensor.xiao_sensor_xiao_12d7dc_battery_voltage,3.73,2026-07-26T13:06:03.474Z
sensor.xiao_sensor_xiao_12d7dc_battery_voltage,3.72,2026-07-26T13:06:26.120Z
sensor.xiao_sensor_xiao_12d7dc_battery_voltage,3.73,2026-07-26T13:06:37.562Z
sensor.xiao_sensor_xiao_12d7dc_battery_voltage,3.72,2026-07-26T13:06:48.760Z
sensor.xiao_sensor_xiao_12d7dc_battery_voltage,3.73,2026-07-26T13:06:59.950Z
sensor.xiao_sensor_xiao_12d7dc_battery_voltage,3.72,2026-07-26T13:07:33.758Z
sensor.xiao_sensor_xiao_12d7dc_battery_voltage,3.73,2026-07-26T13:07:44.985Z
sensor.xiao_sensor_xiao_12d7dc_battery_voltage,3.72,2026-07-26T13:07:56.217Z
sensor.xiao_sensor_xiao_12d7dc_battery_voltage,3.73,2026-07-26T13:08:18.922Z
sensor.xiao_sensor_xiao_12d7dc_battery_voltage,3.72,2026-07-26T13:08:52.450Z
sensor.xiao_sensor_xiao_12d7dc_battery_voltage,3.73,2026-07-26T13:09:03.625Z
sensor.xiao_sensor_xiao_12d7dc_battery_voltage,3.72,2026-07-26T13:09:14.792Z
sensor.xiao_sensor_xiao_12d7dc_battery_voltage,3.73,2026-07-26T13:09:25.946Z
sensor.xiao_sensor_xiao_12d7dc_battery_voltage,3.72,2026-07-26T13:09:48.773Z
sensor.xiao_sensor_xiao_12d7dc_battery_voltage,3.73,2026-07-26T13:10:00.158Z
sensor.xiao_sensor_xiao_12d7dc_battery_voltage,3.72,2026-07-26T13:10:11.332Z
sensor.xiao_sensor_xiao_12d7dc_battery_voltage,3.73,2026-07-26T13:10:22.508Z
sensor.xiao_sensor_xiao_12d7dc_battery_voltage,3.72,2026-07-26T13:10:33.661Z
sensor.xiao_sensor_xiao_12d7dc_battery_voltage,3.73,2026-07-26T13:10:44.839Z
sensor.xiao_sensor_xiao_12d7dc_battery_voltage,3.72,2026-07-26T13:11:19.395Z
sensor.xiao_sensor_xiao_12d7dc_battery_voltage,3.73,2026-07-26T13:11:41.793Z
sensor.xiao_sensor_xiao_12d7dc_battery_voltage,3.72,2026-07-26T13:11:53.241Z
sensor.xiao_sensor_xiao_12d7dc_battery_voltage,3.73,2026-07-26T13:12:49.917Z
sensor.xiao_sensor_xiao_12d7dc_battery_voltage,3.72,2026-07-26T13:13:12.527Z
sensor.xiao_sensor_xiao_12d7dc_battery_voltage,3.73,2026-07-26T13:13:46.102Z
sensor.xiao_sensor_xiao_12d7dc_battery_voltage,3.72,2026-07-26T13:13:57.517Z
sensor.xiao_sensor_xiao_12d7dc_battery_voltage,3.73,2026-07-26T13:16:34.501Z
sensor.xiao_sensor_xiao_12d7dc_battery_voltage,3.72,2026-07-26T13:16:45.714Z
sensor.xiao_sensor_xiao_12d7dc_battery_voltage,3.73,2026-07-26T13:17:53.327Z
sensor.xiao_sensor_xiao_12d7dc_battery_voltage,3.72,2026-07-26T13:18:04.507Z
sensor.xiao_sensor_xiao_12d7dc_battery_voltage,3.71,2026-07-26T14:19:46.305Z
sensor.xiao_sensor_xiao_12d7dc_battery_voltage,3.72,2026-07-26T14:19:58.486Z
sensor.xiao_sensor_xiao_12d7dc_battery_voltage,3.71,2026-07-26T14:20:43.761Z
sensor.xiao_sensor_xiao_12d7dc_battery_voltage,3.72,2026-07-26T14:20:54.971Z
sensor.xiao_sensor_xiao_12d7dc_battery_voltage,3.71,2026-07-26T14:21:06.421Z
sensor.xiao_sensor_xiao_12d7dc_battery_voltage,3.72,2026-07-26T14:21:17.586Z
sensor.xiao_sensor_xiao_12d7dc_battery_voltage,3.71,2026-07-26T14:21:28.743Z
sensor.xiao_sensor_xiao_12d7dc_battery_voltage,3.72,2026-07-26T14:21:39.918Z
sensor.xiao_sensor_xiao_12d7dc_battery_voltage,3.71,2026-07-26T14:21:51.348Z
sensor.xiao_sensor_xiao_12d7dc_battery_voltage,3.72,2026-07-26T14:22:13.949Z
sensor.xiao_sensor_xiao_12d7dc_battery_voltage,3.71,2026-07-26T14:23:32.197Z
sensor.xiao_sensor_xiao_12d7dc_battery_voltage,3.72,2026-07-26T14:23:54.566Z
sensor.xiao_sensor_xiao_12d7dc_battery_voltage,3.71,2026-07-26T14:24:05.777Z
sensor.xiao_sensor_xiao_12d7dc_battery_voltage,3.72,2026-07-26T14:24:16.997Z
sensor.xiao_sensor_xiao_12d7dc_battery_voltage,3.71,2026-07-26T14:26:09.264Z
sensor.xiao_sensor_xiao_12d7dc_battery_voltage,3.72,2026-07-26T14:26:20.436Z
sensor.xiao_sensor_xiao_12d7dc_battery_voltage,3.71,2026-07-26T14:26:31.600Z
sensor.xiao_sensor_xiao_12d7dc_battery_voltage,3.68,2026-07-26T14:26:42.768Z
sensor.xiao_sensor_xiao_12d7dc_battery_voltage,3.71,2026-07-26T14:26:54.228Z
sensor.xiao_sensor_xiao_12d7dc_battery_voltage,3.72,2026-07-26T14:27:16.908Z
sensor.xiao_sensor_xiao_12d7dc_battery_voltage,3.68,2026-07-26T14:27:50.854Z
sensor.xiao_sensor_xiao_12d7dc_battery_voltage,3.72,2026-07-26T14:28:02.016Z
sensor.xiao_sensor_xiao_12d7dc_battery_voltage,3.71,2026-07-26T14:28:13.182Z
sensor.xiao_sensor_xiao_12d7dc_battery_voltage,3.72,2026-07-26T14:28:24.398Z
sensor.xiao_sensor_xiao_12d7dc_battery_voltage,3.71,2026-07-26T14:28:35.612Z
sensor.xiao_sensor_xiao_12d7dc_battery_voltage,3.72,2026-07-26T14:28:46.769Z
sensor.xiao_sensor_xiao_12d7dc_battery_voltage,3.71,2026-07-26T14:28:57.948Z
sensor.xiao_sensor_xiao_12d7dc_battery_voltage,3.72,2026-07-26T14:29:09.442Z
sensor.xiao_sensor_xiao_12d7dc_battery_voltage,3.71,2026-07-26T14:29:20.619Z
sensor.xiao_sensor_xiao_12d7dc_battery_voltage,3.72,2026-07-26T14:29:31.801Z
sensor.xiao_sensor_xiao_12d7dc_battery_voltage,3.71,2026-07-26T14:29:43.239Z
sensor.xiao_sensor_xiao_12d7dc_battery_voltage,3.72,2026-07-26T14:30:05.875Z
sensor.xiao_sensor_xiao_12d7dc_battery_voltage,3.71,2026-07-26T14:30:17.045Z
sensor.xiao_sensor_xiao_12d7dc_battery_voltage,3.72,2026-07-26T14:30:50.634Z
sensor.xiao_sensor_xiao_12d7dc_battery_voltage,3.71,2026-07-26T14:31:01.818Z
sensor.xiao_sensor_xiao_12d7dc_battery_voltage,3.72,2026-07-26T14:31:12.992Z
sensor.xiao_sensor_xiao_12d7dc_battery_voltage,3.71,2026-07-26T14:31:57.952Z
sensor.xiao_sensor_xiao_12d7dc_battery_voltage,3.72,2026-07-26T14:32:09.417Z
sensor.xiao_sensor_xiao_12d7dc_battery_voltage,3.71,2026-07-26T14:32:20.601Z
sensor.xiao_sensor_xiao_12d7dc_battery_voltage,3.72,2026-07-26T14:32:32.035Z
sensor.xiao_sensor_xiao_12d7dc_battery_voltage,3.71,2026-07-26T14:34:24.182Z
sensor.xiao_sensor_xiao_12d7dc_battery_voltage,3.72,2026-07-26T14:34:46.759Z
sensor.xiao_sensor_xiao_12d7dc_battery_voltage,3.71,2026-07-26T14:35:20.369Z
sensor.xiao_sensor_xiao_12d7dc_battery_voltage,3.72,2026-07-26T14:35:42.718Z
sensor.xiao_sensor_xiao_12d7dc_battery_voltage,3.71,2026-07-26T14:36:16.282Z
sensor.xiao_sensor_xiao_12d7dc_battery_voltage,3.72,2026-07-26T14:36:27.518Z
sensor.xiao_sensor_xiao_12d7dc_battery_voltage,3.71,2026-07-26T14:36:38.742Z
sensor.xiao_sensor_xiao_12d7dc_battery_voltage,3.7,2026-07-26T14:37:12.556Z
sensor.xiao_sensor_xiao_12d7dc_battery_voltage,3.71,2026-07-26T14:37:23.737Z
sensor.xiao_sensor_xiao_12d7dc_battery_voltage,3.72,2026-07-26T14:37:57.730Z
sensor.xiao_sensor_xiao_12d7dc_battery_voltage,3.71,2026-07-26T14:38:20.393Z
sensor.xiao_sensor_xiao_12d7dc_battery_voltage,3.72,2026-07-26T14:38:31.571Z
sensor.xiao_sensor_xiao_12d7dc_battery_voltage,3.71,2026-07-26T14:39:05.124Z
sensor.xiao_sensor_xiao_12d7dc_battery_voltage,3.72,2026-07-26T14:39:27.450Z
sensor.xiao_sensor_xiao_12d7dc_battery_voltage,3.71,2026-07-26T14:39:49.907Z
sensor.xiao_sensor_xiao_12d7dc_battery_voltage,3.72,2026-07-26T14:40:01.066Z
sensor.xiao_sensor_xiao_12d7dc_battery_voltage,3.71,2026-07-26T14:40:12.229Z
sensor.xiao_sensor_xiao_12d7dc_battery_voltage,3.72,2026-07-26T14:41:08.344Z
sensor.xiao_sensor_xiao_12d7dc_battery_voltage,3.71,2026-07-26T14:41:19.520Z
sensor.xiao_sensor_xiao_12d7dc_battery_voltage,3.72,2026-07-26T14:42:16.318Z
sensor.xiao_sensor_xiao_12d7dc_battery_voltage,3.71,2026-07-26T14:42:38.778Z
sensor.xiao_sensor_xiao_12d7dc_battery_voltage,3.72,2026-07-26T14:43:12.413Z
sensor.xiao_sensor_xiao_12d7dc_battery_voltage,3.71,2026-07-26T14:43:23.578Z
sensor.xiao_sensor_xiao_12d7dc_battery_voltage,3.72,2026-07-26T14:43:34.780Z
sensor.xiao_sensor_xiao_12d7dc_battery_voltage,3.71,2026-07-26T14:43:45.944Z
sensor.xiao_sensor_xiao_12d7dc_battery_voltage,3.72,2026-07-26T14:44:19.475Z
sensor.xiao_sensor_xiao_12d7dc_battery_voltage,3.71,2026-07-26T14:44:30.706Z
sensor.xiao_sensor_xiao_12d7dc_battery_voltage,3.72,2026-07-26T14:45:48.993Z
sensor.xiao_sensor_xiao_12d7dc_battery_voltage,3.71,2026-07-26T14:46:00.154Z
sensor.xiao_sensor_xiao_12d7dc_battery_voltage,3.72,2026-07-26T14:47:07.388Z
sensor.xiao_sensor_xiao_12d7dc_battery_voltage,3.71,2026-07-26T14:47:18.555Z
sensor.xiao_sensor_xiao_12d7dc_battery_voltage,3.72,2026-07-26T14:47:29.737Z
sensor.xiao_sensor_xiao_12d7dc_battery_voltage,3.71,2026-07-26T14:47:40.965Z
sensor.xiao_sensor_xiao_12d7dc_battery_voltage,3.72,2026-07-26T14:49:57.693Z
sensor.xiao_sensor_xiao_12d7dc_battery_voltage,3.71,2026-07-26T14:50:09.109Z
sensor.xiao_sensor_xiao_12d7dc_battery_voltage,3.67,2026-07-26T15:19:58.978Z
sensor.xiao_sensor_xiao_12d7dc_battery_voltage,3.71,2026-07-26T15:20:10.144Z
sensor.xiao_sensor_xiao_12d7dc_battery_voltage,3.7,2026-07-26T15:29:20.957Z
sensor.xiao_sensor_xiao_12d7dc_battery_voltage,3.71,2026-07-26T15:29:32.335Z
sensor.xiao_sensor_xiao_12d7dc_battery_voltage,3.7,2026-07-26T15:30:40.233Z
sensor.xiao_sensor_xiao_12d7dc_battery_voltage,3.71,2026-07-26T15:31:14.069Z
sensor.xiao_sensor_xiao_12d7dc_battery_voltage,3.7,2026-07-26T15:32:33.582Z
sensor.xiao_sensor_xiao_12d7dc_battery_voltage,3.71,2026-07-26T15:32:44.754Z
sensor.xiao_sensor_xiao_12d7dc_battery_voltage,3.7,2026-07-26T15:32:56.197Z
sensor.xiao_sensor_xiao_12d7dc_battery_voltage,3.71,2026-07-26T15:33:07.406Z
sensor.xiao_sensor_xiao_12d7dc_battery_voltage,3.7,2026-07-26T15:34:26.256Z
sensor.xiao_sensor_xiao_12d7dc_battery_voltage,3.71,2026-07-26T15:34:37.479Z
sensor.xiao_sensor_xiao_12d7dc_battery_voltage,3.7,2026-07-26T15:34:59.996Z
sensor.xiao_sensor_xiao_12d7dc_battery_voltage,3.71,2026-07-26T15:35:22.604Z
sensor.xiao_sensor_xiao_12d7dc_battery_voltage,3.7,2026-07-26T15:35:56.457Z
sensor.xiao_sensor_xiao_12d7dc_battery_voltage,3.71,2026-07-26T15:36:07.893Z
sensor.xiao_sensor_xiao_12d7dc_battery_voltage,3.7,2026-07-26T15:36:30.534Z
sensor.xiao_sensor_xiao_12d7dc_battery_voltage,3.71,2026-07-26T15:36:52.952Z
sensor.xiao_sensor_xiao_12d7dc_battery_voltage,3.7,2026-07-26T15:37:04.133Z
sensor.xiao_sensor_xiao_12d7dc_battery_voltage,3.71,2026-07-26T15:37:38.291Z
sensor.xiao_sensor_xiao_12d7dc_battery_voltage,3.7,2026-07-26T15:37:49.709Z
sensor.xiao_sensor_xiao_12d7dc_battery_voltage,3.71,2026-07-26T15:38:45.870Z
sensor.xiao_sensor_xiao_12d7dc_battery_voltage,3.7,2026-07-26T15:39:08.495Z
sensor.xiao_sensor_xiao_12d7dc_battery_voltage,3.71,2026-07-26T15:39:19.739Z
sensor.xiao_sensor_xiao_12d7dc_battery_voltage,3.7,2026-07-26T15:39:53.540Z
sensor.xiao_sensor_xiao_12d7dc_battery_voltage,3.71,2026-07-26T15:40:04.698Z
sensor.xiao_sensor_xiao_12d7dc_battery_voltage,3.7,2026-07-26T15:40:15.856Z
sensor.xiao_sensor_xiao_12d7dc_battery_voltage,3.71,2026-07-26T15:40:27.050Z
sensor.xiao_sensor_xiao_12d7dc_battery_voltage,3.7,2026-07-26T15:40:38.226Z
sensor.xiao_sensor_xiao_12d7dc_battery_voltage,3.71,2026-07-26T15:41:00.615Z
sensor.xiao_sensor_xiao_12d7dc_battery_voltage,3.7,2026-07-26T15:41:34.202Z
sensor.xiao_sensor_xiao_12d7dc_battery_voltage,3.71,2026-07-26T15:42:30.611Z
sensor.xiao_sensor_xiao_12d7dc_battery_voltage,3.7,2026-07-26T15:42:52.957Z
sensor.xiao_sensor_xiao_12d7dc_battery_voltage,3.71,2026-07-26T15:43:15.321Z
sensor.xiao_sensor_xiao_12d7dc_battery_voltage,3.7,2026-07-26T15:43:37.674Z
sensor.xiao_sensor_xiao_12d7dc_battery_voltage,3.71,2026-07-26T15:43:48.845Z
sensor.xiao_sensor_xiao_12d7dc_battery_voltage,3.7,2026-07-26T15:44:11.194Z
sensor.xiao_sensor_xiao_12d7dc_battery_voltage,3.71,2026-07-26T15:44:55.937Z
sensor.xiao_sensor_xiao_12d7dc_battery_voltage,3.7,2026-07-26T15:45:07.119Z
sensor.xiao_sensor_xiao_12d7dc_battery_voltage,3.71,2026-07-26T15:47:21.454Z
sensor.xiao_sensor_xiao_12d7dc_battery_voltage,3.7,2026-07-26T15:47:32.627Z
sensor.xiao_sensor_xiao_12d7dc_battery_voltage,3.66,2026-07-26T16:07:48.861Z
sensor.xiao_sensor_xiao_12d7dc_battery_voltage,3.7,2026-07-26T16:08:00.361Z
sensor.xiao_sensor_xiao_12d7dc_battery_voltage,3.67,2026-07-26T16:19:50.448Z
sensor.xiao_sensor_xiao_12d7dc_battery_voltage,3.7,2026-07-26T16:20:01.624Z
sensor.xiao_sensor_xiao_12d7dc_battery_voltage,3.69,2026-07-26T16:34:51.669Z
sensor.xiao_sensor_xiao_12d7dc_battery_voltage,3.7,2026-07-26T16:35:02.934Z
sensor.xiao_sensor_xiao_12d7dc_battery_voltage,3.67,2026-07-26T16:35:25.578Z
sensor.xiao_sensor_xiao_12d7dc_battery_voltage,3.7,2026-07-26T16:35:36.732Z
sensor.xiao_sensor_xiao_12d7dc_battery_voltage,3.69,2026-07-26T16:37:29.203Z
sensor.xiao_sensor_xiao_12d7dc_battery_voltage,3.7,2026-07-26T16:38:14.449Z
sensor.xiao_sensor_xiao_12d7dc_battery_voltage,3.69,2026-07-26T16:38:48.250Z
sensor.xiao_sensor_xiao_12d7dc_battery_voltage,3.7,2026-07-26T16:39:21.762Z
sensor.xiao_sensor_xiao_12d7dc_battery_voltage,3.69,2026-07-26T16:40:07.028Z
sensor.xiao_sensor_xiao_12d7dc_battery_voltage,3.7,2026-07-26T16:40:18.488Z
sensor.xiao_sensor_xiao_12d7dc_battery_voltage,3.69,2026-07-26T16:40:52.281Z
sensor.xiao_sensor_xiao_12d7dc_battery_voltage,3.7,2026-07-26T16:41:03.465Z
sensor.xiao_sensor_xiao_12d7dc_battery_voltage,3.69,2026-07-26T16:41:25.708Z
sensor.xiao_sensor_xiao_12d7dc_battery_voltage,3.7,2026-07-26T16:41:37.161Z
sensor.xiao_sensor_xiao_12d7dc_battery_voltage,3.69,2026-07-26T16:42:21.873Z
sensor.xiao_sensor_xiao_12d7dc_battery_voltage,3.7,2026-07-26T16:42:44.593Z
sensor.xiao_sensor_xiao_12d7dc_battery_voltage,3.69,2026-07-26T16:43:30.836Z
sensor.xiao_sensor_xiao_12d7dc_battery_voltage,3.7,2026-07-26T16:43:42.008Z
sensor.xiao_sensor_xiao_12d7dc_battery_voltage,3.69,2026-07-26T16:44:04.366Z
sensor.xiao_sensor_xiao_12d7dc_battery_voltage,3.7,2026-07-26T16:44:15.774Z
sensor.xiao_sensor_xiao_12d7dc_battery_voltage,3.69,2026-07-26T16:44:38.120Z
sensor.xiao_sensor_xiao_12d7dc_battery_voltage,3.7,2026-07-26T16:44:49.579Z
sensor.xiao_sensor_xiao_12d7dc_battery_voltage,3.69,2026-07-26T16:45:11.916Z
sensor.xiao_sensor_xiao_12d7dc_battery_voltage,3.7,2026-07-26T16:45:56.638Z
sensor.xiao_sensor_xiao_12d7dc_battery_voltage,3.69,2026-07-26T16:46:07.817Z
sensor.xiao_sensor_xiao_12d7dc_battery_voltage,3.7,2026-07-26T16:46:41.358Z
sensor.xiao_sensor_xiao_12d7dc_battery_voltage,3.69,2026-07-26T16:46:52.530Z
sensor.xiao_sensor_xiao_12d7dc_battery_voltage,3.7,2026-07-26T16:47:37.279Z
sensor.xiao_sensor_xiao_12d7dc_battery_voltage,3.69,2026-07-26T16:47:48.741Z
sensor.xiao_sensor_xiao_12d7dc_battery_voltage,3.7,2026-07-26T16:54:11.363Z
sensor.xiao_sensor_xiao_12d7dc_battery_voltage,3.69,2026-07-26T16:54:22.522Z
sensor.xiao_sensor_xiao_12d7dc_battery_voltage,3.67,2026-07-26T16:56:59.637Z
sensor.xiao_sensor_xiao_12d7dc_battery_voltage,3.69,2026-07-26T16:57:10.865Z
sensor.xiao_sensor_xiao_12d7dc_battery_voltage,3.68,2026-07-26T17:27:35.287Z
sensor.xiao_sensor_xiao_12d7dc_battery_voltage,3.69,2026-07-26T17:27:46.748Z
sensor.xiao_sensor_xiao_12d7dc_battery_voltage,3.68,2026-07-26T17:28:42.683Z
sensor.xiao_sensor_xiao_12d7dc_battery_voltage,3.69,2026-07-26T17:28:53.893Z
sensor.xiao_sensor_xiao_12d7dc_battery_voltage,3.68,2026-07-26T17:30:12.383Z
sensor.xiao_sensor_xiao_12d7dc_battery_voltage,3.69,2026-07-26T17:30:23.612Z
sensor.xiao_sensor_xiao_12d7dc_battery_voltage,3.68,2026-07-26T17:30:34.829Z
sensor.xiao_sensor_xiao_12d7dc_battery_voltage,3.69,2026-07-26T17:30:45.992Z
sensor.xiao_sensor_xiao_12d7dc_battery_voltage,3.68,2026-07-26T17:31:53.777Z
sensor.xiao_sensor_xiao_12d7dc_battery_voltage,3.69,2026-07-26T17:32:04.946Z
sensor.xiao_sensor_xiao_12d7dc_battery_voltage,3.68,2026-07-26T17:33:12.410Z
sensor.xiao_sensor_xiao_12d7dc_battery_voltage,3.69,2026-07-26T17:33:23.586Z
sensor.xiao_sensor_xiao_12d7dc_battery_voltage,3.68,2026-07-26T17:33:57.466Z
sensor.xiao_sensor_xiao_12d7dc_battery_voltage,3.69,2026-07-26T17:34:08.639Z
sensor.xiao_sensor_xiao_12d7dc_battery_voltage,3.68,2026-07-26T17:35:15.903Z
sensor.xiao_sensor_xiao_12d7dc_battery_voltage,3.69,2026-07-26T17:35:27.075Z
sensor.xiao_sensor_xiao_12d7dc_battery_voltage,3.68,2026-07-26T17:36:23.201Z
sensor.xiao_sensor_xiao_12d7dc_battery_voltage,3.69,2026-07-26T17:36:34.486Z
sensor.xiao_sensor_xiao_12d7dc_battery_voltage,3.68,2026-07-26T17:37:08.461Z
sensor.xiao_sensor_xiao_12d7dc_battery_voltage,3.69,2026-07-26T17:37:31.067Z
sensor.xiao_sensor_xiao_12d7dc_battery_voltage,3.68,2026-07-26T17:38:50.030Z
sensor.xiao_sensor_xiao_12d7dc_battery_voltage,3.69,2026-07-26T17:39:01.202Z
sensor.xiao_sensor_xiao_12d7dc_battery_voltage,3.68,2026-07-26T17:39:57.595Z
sensor.xiao_sensor_xiao_12d7dc_battery_voltage,3.69,2026-07-26T17:40:20.236Z
sensor.xiao_sensor_xiao_12d7dc_battery_voltage,3.68,2026-07-26T17:40:31.449Z
sensor.xiao_sensor_xiao_12d7dc_battery_voltage,3.69,2026-07-26T17:40:42.620Z
sensor.xiao_sensor_xiao_12d7dc_battery_voltage,3.68,2026-07-26T17:41:05.065Z
sensor.xiao_sensor_xiao_12d7dc_battery_voltage,3.69,2026-07-26T17:41:38.884Z
sensor.xiao_sensor_xiao_12d7dc_battery_voltage,3.68,2026-07-26T17:42:01.499Z
sensor.xiao_sensor_xiao_12d7dc_battery_voltage,3.69,2026-07-26T17:42:35.376Z
sensor.xiao_sensor_xiao_12d7dc_battery_voltage,3.66,2026-07-26T17:42:57.786Z
sensor.xiao_sensor_xiao_12d7dc_battery_voltage,3.68,2026-07-26T17:43:08.952Z
sensor.xiao_sensor_xiao_12d7dc_battery_voltage,3.69,2026-07-26T17:43:20.143Z
sensor.xiao_sensor_xiao_12d7dc_battery_voltage,3.68,2026-07-26T17:43:31.381Z
sensor.xiao_sensor_xiao_12d7dc_battery_voltage,3.69,2026-07-26T17:46:20.314Z
sensor.xiao_sensor_xiao_12d7dc_battery_voltage,3.68,2026-07-26T17:46:31.558Z
sensor.xiao_sensor_xiao_12d7dc_battery_voltage,3.69,2026-07-26T17:47:27.409Z
sensor.xiao_sensor_xiao_12d7dc_battery_voltage,3.68,2026-07-26T17:47:38.654Z
sensor.xiao_sensor_xiao_12d7dc_battery_voltage,3.69,2026-07-26T17:48:35.347Z
sensor.xiao_sensor_xiao_12d7dc_battery_voltage,3.68,2026-07-26T17:48:46.517Z
sensor.xiao_sensor_xiao_12d7dc_battery_voltage,3.67,2026-07-26T18:28:39.506Z
sensor.xiao_sensor_xiao_12d7dc_battery_voltage,3.68,2026-07-26T18:28:50.687Z
sensor.xiao_sensor_xiao_12d7dc_battery_voltage,3.67,2026-07-26T18:30:20.477Z
sensor.xiao_sensor_xiao_12d7dc_battery_voltage,3.68,2026-07-26T18:30:54.079Z
sensor.xiao_sensor_xiao_12d7dc_battery_voltage,3.67,2026-07-26T18:31:05.243Z
sensor.xiao_sensor_xiao_12d7dc_battery_voltage,3.68,2026-07-26T18:31:38.992Z
sensor.xiao_sensor_xiao_12d7dc_battery_voltage,3.67,2026-07-26T18:32:57.738Z
sensor.xiao_sensor_xiao_12d7dc_battery_voltage,3.68,2026-07-26T18:33:20.312Z
sensor.xiao_sensor_xiao_12d7dc_battery_voltage,3.66,2026-07-26T18:34:16.366Z
sensor.xiao_sensor_xiao_12d7dc_battery_voltage,3.67,2026-07-26T18:34:27.543Z
sensor.xiao_sensor_xiao_12d7dc_battery_voltage,3.68,2026-07-26T18:34:49.906Z
sensor.xiao_sensor_xiao_12d7dc_battery_voltage,3.67,2026-07-26T18:35:01.139Z
sensor.xiao_sensor_xiao_12d7dc_battery_voltage,3.68,2026-07-26T18:35:12.541Z
sensor.xiao_sensor_xiao_12d7dc_battery_voltage,3.67,2026-07-26T18:35:46.114Z
sensor.xiao_sensor_xiao_12d7dc_battery_voltage,3.68,2026-07-26T18:36:19.615Z
sensor.xiao_sensor_xiao_12d7dc_battery_voltage,3.67,2026-07-26T18:36:53.304Z
sensor.xiao_sensor_xiao_12d7dc_battery_voltage,3.68,2026-07-26T18:37:15.639Z
sensor.xiao_sensor_xiao_12d7dc_battery_voltage,3.67,2026-07-26T18:37:38.017Z
sensor.xiao_sensor_xiao_12d7dc_battery_voltage,3.68,2026-07-26T18:38:22.726Z
sensor.xiao_sensor_xiao_12d7dc_battery_voltage,3.67,2026-07-26T18:38:45.052Z
sensor.xiao_sensor_xiao_12d7dc_battery_voltage,3.68,2026-07-26T18:39:18.889Z
sensor.xiao_sensor_xiao_12d7dc_battery_voltage,3.67,2026-07-26T18:39:52.949Z
sensor.xiao_sensor_xiao_12d7dc_battery_voltage,3.68,2026-07-26T18:40:37.895Z
sensor.xiao_sensor_xiao_12d7dc_battery_voltage,3.67,2026-07-26T18:40:49.132Z
sensor.xiao_sensor_xiao_12d7dc_battery_voltage,3.68,2026-07-26T18:41:00.298Z
sensor.xiao_sensor_xiao_12d7dc_battery_voltage,3.67,2026-07-26T18:41:22.641Z
sensor.xiao_sensor_xiao_12d7dc_battery_voltage,3.64,2026-07-26T18:41:33.814Z
sensor.xiao_sensor_xiao_12d7dc_battery_voltage,3.67,2026-07-26T18:41:44.989Z
sensor.xiao_sensor_xiao_12d7dc_battery_voltage,3.68,2026-07-26T18:41:56.392Z
sensor.xiao_sensor_xiao_12d7dc_battery_voltage,3.67,2026-07-26T18:42:18.984Z
sensor.xiao_sensor_xiao_12d7dc_battery_voltage,3.68,2026-07-26T18:52:25.762Z
sensor.xiao_sensor_xiao_12d7dc_battery_voltage,3.67,2026-07-26T18:52:36.950Z
sensor.xiao_sensor_xiao_12d7dc_battery_voltage,3.66,2026-07-26T18:52:48.123Z
sensor.xiao_sensor_xiao_12d7dc_battery_voltage,3.67,2026-07-26T18:52:59.299Z
sensor.xiao_sensor_xiao_12d7dc_battery_voltage,3.66,2026-07-26T19:21:05.212Z
sensor.xiao_sensor_xiao_12d7dc_battery_voltage,3.67,2026-07-26T19:21:16.405Z
sensor.xiao_sensor_xiao_12d7dc_battery_voltage,3.66,2026-07-26T19:22:12.580Z
sensor.xiao_sensor_xiao_12d7dc_battery_voltage,3.67,2026-07-26T19:22:23.744Z
sensor.xiao_sensor_xiao_12d7dc_battery_voltage,3.66,2026-07-26T19:23:19.855Z
sensor.xiao_sensor_xiao_12d7dc_battery_voltage,3.67,2026-07-26T19:23:31.078Z
sensor.xiao_sensor_xiao_12d7dc_battery_voltage,3.66,2026-07-26T19:23:42.482Z
sensor.xiao_sensor_xiao_12d7dc_battery_voltage,3.67,2026-07-26T19:23:53.696Z
sensor.xiao_sensor_xiao_12d7dc_battery_voltage,3.66,2026-07-26T19:25:01.053Z
sensor.xiao_sensor_xiao_12d7dc_battery_voltage,3.67,2026-07-26T19:25:12.225Z
sensor.xiao_sensor_xiao_12d7dc_battery_voltage,3.66,2026-07-26T19:25:56.921Z
sensor.xiao_sensor_xiao_12d7dc_battery_voltage,3.67,2026-07-26T19:26:08.363Z
sensor.xiao_sensor_xiao_12d7dc_battery_voltage,3.66,2026-07-26T19:26:19.605Z
sensor.xiao_sensor_xiao_12d7dc_battery_voltage,3.67,2026-07-26T19:26:30.817Z
sensor.xiao_sensor_xiao_12d7dc_battery_voltage,3.66,2026-07-26T19:26:42.051Z
sensor.xiao_sensor_xiao_12d7dc_battery_voltage,3.67,2026-07-26T19:26:53.235Z
sensor.xiao_sensor_xiao_12d7dc_battery_voltage,3.66,2026-07-26T19:27:04.382Z
sensor.xiao_sensor_xiao_12d7dc_battery_voltage,3.67,2026-07-26T19:27:38.121Z
sensor.xiao_sensor_xiao_12d7dc_battery_voltage,3.66,2026-07-26T19:27:49.291Z
sensor.xiao_sensor_xiao_12d7dc_battery_voltage,3.67,2026-07-26T19:28:23.817Z
sensor.xiao_sensor_xiao_12d7dc_battery_voltage,3.66,2026-07-26T19:28:46.196Z
sensor.xiao_sensor_xiao_12d7dc_battery_voltage,3.67,2026-07-26T19:29:31.708Z
sensor.xiao_sensor_xiao_12d7dc_battery_voltage,3.66,2026-07-26T19:29:42.938Z
sensor.xiao_sensor_xiao_12d7dc_battery_voltage,3.67,2026-07-26T19:29:54.114Z
sensor.xiao_sensor_xiao_12d7dc_battery_voltage,3.66,2026-07-26T19:30:05.280Z
sensor.xiao_sensor_xiao_12d7dc_battery_voltage,3.67,2026-07-26T19:30:49.958Z
sensor.xiao_sensor_xiao_12d7dc_battery_voltage,3.66,2026-07-26T19:31:01.129Z
sensor.xiao_sensor_xiao_12d7dc_battery_voltage,3.67,2026-07-26T19:31:23.469Z
sensor.xiao_sensor_xiao_12d7dc_battery_voltage,3.66,2026-07-26T19:31:45.801Z
sensor.xiao_sensor_xiao_12d7dc_battery_voltage,3.67,2026-07-26T19:32:53.364Z
sensor.xiao_sensor_xiao_12d7dc_battery_voltage,3.66,2026-07-26T19:33:15.703Z
sensor.xiao_sensor_xiao_12d7dc_battery_voltage,3.67,2026-07-26T19:35:08.226Z
sensor.xiao_sensor_xiao_12d7dc_battery_voltage,3.66,2026-07-26T19:35:19.430Z
sensor.xiao_sensor_xiao_12d7dc_battery_voltage,3.62,2026-07-26T20:01:03.088Z
sensor.xiao_sensor_xiao_12d7dc_battery_voltage,3.66,2026-07-26T20:01:14.249Z
sensor.xiao_sensor_xiao_12d7dc_battery_voltage,3.65,2026-07-26T20:03:39.940Z
sensor.xiao_sensor_xiao_12d7dc_battery_voltage,3.66,2026-07-26T20:03:51.176Z
sensor.xiao_sensor_xiao_12d7dc_battery_voltage,3.65,2026-07-26T20:04:35.879Z
sensor.xiao_sensor_xiao_12d7dc_battery_voltage,3.66,2026-07-26T20:04:58.225Z
sensor.xiao_sensor_xiao_12d7dc_battery_voltage,3.65,2026-07-26T20:08:32.501Z
sensor.xiao_sensor_xiao_12d7dc_battery_voltage,3.66,2026-07-26T20:08:43.676Z
sensor.xiao_sensor_xiao_12d7dc_battery_voltage,3.65,2026-07-26T20:10:58.745Z
sensor.xiao_sensor_xiao_12d7dc_battery_voltage,3.66,2026-07-26T20:11:21.160Z
sensor.xiao_sensor_xiao_12d7dc_battery_voltage,3.65,2026-07-26T20:12:06.506Z
sensor.xiao_sensor_xiao_12d7dc_battery_voltage,3.66,2026-07-26T20:12:17.677Z
sensor.xiao_sensor_xiao_12d7dc_battery_voltage,3.65,2026-07-26T20:12:40.280Z
sensor.xiao_sensor_xiao_12d7dc_battery_voltage,3.66,2026-07-26T20:13:02.858Z
sensor.xiao_sensor_xiao_12d7dc_battery_voltage,3.65,2026-07-26T20:13:36.606Z
sensor.xiao_sensor_xiao_12d7dc_battery_voltage,3.66,2026-07-26T20:13:47.785Z
sensor.xiao_sensor_xiao_12d7dc_battery_voltage,3.65,2026-07-26T20:13:58.954Z
sensor.xiao_sensor_xiao_12d7dc_battery_voltage,3.66,2026-07-26T20:14:10.118Z
sensor.xiao_sensor_xiao_12d7dc_battery_voltage,3.65,2026-07-26T20:14:43.678Z
sensor.xiao_sensor_xiao_12d7dc_battery_voltage,3.66,2026-07-26T20:15:06.069Z
sensor.xiao_sensor_xiao_12d7dc_battery_voltage,3.65,2026-07-26T20:15:51.242Z
sensor.xiao_sensor_xiao_12d7dc_battery_voltage,3.66,2026-07-26T20:16:13.642Z
sensor.xiao_sensor_xiao_12d7dc_battery_voltage,3.65,2026-07-26T20:16:24.806Z
sensor.xiao_sensor_xiao_12d7dc_battery_voltage,3.66,2026-07-26T20:16:36.026Z
sensor.xiao_sensor_xiao_12d7dc_battery_voltage,3.65,2026-07-26T20:16:47.211Z
sensor.xiao_sensor_xiao_12d7dc_battery_voltage,3.61,2026-07-26T20:49:46.507Z
sensor.xiao_sensor_xiao_12d7dc_battery_voltage,3.65,2026-07-26T20:49:57.750Z
sensor.xiao_sensor_xiao_12d7dc_battery_voltage,3.64,2026-07-26T20:50:08.923Z
sensor.xiao_sensor_xiao_12d7dc_battery_voltage,3.65,2026-07-26T20:50:20.324Z
sensor.xiao_sensor_xiao_12d7dc_battery_voltage,3.64,2026-07-26T20:50:31.496Z
sensor.xiao_sensor_xiao_12d7dc_battery_voltage,3.65,2026-07-26T20:50:42.719Z
sensor.xiao_sensor_xiao_12d7dc_battery_voltage,3.64,2026-07-26T20:53:31.324Z
sensor.xiao_sensor_xiao_12d7dc_battery_voltage,3.65,2026-07-26T20:53:42.513Z
sensor.xiao_sensor_xiao_12d7dc_battery_voltage,3.64,2026-07-26T20:54:04.905Z
sensor.xiao_sensor_xiao_12d7dc_battery_voltage,3.65,2026-07-26T20:54:38.627Z
sensor.xiao_sensor_xiao_12d7dc_battery_voltage,3.64,2026-07-26T20:55:00.953Z
sensor.xiao_sensor_xiao_12d7dc_battery_voltage,3.65,2026-07-26T20:55:23.732Z
sensor.xiao_sensor_xiao_12d7dc_battery_voltage,3.64,2026-07-26T20:55:34.916Z
sensor.xiao_sensor_xiao_12d7dc_battery_voltage,3.65,2026-07-26T20:56:31.297Z
sensor.xiao_sensor_xiao_12d7dc_battery_voltage,3.64,2026-07-26T20:56:42.536Z
sensor.xiao_sensor_xiao_12d7dc_battery_voltage,3.65,2026-07-26T20:56:53.692Z
sensor.xiao_sensor_xiao_12d7dc_battery_voltage,3.64,2026-07-26T20:57:04.865Z
sensor.xiao_sensor_xiao_12d7dc_battery_voltage,3.65,2026-07-26T20:57:16.032Z
sensor.xiao_sensor_xiao_12d7dc_battery_voltage,3.64,2026-07-26T20:57:27.204Z
sensor.xiao_sensor_xiao_12d7dc_battery_voltage,3.65,2026-07-26T20:57:38.377Z
sensor.xiao_sensor_xiao_12d7dc_battery_voltage,3.64,2026-07-26T20:58:00.705Z
sensor.xiao_sensor_xiao_12d7dc_battery_voltage,3.65,2026-07-26T20:59:31.091Z
sensor.xiao_sensor_xiao_12d7dc_battery_voltage,3.64,2026-07-26T20:59:42.482Z
sensor.xiao_sensor_xiao_12d7dc_battery_voltage,3.65,2026-07-26T21:00:16.202Z
sensor.xiao_sensor_xiao_12d7dc_battery_voltage,3.64,2026-07-26T21:00:27.362Z
sensor.xiao_sensor_xiao_12d7dc_battery_voltage,3.65,2026-07-26T21:01:34.757Z
sensor.xiao_sensor_xiao_12d7dc_battery_voltage,3.64,2026-07-26T21:01:45.974Z
sensor.xiao_sensor_xiao_12d7dc_battery_voltage,3.65,2026-07-26T21:01:57.235Z
sensor.xiao_sensor_xiao_12d7dc_battery_voltage,3.64,2026-07-26T21:02:08.487Z
sensor.xiao_sensor_xiao_12d7dc_battery_voltage,3.65,2026-07-26T21:05:07.994Z
sensor.xiao_sensor_xiao_12d7dc_battery_voltage,3.64,2026-07-26T21:05:19.217Z
sensor.xiao_sensor_xiao_12d7dc_battery_voltage,3.65,2026-07-26T21:06:26.463Z
sensor.xiao_sensor_xiao_12d7dc_battery_voltage,3.64,2026-07-26T21:06:37.614Z
sensor.xiao_sensor_xiao_12d7dc_battery_voltage,3.59,2026-07-26T21:18:37.288Z
sensor.xiao_sensor_xiao_12d7dc_battery_voltage,3.64,2026-07-26T21:18:48.462Z
sensor.xiao_sensor_xiao_12d7dc_battery_voltage,3.63,2026-07-26T21:20:07.345Z
sensor.xiao_sensor_xiao_12d7dc_battery_voltage,3.64,2026-07-26T21:20:18.584Z
sensor.xiao_sensor_xiao_12d7dc_battery_voltage,3.62,2026-07-26T21:34:31.784Z
sensor.xiao_sensor_xiao_12d7dc_battery_voltage,3.64,2026-07-26T21:34:43.029Z
sensor.xiao_sensor_xiao_12d7dc_battery_voltage,3.63,2026-07-26T21:35:50.201Z
sensor.xiao_sensor_xiao_12d7dc_battery_voltage,3.64,2026-07-26T21:36:01.433Z
sensor.xiao_sensor_xiao_12d7dc_battery_voltage,3.63,2026-07-26T21:37:42.796Z
sensor.xiao_sensor_xiao_12d7dc_battery_voltage,3.64,2026-07-26T21:37:54.031Z
sensor.xiao_sensor_xiao_12d7dc_battery_voltage,3.63,2026-07-26T21:38:50.173Z
sensor.xiao_sensor_xiao_12d7dc_battery_voltage,3.64,2026-07-26T21:39:01.593Z
sensor.xiao_sensor_xiao_12d7dc_battery_voltage,3.63,2026-07-26T21:39:35.183Z
sensor.xiao_sensor_xiao_12d7dc_battery_voltage,3.64,2026-07-26T21:39:57.784Z
sensor.xiao_sensor_xiao_12d7dc_battery_voltage,3.63,2026-07-26T21:40:08.969Z
sensor.xiao_sensor_xiao_12d7dc_battery_voltage,3.64,2026-07-26T21:40:31.316Z
sensor.xiao_sensor_xiao_12d7dc_battery_voltage,3.63,2026-07-26T21:41:04.813Z
sensor.xiao_sensor_xiao_12d7dc_battery_voltage,3.64,2026-07-26T21:41:15.990Z
sensor.xiao_sensor_xiao_12d7dc_battery_voltage,3.63,2026-07-26T21:41:38.758Z
sensor.xiao_sensor_xiao_12d7dc_battery_voltage,3.64,2026-07-26T21:41:50.210Z
sensor.xiao_sensor_xiao_12d7dc_battery_voltage,3.63,2026-07-26T21:42:01.637Z
sensor.xiao_sensor_xiao_12d7dc_battery_voltage,3.64,2026-07-26T21:42:12.824Z
sensor.xiao_sensor_xiao_12d7dc_battery_voltage,3.63,2026-07-26T21:42:25.261Z
sensor.xiao_sensor_xiao_12d7dc_battery_voltage,3.64,2026-07-26T21:42:36.522Z
sensor.xiao_sensor_xiao_12d7dc_battery_voltage,3.63,2026-07-26T21:42:58.971Z
sensor.xiao_sensor_xiao_12d7dc_battery_voltage,3.64,2026-07-26T21:43:32.854Z
sensor.xiao_sensor_xiao_12d7dc_battery_voltage,3.63,2026-07-26T21:43:44.080Z
sensor.xiao_sensor_xiao_12d7dc_battery_voltage,3.64,2026-07-26T21:44:29.479Z
sensor.xiao_sensor_xiao_12d7dc_battery_voltage,3.63,2026-07-26T21:44:40.638Z
sensor.xiao_sensor_xiao_12d7dc_battery_voltage,3.64,2026-07-26T21:44:51.820Z
sensor.xiao_sensor_xiao_12d7dc_battery_voltage,3.63,2026-07-26T21:45:03.034Z
sensor.xiao_sensor_xiao_12d7dc_battery_voltage,3.62,2026-07-26T22:16:47.891Z
sensor.xiao_sensor_xiao_12d7dc_battery_voltage,3.63,2026-07-26T22:16:59.066Z
sensor.xiao_sensor_xiao_12d7dc_battery_voltage,3.62,2026-07-26T22:22:15.791Z
sensor.xiao_sensor_xiao_12d7dc_battery_voltage,3.63,2026-07-26T22:22:26.953Z
sensor.xiao_sensor_xiao_12d7dc_battery_voltage,3.62,2026-07-26T22:23:00.542Z
sensor.xiao_sensor_xiao_12d7dc_battery_voltage,3.63,2026-07-26T22:23:11.708Z
sensor.xiao_sensor_xiao_12d7dc_battery_voltage,3.62,2026-07-26T22:23:45.457Z
sensor.xiao_sensor_xiao_12d7dc_battery_voltage,3.63,2026-07-26T22:23:56.620Z
sensor.xiao_sensor_xiao_12d7dc_battery_voltage,3.62,2026-07-26T22:24:07.794Z
sensor.xiao_sensor_xiao_12d7dc_battery_voltage,3.63,2026-07-26T22:24:18.974Z
sensor.xiao_sensor_xiao_12d7dc_battery_voltage,3.62,2026-07-26T22:24:41.361Z
sensor.xiao_sensor_xiao_12d7dc_battery_voltage,3.63,2026-07-26T22:25:48.674Z
sensor.xiao_sensor_xiao_12d7dc_battery_voltage,3.62,2026-07-26T22:26:11.324Z
sensor.xiao_sensor_xiao_12d7dc_battery_voltage,3.63,2026-07-26T22:26:22.505Z
sensor.xiao_sensor_xiao_12d7dc_battery_voltage,3.62,2026-07-26T22:26:34.703Z
sensor.xiao_sensor_xiao_12d7dc_battery_voltage,3.63,2026-07-26T22:26:57.153Z
sensor.xiao_sensor_xiao_12d7dc_battery_voltage,3.62,2026-07-26T22:27:08.335Z
sensor.xiao_sensor_xiao_12d7dc_battery_voltage,3.63,2026-07-26T22:27:42.112Z
sensor.xiao_sensor_xiao_12d7dc_battery_voltage,3.62,2026-07-26T22:28:04.455Z
sensor.xiao_sensor_xiao_12d7dc_battery_voltage,3.63,2026-07-26T22:28:26.800Z
sensor.xiao_sensor_xiao_12d7dc_battery_voltage,3.62,2026-07-26T22:28:49.394Z
sensor.xiao_sensor_xiao_12d7dc_battery_voltage,3.63,2026-07-26T22:29:00.575Z
sensor.xiao_sensor_xiao_12d7dc_battery_voltage,3.62,2026-07-26T22:29:22.944Z
sensor.xiao_sensor_xiao_12d7dc_battery_voltage,3.63,2026-07-26T22:31:26.840Z
sensor.xiao_sensor_xiao_12d7dc_battery_voltage,3.62,2026-07-26T22:31:38.078Z
sensor.xiao_sensor_xiao_12d7dc_battery_voltage,3.63,2026-07-26T22:32:22.784Z
sensor.xiao_sensor_xiao_12d7dc_battery_voltage,3.62,2026-07-26T22:32:33.973Z
sensor.xiao_sensor_xiao_12d7dc_battery_voltage,3.63,2026-07-26T22:36:17.945Z
sensor.xiao_sensor_xiao_12d7dc_battery_voltage,3.62,2026-07-26T22:36:29.134Z
sensor.xiao_sensor_xiao_12d7dc_battery_voltage,3.61,2026-07-26T23:00:42.187Z
sensor.xiao_sensor_xiao_12d7dc_battery_voltage,3.62,2026-07-26T23:00:53.437Z
sensor.xiao_sensor_xiao_12d7dc_battery_voltage,3.61,2026-07-26T23:01:49.517Z
sensor.xiao_sensor_xiao_12d7dc_battery_voltage,3.62,2026-07-26T23:02:00.902Z
sensor.xiao_sensor_xiao_12d7dc_battery_voltage,3.61,2026-07-26T23:03:08.126Z
sensor.xiao_sensor_xiao_12d7dc_battery_voltage,3.62,2026-07-26T23:03:19.313Z
sensor.xiao_sensor_xiao_12d7dc_battery_voltage,3.61,2026-07-26T23:06:29.492Z
sensor.xiao_sensor_xiao_12d7dc_battery_voltage,3.62,2026-07-26T23:06:40.773Z
sensor.xiao_sensor_xiao_12d7dc_battery_voltage,3.61,2026-07-26T23:08:22.148Z
sensor.xiao_sensor_xiao_12d7dc_battery_voltage,3.62,2026-07-26T23:08:33.309Z
sensor.xiao_sensor_xiao_12d7dc_battery_voltage,3.61,2026-07-26T23:09:29.265Z
sensor.xiao_sensor_xiao_12d7dc_battery_voltage,3.62,2026-07-26T23:09:40.437Z
sensor.xiao_sensor_xiao_12d7dc_battery_voltage,3.61,2026-07-26T23:09:51.602Z
sensor.xiao_sensor_xiao_12d7dc_battery_voltage,3.62,2026-07-26T23:10:14.214Z
sensor.xiao_sensor_xiao_12d7dc_battery_voltage,3.61,2026-07-26T23:10:25.391Z
sensor.xiao_sensor_xiao_12d7dc_battery_voltage,3.62,2026-07-26T23:10:36.573Z
sensor.xiao_sensor_xiao_12d7dc_battery_voltage,3.61,2026-07-26T23:11:32.954Z
sensor.xiao_sensor_xiao_12d7dc_battery_voltage,3.62,2026-07-26T23:11:55.294Z
sensor.xiao_sensor_xiao_12d7dc_battery_voltage,3.61,2026-07-26T23:12:28.815Z
sensor.xiao_sensor_xiao_12d7dc_battery_voltage,3.62,2026-07-26T23:12:40.213Z
sensor.xiao_sensor_xiao_12d7dc_battery_voltage,3.61,2026-07-26T23:12:51.394Z
sensor.xiao_sensor_xiao_12d7dc_battery_voltage,3.62,2026-07-26T23:13:02.769Z
sensor.xiao_sensor_xiao_12d7dc_battery_voltage,3.61,2026-07-26T23:13:13.936Z
sensor.xiao_sensor_xiao_12d7dc_battery_voltage,3.62,2026-07-26T23:13:47.444Z
sensor.xiao_sensor_xiao_12d7dc_battery_voltage,3.61,2026-07-26T23:13:58.670Z
sensor.xiao_sensor_xiao_12d7dc_battery_voltage,3.62,2026-07-26T23:14:54.746Z
sensor.xiao_sensor_xiao_12d7dc_battery_voltage,3.61,2026-07-26T23:15:05.913Z
sensor.xiao_sensor_xiao_12d7dc_battery_voltage,3.62,2026-07-26T23:16:47.104Z
sensor.xiao_sensor_xiao_12d7dc_battery_voltage,3.61,2026-07-26T23:16:58.533Z
sensor.xiao_sensor_xiao_12d7dc_battery_voltage,3.62,2026-07-26T23:19:13.504Z
sensor.xiao_sensor_xiao_12d7dc_battery_voltage,3.61,2026-07-26T23:19:24.683Z
sensor.xiao_sensor_xiao_12d7dc_battery_voltage,3.62,2026-07-26T23:19:35.845Z
sensor.xiao_sensor_xiao_12d7dc_battery_voltage,3.61,2026-07-26T23:19:47.009Z
sensor.xiao_sensor_xiao_12d7dc_battery_voltage,3.62,2026-07-26T23:20:42.835Z
sensor.xiao_sensor_xiao_12d7dc_battery_voltage,3.61,2026-07-26T23:20:54.059Z
sensor.xiao_sensor_xiao_12d7dc_battery_voltage,3.62,2026-07-26T23:21:39.433Z
sensor.xiao_sensor_xiao_12d7dc_battery_voltage,3.61,2026-07-26T23:21:50.601Z
sensor.xiao_sensor_xiao_12d7dc_battery_voltage,3.62,2026-07-26T23:22:01.816Z
sensor.xiao_sensor_xiao_12d7dc_battery_voltage,3.61,2026-07-26T23:22:13.000Z
sensor.xiao_sensor_xiao_12d7dc_battery_voltage,3.6,2026-07-26T23:33:49.952Z
sensor.xiao_sensor_xiao_12d7dc_battery_voltage,3.61,2026-07-26T23:34:01.128Z
sensor.xiao_sensor_xiao_12d7dc_battery_voltage,3.6,2026-07-26T23:52:32.339Z
sensor.xiao_sensor_xiao_12d7dc_battery_voltage,3.61,2026-07-26T23:52:43.492Z
sensor.xiao_sensor_xiao_12d7dc_battery_voltage,3.57,2026-07-26T23:53:06.036Z
sensor.xiao_sensor_xiao_12d7dc_battery_voltage,3.61,2026-07-26T23:53:17.223Z
sensor.xiao_sensor_xiao_12d7dc_battery_voltage,3.6,2026-07-26T23:55:32.945Z
sensor.xiao_sensor_xiao_12d7dc_battery_voltage,3.61,2026-07-26T23:55:44.425Z
sensor.xiao_sensor_xiao_12d7dc_battery_voltage,3.6,2026-07-26T23:58:21.679Z
sensor.xiao_sensor_xiao_12d7dc_battery_voltage,3.61,2026-07-26T23:58:32.837Z
sensor.xiao_sensor_xiao_12d7dc_battery_voltage,3.6,2026-07-26T23:59:28.966Z
sensor.xiao_sensor_xiao_12d7dc_battery_voltage,3.61,2026-07-26T23:59:40.362Z
sensor.xiao_sensor_xiao_12d7dc_battery_voltage,3.6,2026-07-27T00:00:02.773Z
sensor.xiao_sensor_xiao_12d7dc_battery_voltage,3.61,2026-07-27T00:00:13.943Z
sensor.xiao_sensor_xiao_12d7dc_battery_voltage,3.6,2026-07-27T00:00:36.546Z
sensor.xiao_sensor_xiao_12d7dc_battery_voltage,3.61,2026-07-27T00:01:10.266Z
sensor.xiao_sensor_xiao_12d7dc_battery_voltage,3.6,2026-07-27T00:01:21.515Z
sensor.xiao_sensor_xiao_12d7dc_battery_voltage,3.61,2026-07-27T00:01:32.696Z
sensor.xiao_sensor_xiao_12d7dc_battery_voltage,3.6,2026-07-27T00:02:06.333Z
sensor.xiao_sensor_xiao_12d7dc_battery_voltage,3.61,2026-07-27T00:02:39.844Z
sensor.xiao_sensor_xiao_12d7dc_battery_voltage,3.6,2026-07-27T00:02:51.229Z
sensor.xiao_sensor_xiao_12d7dc_battery_voltage,3.61,2026-07-27T00:03:02.399Z
sensor.xiao_sensor_xiao_12d7dc_battery_voltage,3.6,2026-07-27T00:03:47.358Z
sensor.xiao_sensor_xiao_12d7dc_battery_voltage,3.61,2026-07-27T00:03:58.537Z
sensor.xiao_sensor_xiao_12d7dc_battery_voltage,3.6,2026-07-27T00:04:09.711Z
sensor.xiao_sensor_xiao_12d7dc_battery_voltage,3.61,2026-07-27T00:04:43.226Z
sensor.xiao_sensor_xiao_12d7dc_battery_voltage,3.6,2026-07-27T00:05:28.472Z
sensor.xiao_sensor_xiao_12d7dc_battery_voltage,3.61,2026-07-27T00:07:21.556Z
sensor.xiao_sensor_xiao_12d7dc_battery_voltage,3.6,2026-07-27T00:07:32.786Z
sensor.xiao_sensor_xiao_12d7dc_battery_voltage,3.61,2026-07-27T00:09:49.416Z
sensor.xiao_sensor_xiao_12d7dc_battery_voltage,3.6,2026-07-27T00:10:00.587Z
sensor.xiao_sensor_xiao_12d7dc_battery_voltage,3.61,2026-07-27T00:11:41.544Z
sensor.xiao_sensor_xiao_12d7dc_battery_voltage,3.6,2026-07-27T00:11:52.740Z
sensor.xiao_sensor_xiao_12d7dc_battery_voltage,3.59,2026-07-27T00:30:28.025Z
sensor.xiao_sensor_xiao_12d7dc_battery_voltage,3.6,2026-07-27T00:30:39.208Z
sensor.xiao_sensor_xiao_12d7dc_battery_voltage,3.59,2026-07-27T00:37:10.876Z
sensor.xiao_sensor_xiao_12d7dc_battery_voltage,3.6,2026-07-27T00:37:55.834Z
sensor.xiao_sensor_xiao_12d7dc_battery_voltage,3.59,2026-07-27T00:38:51.750Z
sensor.xiao_sensor_xiao_12d7dc_battery_voltage,3.6,2026-07-27T00:39:02.909Z
sensor.xiao_sensor_xiao_12d7dc_battery_voltage,3.59,2026-07-27T00:40:32.641Z
sensor.xiao_sensor_xiao_12d7dc_battery_voltage,3.6,2026-07-27T00:41:06.140Z
sensor.xiao_sensor_xiao_12d7dc_battery_voltage,3.59,2026-07-27T00:41:17.368Z
sensor.xiao_sensor_xiao_12d7dc_battery_voltage,3.6,2026-07-27T00:41:51.226Z
sensor.xiao_sensor_xiao_12d7dc_battery_voltage,3.59,2026-07-27T00:42:02.405Z
sensor.xiao_sensor_xiao_12d7dc_battery_voltage,3.6,2026-07-27T00:42:13.588Z
sensor.xiao_sensor_xiao_12d7dc_battery_voltage,3.59,2026-07-27T00:42:24.767Z
sensor.xiao_sensor_xiao_12d7dc_battery_voltage,3.6,2026-07-27T00:43:43.152Z
sensor.xiao_sensor_xiao_12d7dc_battery_voltage,3.58,2026-07-27T00:43:54.313Z
sensor.xiao_sensor_xiao_12d7dc_battery_voltage,3.59,2026-07-27T00:44:05.502Z
sensor.xiao_sensor_xiao_12d7dc_battery_voltage,3.6,2026-07-27T00:45:23.829Z
sensor.xiao_sensor_xiao_12d7dc_battery_voltage,3.59,2026-07-27T00:45:35.053Z
sensor.xiao_sensor_xiao_12d7dc_battery_voltage,3.6,2026-07-27T00:46:19.732Z
sensor.xiao_sensor_xiao_12d7dc_battery_voltage,3.59,2026-07-27T00:46:30.889Z
sensor.xiao_sensor_xiao_12d7dc_battery_voltage,3.55,2026-07-27T01:01:41.045Z
sensor.xiao_sensor_xiao_12d7dc_battery_voltage,3.59,2026-07-27T01:01:52.469Z
sensor.xiao_sensor_xiao_12d7dc_battery_voltage,3.57,2026-07-27T01:09:21.221Z
sensor.xiao_sensor_xiao_12d7dc_battery_voltage,3.59,2026-07-27T01:09:32.390Z
sensor.xiao_sensor_xiao_12d7dc_battery_voltage,3.58,2026-07-27T01:11:02.304Z
sensor.xiao_sensor_xiao_12d7dc_battery_voltage,3.59,2026-07-27T01:11:13.485Z
sensor.xiao_sensor_xiao_12d7dc_battery_voltage,3.58,2026-07-27T01:18:42.047Z
sensor.xiao_sensor_xiao_12d7dc_battery_voltage,3.59,2026-07-27T01:18:53.251Z
sensor.xiao_sensor_xiao_12d7dc_battery_voltage,3.58,2026-07-27T01:20:34.362Z
sensor.xiao_sensor_xiao_12d7dc_battery_voltage,3.59,2026-07-27T01:20:45.547Z
sensor.xiao_sensor_xiao_12d7dc_battery_voltage,3.58,2026-07-27T01:23:12.525Z
sensor.xiao_sensor_xiao_12d7dc_battery_voltage,3.59,2026-07-27T01:23:23.713Z
sensor.xiao_sensor_xiao_12d7dc_battery_voltage,3.58,2026-07-27T01:23:34.884Z
sensor.xiao_sensor_xiao_12d7dc_battery_voltage,3.59,2026-07-27T01:23:46.118Z
sensor.xiao_sensor_xiao_12d7dc_battery_voltage,3.57,2026-07-27T01:24:08.541Z
sensor.xiao_sensor_xiao_12d7dc_battery_voltage,3.59,2026-07-27T01:24:19.710Z
sensor.xiao_sensor_xiao_12d7dc_battery_voltage,3.58,2026-07-27T01:25:04.371Z
sensor.xiao_sensor_xiao_12d7dc_battery_voltage,3.59,2026-07-27T01:25:15.529Z
sensor.xiao_sensor_xiao_12d7dc_battery_voltage,3.58,2026-07-27T01:25:49.112Z
sensor.xiao_sensor_xiao_12d7dc_battery_voltage,3.59,2026-07-27T01:26:00.271Z
sensor.xiao_sensor_xiao_12d7dc_battery_voltage,3.58,2026-07-27T01:28:25.935Z
sensor.xiao_sensor_xiao_12d7dc_battery_voltage,3.59,2026-07-27T01:28:48.258Z
sensor.xiao_sensor_xiao_12d7dc_battery_voltage,3.58,2026-07-27T01:30:07.138Z
sensor.xiao_sensor_xiao_12d7dc_battery_voltage,3.56,2026-07-27T01:30:18.309Z
sensor.xiao_sensor_xiao_12d7dc_battery_voltage,3.59,2026-07-27T01:30:29.466Z
sensor.xiao_sensor_xiao_12d7dc_battery_voltage,3.58,2026-07-27T01:30:51.812Z
sensor.xiao_sensor_xiao_12d7dc_battery_voltage,3.59,2026-07-27T01:31:14.546Z
sensor.xiao_sensor_xiao_12d7dc_battery_voltage,3.58,2026-07-27T01:31:48.314Z
sensor.xiao_sensor_xiao_12d7dc_battery_voltage,3.59,2026-07-27T01:32:10.670Z
sensor.xiao_sensor_xiao_12d7dc_battery_voltage,3.58,2026-07-27T01:32:21.891Z
sensor.xiao_sensor_xiao_12d7dc_battery_voltage,3.59,2026-07-27T01:33:06.769Z
sensor.xiao_sensor_xiao_12d7dc_battery_voltage,3.58,2026-07-27T01:33:17.945Z
sensor.xiao_sensor_xiao_12d7dc_battery_voltage,3.59,2026-07-27T01:33:40.499Z
sensor.xiao_sensor_xiao_12d7dc_battery_voltage,3.58,2026-07-27T01:34:14.352Z
sensor.xiao_sensor_xiao_12d7dc_battery_voltage,3.59,2026-07-27T01:34:25.534Z
sensor.xiao_sensor_xiao_12d7dc_battery_voltage,3.58,2026-07-27T01:34:48.145Z
sensor.xiao_sensor_xiao_12d7dc_battery_voltage,3.59,2026-07-27T01:35:33.112Z
sensor.xiao_sensor_xiao_12d7dc_battery_voltage,3.58,2026-07-27T01:35:44.525Z
sensor.xiao_sensor_xiao_12d7dc_battery_voltage,3.59,2026-07-27T01:35:55.732Z
sensor.xiao_sensor_xiao_12d7dc_battery_voltage,3.58,2026-07-27T01:36:06.894Z
sensor.xiao_sensor_xiao_12d7dc_battery_voltage,3.59,2026-07-27T01:36:51.858Z
sensor.xiao_sensor_xiao_12d7dc_battery_voltage,3.58,2026-07-27T01:37:47.800Z
sensor.xiao_sensor_xiao_12d7dc_battery_voltage,3.59,2026-07-27T01:38:10.321Z
sensor.xiao_sensor_xiao_12d7dc_battery_voltage,3.58,2026-07-27T01:38:21.490Z
sensor.xiao_sensor_xiao_12d7dc_battery_voltage,3.59,2026-07-27T01:39:17.553Z
sensor.xiao_sensor_xiao_12d7dc_battery_voltage,3.58,2026-07-27T01:39:28.780Z
sensor.xiao_sensor_xiao_12d7dc_battery_voltage,3.59,2026-07-27T01:39:51.118Z
sensor.xiao_sensor_xiao_12d7dc_battery_voltage,3.58,2026-07-27T01:40:13.451Z
sensor.xiao_sensor_xiao_12d7dc_battery_voltage,3.59,2026-07-27T01:40:24.621Z
sensor.xiao_sensor_xiao_12d7dc_battery_voltage,3.58,2026-07-27T01:40:58.371Z
sensor.xiao_sensor_xiao_12d7dc_battery_voltage,3.59,2026-07-27T01:41:43.147Z
sensor.xiao_sensor_xiao_12d7dc_battery_voltage,3.58,2026-07-27T01:41:54.562Z
sensor.xiao_sensor_xiao_12d7dc_battery_voltage,3.59,2026-07-27T01:42:05.687Z
sensor.xiao_sensor_xiao_12d7dc_battery_voltage,3.58,2026-07-27T01:42:28.016Z
sensor.xiao_sensor_xiao_12d7dc_battery_voltage,3.59,2026-07-27T01:43:13.770Z
sensor.xiao_sensor_xiao_12d7dc_battery_voltage,3.58,2026-07-27T01:43:24.962Z
sensor.xiao_sensor_xiao_12d7dc_battery_voltage,3.59,2026-07-27T01:43:58.725Z
sensor.xiao_sensor_xiao_12d7dc_battery_voltage,3.58,2026-07-27T01:44:09.888Z
sensor.xiao_sensor_xiao_12d7dc_battery_voltage,3.59,2026-07-27T01:44:32.454Z
sensor.xiao_sensor_xiao_12d7dc_battery_voltage,3.58,2026-07-27T01:44:54.788Z
sensor.xiao_sensor_xiao_12d7dc_battery_voltage,3.57,2026-07-27T02:25:24.242Z
sensor.xiao_sensor_xiao_12d7dc_battery_voltage,3.58,2026-07-27T02:25:35.439Z
sensor.xiao_sensor_xiao_12d7dc_battery_voltage,3.57,2026-07-27T02:27:05.508Z
sensor.xiao_sensor_xiao_12d7dc_battery_voltage,3.58,2026-07-27T02:27:16.702Z
sensor.xiao_sensor_xiao_12d7dc_battery_voltage,3.57,2026-07-27T02:28:12.673Z
sensor.xiao_sensor_xiao_12d7dc_battery_voltage,3.58,2026-07-27T02:28:23.835Z
sensor.xiao_sensor_xiao_12d7dc_battery_voltage,3.57,2026-07-27T02:28:46.205Z
sensor.xiao_sensor_xiao_12d7dc_battery_voltage,3.58,2026-07-27T02:28:57.370Z
sensor.xiao_sensor_xiao_12d7dc_battery_voltage,3.57,2026-07-27T02:29:20.016Z
sensor.xiao_sensor_xiao_12d7dc_battery_voltage,3.58,2026-07-27T02:29:31.189Z
sensor.xiao_sensor_xiao_12d7dc_battery_voltage,3.57,2026-07-27T02:29:42.353Z
sensor.xiao_sensor_xiao_12d7dc_battery_voltage,3.58,2026-07-27T02:30:05.209Z
sensor.xiao_sensor_xiao_12d7dc_battery_voltage,3.57,2026-07-27T02:30:50.222Z
sensor.xiao_sensor_xiao_12d7dc_battery_voltage,3.58,2026-07-27T02:31:01.659Z
sensor.xiao_sensor_xiao_12d7dc_battery_voltage,3.57,2026-07-27T02:31:12.837Z
sensor.xiao_sensor_xiao_12d7dc_battery_voltage,3.58,2026-07-27T02:31:24.273Z
sensor.xiao_sensor_xiao_12d7dc_battery_voltage,3.57,2026-07-27T02:31:46.921Z
sensor.xiao_sensor_xiao_12d7dc_battery_voltage,3.58,2026-07-27T02:32:09.554Z
sensor.xiao_sensor_xiao_12d7dc_battery_voltage,3.57,2026-07-27T02:32:43.321Z
sensor.xiao_sensor_xiao_12d7dc_battery_voltage,3.58,2026-07-27T02:32:54.536Z
sensor.xiao_sensor_xiao_12d7dc_battery_voltage,3.57,2026-07-27T02:33:17.891Z
sensor.xiao_sensor_xiao_12d7dc_battery_voltage,3.58,2026-07-27T02:33:40.230Z
sensor.xiao_sensor_xiao_12d7dc_battery_voltage,3.57,2026-07-27T02:34:24.900Z
sensor.xiao_sensor_xiao_12d7dc_battery_voltage,3.58,2026-07-27T02:34:36.096Z
sensor.xiao_sensor_xiao_12d7dc_battery_voltage,3.57,2026-07-27T02:34:47.319Z
sensor.xiao_sensor_xiao_12d7dc_battery_voltage,3.58,2026-07-27T02:35:09.916Z
sensor.xiao_sensor_xiao_12d7dc_battery_voltage,3.57,2026-07-27T02:35:21.163Z
sensor.xiao_sensor_xiao_12d7dc_battery_voltage,3.58,2026-07-27T02:36:39.408Z
sensor.xiao_sensor_xiao_12d7dc_battery_voltage,3.57,2026-07-27T02:36:50.580Z
sensor.xiao_sensor_xiao_12d7dc_battery_voltage,3.58,2026-07-27T02:37:01.763Z
sensor.xiao_sensor_xiao_12d7dc_battery_voltage,3.57,2026-07-27T02:37:24.650Z
sensor.xiao_sensor_xiao_12d7dc_battery_voltage,3.58,2026-07-27T02:38:09.397Z
sensor.xiao_sensor_xiao_12d7dc_battery_voltage,3.57,2026-07-27T02:38:20.621Z
sensor.xiao_sensor_xiao_12d7dc_battery_voltage,3.58,2026-07-27T02:39:06.031Z
sensor.xiao_sensor_xiao_12d7dc_battery_voltage,3.57,2026-07-27T02:39:17.218Z
sensor.xiao_sensor_xiao_12d7dc_battery_voltage,3.58,2026-07-27T02:41:31.966Z
sensor.xiao_sensor_xiao_12d7dc_battery_voltage,3.57,2026-07-27T02:41:43.139Z
sensor.xiao_sensor_xiao_12d7dc_battery_voltage,3.58,2026-07-27T02:42:16.960Z
sensor.xiao_sensor_xiao_12d7dc_battery_voltage,3.57,2026-07-27T02:42:28.144Z
sensor.xiao_sensor_xiao_12d7dc_battery_voltage,3.53,2026-07-27T02:43:12.878Z
sensor.xiao_sensor_xiao_12d7dc_battery_voltage,3.57,2026-07-27T02:43:24.041Z
sensor.xiao_sensor_xiao_12d7dc_battery_voltage,3.58,2026-07-27T02:45:04.949Z
sensor.xiao_sensor_xiao_12d7dc_battery_voltage,3.57,2026-07-27T02:45:16.130Z
sensor.xiao_sensor_xiao_12d7dc_battery_voltage,3.54,2026-07-27T03:01:25.506Z
sensor.xiao_sensor_xiao_12d7dc_battery_voltage,3.57,2026-07-27T03:01:36.681Z
sensor.xiao_sensor_xiao_12d7dc_battery_voltage,3.56,2026-07-27T03:08:43.940Z
sensor.xiao_sensor_xiao_12d7dc_battery_voltage,3.57,2026-07-27T03:08:55.356Z
sensor.xiao_sensor_xiao_12d7dc_battery_voltage,3.56,2026-07-27T03:10:48.403Z
sensor.xiao_sensor_xiao_12d7dc_battery_voltage,3.57,2026-07-27T03:10:59.581Z
sensor.xiao_sensor_xiao_12d7dc_battery_voltage,3.56,2026-07-27T03:11:33.526Z
sensor.xiao_sensor_xiao_12d7dc_battery_voltage,3.57,2026-07-27T03:11:44.703Z
sensor.xiao_sensor_xiao_12d7dc_battery_voltage,3.56,2026-07-27T03:13:48.416Z
sensor.xiao_sensor_xiao_12d7dc_battery_voltage,3.57,2026-07-27T03:13:59.884Z
sensor.xiao_sensor_xiao_12d7dc_battery_voltage,3.56,2026-07-27T03:14:22.879Z
sensor.xiao_sensor_xiao_12d7dc_battery_voltage,3.57,2026-07-27T03:14:34.337Z
sensor.xiao_sensor_xiao_12d7dc_battery_voltage,3.56,2026-07-27T03:14:45.596Z
sensor.xiao_sensor_xiao_12d7dc_battery_voltage,3.57,2026-07-27T03:14:56.761Z
sensor.xiao_sensor_xiao_12d7dc_battery_voltage,3.56,2026-07-27T03:17:00.032Z
sensor.xiao_sensor_xiao_12d7dc_battery_voltage,3.57,2026-07-27T03:17:11.285Z
sensor.xiao_sensor_xiao_12d7dc_battery_voltage,3.56,2026-07-27T03:17:22.466Z
sensor.xiao_sensor_xiao_12d7dc_battery_voltage,3.57,2026-07-27T03:17:33.841Z
sensor.xiao_sensor_xiao_12d7dc_battery_voltage,3.56,2026-07-27T03:18:07.635Z
sensor.xiao_sensor_xiao_12d7dc_battery_voltage,3.57,2026-07-27T03:18:30.220Z
sensor.xiao_sensor_xiao_12d7dc_battery_voltage,3.56,2026-07-27T03:19:03.867Z
sensor.xiao_sensor_xiao_12d7dc_battery_voltage,3.57,2026-07-27T03:19:26.508Z
sensor.xiao_sensor_xiao_12d7dc_battery_voltage,3.56,2026-07-27T03:20:45.252Z
sensor.xiao_sensor_xiao_12d7dc_battery_voltage,3.57,2026-07-27T03:20:56.427Z
sensor.xiao_sensor_xiao_12d7dc_battery_voltage,3.56,2026-07-27T03:21:07.611Z
sensor.xiao_sensor_xiao_12d7dc_battery_voltage,3.57,2026-07-27T03:21:18.789Z
sensor.xiao_sensor_xiao_12d7dc_battery_voltage,3.56,2026-07-27T03:21:52.586Z
sensor.xiao_sensor_xiao_12d7dc_battery_voltage,3.57,2026-07-27T03:22:14.978Z
sensor.xiao_sensor_xiao_12d7dc_battery_voltage,3.56,2026-07-27T03:22:59.977Z
sensor.xiao_sensor_xiao_12d7dc_battery_voltage,3.57,2026-07-27T03:23:11.159Z
sensor.xiao_sensor_xiao_12d7dc_battery_voltage,3.56,2026-07-27T03:23:22.336Z
sensor.xiao_sensor_xiao_12d7dc_battery_voltage,3.57,2026-07-27T03:23:33.518Z
sensor.xiao_sensor_xiao_12d7dc_battery_voltage,3.56,2026-07-27T03:24:07.034Z
sensor.xiao_sensor_xiao_12d7dc_battery_voltage,3.57,2026-07-27T03:24:29.377Z
sensor.xiao_sensor_xiao_12d7dc_battery_voltage,3.56,2026-07-27T03:24:40.553Z
sensor.xiao_sensor_xiao_12d7dc_battery_voltage,3.57,2026-07-27T03:25:04.380Z
sensor.xiao_sensor_xiao_12d7dc_battery_voltage,3.56,2026-07-27T03:25:15.540Z
sensor.xiao_sensor_xiao_12d7dc_battery_voltage,3.57,2026-07-27T03:25:38.138Z
sensor.xiao_sensor_xiao_12d7dc_battery_voltage,3.56,2026-07-27T03:25:49.571Z
sensor.xiao_sensor_xiao_12d7dc_battery_voltage,3.57,2026-07-27T03:26:45.962Z
sensor.xiao_sensor_xiao_12d7dc_battery_voltage,3.56,2026-07-27T03:27:08.306Z
sensor.xiao_sensor_xiao_12d7dc_battery_voltage,3.57,2026-07-27T03:27:19.469Z
sensor.xiao_sensor_xiao_12d7dc_battery_voltage,3.56,2026-07-27T03:27:30.958Z
sensor.xiao_sensor_xiao_12d7dc_battery_voltage,3.57,2026-07-27T03:28:04.749Z
sensor.xiao_sensor_xiao_12d7dc_battery_voltage,3.56,2026-07-27T03:28:16.040Z
sensor.xiao_sensor_xiao_12d7dc_battery_voltage,3.57,2026-07-27T03:28:27.483Z
sensor.xiao_sensor_xiao_12d7dc_battery_voltage,3.56,2026-07-27T03:28:38.685Z
sensor.xiao_sensor_xiao_12d7dc_battery_voltage,3.57,2026-07-27T03:28:50.091Z
sensor.xiao_sensor_xiao_12d7dc_battery_voltage,3.56,2026-07-27T03:29:01.553Z
sensor.xiao_sensor_xiao_12d7dc_battery_voltage,3.57,2026-07-27T03:29:13.727Z
sensor.xiao_sensor_xiao_12d7dc_battery_voltage,3.56,2026-07-27T03:29:24.926Z
sensor.xiao_sensor_xiao_12d7dc_battery_voltage,3.57,2026-07-27T03:29:58.718Z
sensor.xiao_sensor_xiao_12d7dc_battery_voltage,3.56,2026-07-27T03:30:09.886Z
sensor.xiao_sensor_xiao_12d7dc_battery_voltage,3.57,2026-07-27T03:31:17.045Z
sensor.xiao_sensor_xiao_12d7dc_battery_voltage,3.56,2026-07-27T03:31:39.408Z
sensor.xiao_sensor_xiao_12d7dc_battery_voltage,3.57,2026-07-27T03:32:13.030Z
sensor.xiao_sensor_xiao_12d7dc_battery_voltage,3.56,2026-07-27T03:32:24.216Z
sensor.xiao_sensor_xiao_12d7dc_battery_voltage,3.57,2026-07-27T03:32:46.557Z
sensor.xiao_sensor_xiao_12d7dc_battery_voltage,3.56,2026-07-27T03:32:57.730Z
sensor.xiao_sensor_xiao_12d7dc_battery_voltage,3.57,2026-07-27T03:33:09.001Z
sensor.xiao_sensor_xiao_12d7dc_battery_voltage,3.56,2026-07-27T03:33:20.191Z
sensor.xiao_sensor_xiao_12d7dc_battery_voltage,3.57,2026-07-27T03:34:27.350Z
sensor.xiao_sensor_xiao_12d7dc_battery_voltage,3.56,2026-07-27T03:34:38.519Z
sensor.xiao_sensor_xiao_12d7dc_battery_voltage,3.57,2026-07-27T03:35:34.741Z
sensor.xiao_sensor_xiao_12d7dc_battery_voltage,3.56,2026-07-27T03:35:45.890Z
sensor.xiao_sensor_xiao_12d7dc_battery_voltage,3.55,2026-07-27T03:36:19.673Z
sensor.xiao_sensor_xiao_12d7dc_battery_voltage,3.57,2026-07-27T03:36:30.855Z
sensor.xiao_sensor_xiao_12d7dc_battery_voltage,3.56,2026-07-27T03:36:42.239Z
sensor.xiao_sensor_xiao_12d7dc_battery_voltage,3.55,2026-07-27T04:11:20.963Z
sensor.xiao_sensor_xiao_12d7dc_battery_voltage,3.56,2026-07-27T04:11:32.137Z
sensor.xiao_sensor_xiao_12d7dc_battery_voltage,3.55,2026-07-27T04:17:10.443Z
sensor.xiao_sensor_xiao_12d7dc_battery_voltage,3.56,2026-07-27T04:17:21.625Z
sensor.xiao_sensor_xiao_12d7dc_battery_voltage,3.55,2026-07-27T04:18:29.243Z
sensor.xiao_sensor_xiao_12d7dc_battery_voltage,3.56,2026-07-27T04:18:40.460Z
sensor.xiao_sensor_xiao_12d7dc_battery_voltage,3.55,2026-07-27T04:19:25.653Z
sensor.xiao_sensor_xiao_12d7dc_battery_voltage,3.56,2026-07-27T04:19:36.875Z
sensor.xiao_sensor_xiao_12d7dc_battery_voltage,3.55,2026-07-27T04:19:59.226Z
sensor.xiao_sensor_xiao_12d7dc_battery_voltage,3.56,2026-07-27T04:20:10.412Z
sensor.xiao_sensor_xiao_12d7dc_battery_voltage,3.55,2026-07-27T04:20:21.584Z
sensor.xiao_sensor_xiao_12d7dc_battery_voltage,3.56,2026-07-27T04:21:18.025Z
sensor.xiao_sensor_xiao_12d7dc_battery_voltage,3.55,2026-07-27T04:21:40.379Z
sensor.xiao_sensor_xiao_12d7dc_battery_voltage,3.56,2026-07-27T04:21:51.559Z
sensor.xiao_sensor_xiao_12d7dc_battery_voltage,3.55,2026-07-27T04:22:13.964Z
sensor.xiao_sensor_xiao_12d7dc_battery_voltage,3.56,2026-07-27T04:22:25.217Z
sensor.xiao_sensor_xiao_12d7dc_battery_voltage,3.55,2026-07-27T04:22:36.392Z
sensor.xiao_sensor_xiao_12d7dc_battery_voltage,3.56,2026-07-27T04:22:47.831Z
sensor.xiao_sensor_xiao_12d7dc_battery_voltage,3.55,2026-07-27T04:23:32.520Z
sensor.xiao_sensor_xiao_12d7dc_battery_voltage,3.56,2026-07-27T04:23:54.889Z
sensor.xiao_sensor_xiao_12d7dc_battery_voltage,3.55,2026-07-27T04:25:02.257Z
sensor.xiao_sensor_xiao_12d7dc_battery_voltage,3.56,2026-07-27T04:25:13.432Z
sensor.xiao_sensor_xiao_12d7dc_battery_voltage,3.55,2026-07-27T04:25:24.666Z
sensor.xiao_sensor_xiao_12d7dc_battery_voltage,3.56,2026-07-27T04:25:36.068Z
sensor.xiao_sensor_xiao_12d7dc_battery_voltage,3.55,2026-07-27T04:25:47.309Z
sensor.xiao_sensor_xiao_12d7dc_battery_voltage,3.56,2026-07-27T04:25:58.477Z
sensor.xiao_sensor_xiao_12d7dc_battery_voltage,3.55,2026-07-27T04:26:09.647Z
sensor.xiao_sensor_xiao_12d7dc_battery_voltage,3.56,2026-07-27T04:26:32.275Z
sensor.xiao_sensor_xiao_12d7dc_battery_voltage,3.55,2026-07-27T04:26:43.476Z
sensor.xiao_sensor_xiao_12d7dc_battery_voltage,3.56,2026-07-27T04:27:16.999Z
sensor.xiao_sensor_xiao_12d7dc_battery_voltage,3.55,2026-07-27T04:27:28.208Z
sensor.xiao_sensor_xiao_12d7dc_battery_voltage,3.56,2026-07-27T04:27:50.612Z
sensor.xiao_sensor_xiao_12d7dc_battery_voltage,3.55,2026-07-27T04:28:01.766Z
sensor.xiao_sensor_xiao_12d7dc_battery_voltage,3.56,2026-07-27T04:28:12.948Z
sensor.xiao_sensor_xiao_12d7dc_battery_voltage,3.55,2026-07-27T04:28:24.416Z
sensor.xiao_sensor_xiao_12d7dc_battery_voltage,3.56,2026-07-27T04:28:58.043Z
sensor.xiao_sensor_xiao_12d7dc_battery_voltage,3.55,2026-07-27T04:29:20.615Z
sensor.xiao_sensor_xiao_12d7dc_battery_voltage,3.56,2026-07-27T04:29:31.839Z
sensor.xiao_sensor_xiao_12d7dc_battery_voltage,3.55,2026-07-27T04:29:54.446Z
sensor.xiao_sensor_xiao_12d7dc_battery_voltage,3.56,2026-07-27T04:30:05.718Z
sensor.xiao_sensor_xiao_12d7dc_battery_voltage,3.55,2026-07-27T04:30:16.888Z
sensor.xiao_sensor_xiao_12d7dc_battery_voltage,3.56,2026-07-27T04:32:53.923Z
sensor.xiao_sensor_xiao_12d7dc_battery_voltage,3.55,2026-07-27T04:33:05.148Z
sensor.xiao_sensor_xiao_12d7dc_battery_voltage,3.56,2026-07-27T04:36:15.381Z
sensor.xiao_sensor_xiao_12d7dc_battery_voltage,3.55,2026-07-27T04:36:26.781Z
sensor.xiao_sensor_xiao_12d7dc_battery_voltage,3.54,2026-07-27T04:37:34.147Z
sensor.xiao_sensor_xiao_12d7dc_battery_voltage,3.52,2026-07-27T04:37:45.304Z
sensor.xiao_sensor_xiao_12d7dc_battery_voltage,3.55,2026-07-27T04:37:56.473Z
sensor.xiao_sensor_xiao_12d7dc_battery_voltage,3.53,2026-07-27T04:44:19.323Z
sensor.xiao_sensor_xiao_12d7dc_battery_voltage,3.55,2026-07-27T04:44:30.501Z
sensor.xiao_sensor_xiao_12d7dc_battery_voltage,3.54,2026-07-27T04:57:47.983Z
sensor.xiao_sensor_xiao_12d7dc_battery_voltage,3.55,2026-07-27T04:57:59.137Z
sensor.xiao_sensor_xiao_12d7dc_battery_voltage,3.51,2026-07-27T05:01:55.942Z
sensor.xiao_sensor_xiao_12d7dc_battery_voltage,3.55,2026-07-27T05:02:07.181Z
sensor.xiao_sensor_xiao_12d7dc_battery_voltage,3.54,2026-07-27T05:04:55.843Z
sensor.xiao_sensor_xiao_12d7dc_battery_voltage,3.55,2026-07-27T05:05:07.322Z
sensor.xiao_sensor_xiao_12d7dc_battery_voltage,3.54,2026-07-27T05:08:18.504Z
sensor.xiao_sensor_xiao_12d7dc_battery_voltage,3.55,2026-07-27T05:08:29.686Z
sensor.xiao_sensor_xiao_12d7dc_battery_voltage,3.54,2026-07-27T05:08:41.115Z
sensor.xiao_sensor_xiao_12d7dc_battery_voltage,3.55,2026-07-27T05:08:52.280Z
sensor.xiao_sensor_xiao_12d7dc_battery_voltage,3.54,2026-07-27T05:11:19.740Z
sensor.xiao_sensor_xiao_12d7dc_battery_voltage,3.55,2026-07-27T05:11:30.961Z
sensor.xiao_sensor_xiao_12d7dc_battery_voltage,3.54,2026-07-27T05:11:53.537Z
sensor.xiao_sensor_xiao_12d7dc_battery_voltage,3.55,2026-07-27T05:12:04.710Z
sensor.xiao_sensor_xiao_12d7dc_battery_voltage,3.54,2026-07-27T05:12:38.506Z
sensor.xiao_sensor_xiao_12d7dc_battery_voltage,3.55,2026-07-27T05:13:01.570Z
sensor.xiao_sensor_xiao_12d7dc_battery_voltage,3.54,2026-07-27T05:14:09.200Z
sensor.xiao_sensor_xiao_12d7dc_battery_voltage,3.55,2026-07-27T05:14:20.367Z
sensor.xiao_sensor_xiao_12d7dc_battery_voltage,3.54,2026-07-27T05:14:42.984Z
sensor.xiao_sensor_xiao_12d7dc_battery_voltage,3.55,2026-07-27T05:14:54.385Z
sensor.xiao_sensor_xiao_12d7dc_battery_voltage,3.54,2026-07-27T05:15:05.800Z
sensor.xiao_sensor_xiao_12d7dc_battery_voltage,3.55,2026-07-27T05:15:28.405Z
sensor.xiao_sensor_xiao_12d7dc_battery_voltage,3.54,2026-07-27T05:15:39.662Z
sensor.xiao_sensor_xiao_12d7dc_battery_voltage,3.55,2026-07-27T05:15:51.079Z
sensor.xiao_sensor_xiao_12d7dc_battery_voltage,3.54,2026-07-27T05:16:13.421Z
sensor.xiao_sensor_xiao_12d7dc_battery_voltage,3.55,2026-07-27T05:16:58.443Z
sensor.xiao_sensor_xiao_12d7dc_battery_voltage,3.54,2026-07-27T05:17:21.101Z
sensor.xiao_sensor_xiao_12d7dc_battery_voltage,3.55,2026-07-27T05:17:33.348Z
sensor.xiao_sensor_xiao_12d7dc_battery_voltage,3.54,2026-07-27T05:18:29.725Z
sensor.xiao_sensor_xiao_12d7dc_battery_voltage,3.55,2026-07-27T05:18:41.134Z
sensor.xiao_sensor_xiao_12d7dc_battery_voltage,3.54,2026-07-27T05:18:52.398Z
sensor.xiao_sensor_xiao_12d7dc_battery_voltage,3.55,2026-07-27T05:19:03.886Z
sensor.xiao_sensor_xiao_12d7dc_battery_voltage,3.54,2026-07-27T05:19:15.050Z
sensor.xiao_sensor_xiao_12d7dc_battery_voltage,3.55,2026-07-27T05:19:26.232Z
sensor.xiao_sensor_xiao_12d7dc_battery_voltage,3.54,2026-07-27T05:19:37.404Z
sensor.xiao_sensor_xiao_12d7dc_battery_voltage,3.55,2026-07-27T05:19:48.585Z
sensor.xiao_sensor_xiao_12d7dc_battery_voltage,3.54,2026-07-27T05:19:59.778Z
sensor.xiao_sensor_xiao_12d7dc_battery_voltage,3.55,2026-07-27T05:20:56.225Z
sensor.xiao_sensor_xiao_12d7dc_battery_voltage,3.54,2026-07-27T05:21:07.612Z
sensor.xiao_sensor_xiao_12d7dc_battery_voltage,3.55,2026-07-27T05:21:18.833Z
sensor.xiao_sensor_xiao_12d7dc_battery_voltage,3.54,2026-07-27T05:21:30.044Z
sensor.xiao_sensor_xiao_12d7dc_battery_voltage,3.55,2026-07-27T05:22:03.685Z
sensor.xiao_sensor_xiao_12d7dc_battery_voltage,3.54,2026-07-27T05:22:14.869Z
sensor.xiao_sensor_xiao_12d7dc_battery_voltage,3.55,2026-07-27T05:22:26.029Z
sensor.xiao_sensor_xiao_12d7dc_battery_voltage,3.54,2026-07-27T05:22:37.209Z
sensor.xiao_sensor_xiao_12d7dc_battery_voltage,3.55,2026-07-27T05:23:44.834Z
sensor.xiao_sensor_xiao_12d7dc_battery_voltage,3.54,2026-07-27T05:24:07.229Z
sensor.xiao_sensor_xiao_12d7dc_battery_voltage,3.55,2026-07-27T05:24:52.592Z
sensor.xiao_sensor_xiao_12d7dc_battery_voltage,3.54,2026-07-27T05:25:03.758Z
sensor.xiao_sensor_xiao_12d7dc_battery_voltage,3.55,2026-07-27T05:25:37.486Z
sensor.xiao_sensor_xiao_12d7dc_battery_voltage,3.54,2026-07-27T05:25:48.660Z
sensor.xiao_sensor_xiao_12d7dc_battery_voltage,3.55,2026-07-27T05:26:45.098Z
sensor.xiao_sensor_xiao_12d7dc_battery_voltage,3.54,2026-07-27T05:26:56.315Z
sensor.xiao_sensor_xiao_12d7dc_battery_voltage,3.55,2026-07-27T05:27:20.004Z
sensor.xiao_sensor_xiao_12d7dc_battery_voltage,3.54,2026-07-27T05:27:42.404Z
sensor.xiao_sensor_xiao_12d7dc_battery_voltage,3.55,2026-07-27T05:28:27.402Z
sensor.xiao_sensor_xiao_12d7dc_battery_voltage,3.54,2026-07-27T05:28:38.564Z
sensor.xiao_sensor_xiao_12d7dc_battery_voltage,3.55,2026-07-27T05:28:49.747Z
sensor.xiao_sensor_xiao_12d7dc_battery_voltage,3.54,2026-07-27T05:29:00.929Z
sensor.xiao_sensor_xiao_12d7dc_battery_voltage,3.55,2026-07-27T05:31:04.897Z
sensor.xiao_sensor_xiao_12d7dc_battery_voltage,3.54,2026-07-27T05:31:16.073Z
sensor.xiao_sensor_xiao_12d7dc_battery_voltage,3.55,2026-07-27T05:32:46.009Z
sensor.xiao_sensor_xiao_12d7dc_battery_voltage,3.54,2026-07-27T05:32:57.565Z
sensor.xiao_sensor_xiao_12d7dc_battery_voltage,3.53,2026-07-27T05:59:37.622Z
sensor.xiao_sensor_xiao_12d7dc_battery_voltage,3.54,2026-07-27T05:59:49.085Z
sensor.xiao_sensor_xiao_12d7dc_battery_voltage,3.53,2026-07-27T06:01:53.247Z
sensor.xiao_sensor_xiao_12d7dc_battery_voltage,3.54,2026-07-27T06:02:05.417Z
sensor.xiao_sensor_xiao_12d7dc_battery_voltage,3.53,2026-07-27T06:03:01.579Z
sensor.xiao_sensor_xiao_12d7dc_battery_voltage,3.54,2026-07-27T06:03:12.742Z
sensor.xiao_sensor_xiao_12d7dc_battery_voltage,3.53,2026-07-27T06:05:05.233Z
sensor.xiao_sensor_xiao_12d7dc_battery_voltage,3.54,2026-07-27T06:05:16.654Z
sensor.xiao_sensor_xiao_12d7dc_battery_voltage,3.53,2026-07-27T06:06:24.119Z
sensor.xiao_sensor_xiao_12d7dc_battery_voltage,3.54,2026-07-27T06:06:35.302Z
sensor.xiao_sensor_xiao_12d7dc_battery_voltage,3.53,2026-07-27T06:07:09.244Z
sensor.xiao_sensor_xiao_12d7dc_battery_voltage,3.54,2026-07-27T06:07:20.439Z
sensor.xiao_sensor_xiao_12d7dc_battery_voltage,3.53,2026-07-27T06:10:08.993Z
sensor.xiao_sensor_xiao_12d7dc_battery_voltage,3.54,2026-07-27T06:10:20.231Z
sensor.xiao_sensor_xiao_12d7dc_battery_voltage,3.53,2026-07-27T06:11:05.428Z
sensor.xiao_sensor_xiao_12d7dc_battery_voltage,3.54,2026-07-27T06:11:28.243Z
sensor.xiao_sensor_xiao_12d7dc_battery_voltage,3.53,2026-07-27T06:12:02.054Z
sensor.xiao_sensor_xiao_12d7dc_battery_voltage,3.54,2026-07-27T06:12:13.497Z
sensor.xiao_sensor_xiao_12d7dc_battery_voltage,3.53,2026-07-27T06:12:35.948Z
sensor.xiao_sensor_xiao_12d7dc_battery_voltage,3.54,2026-07-27T06:13:10.022Z
sensor.xiao_sensor_xiao_12d7dc_battery_voltage,3.53,2026-07-27T06:13:21.449Z
sensor.xiao_sensor_xiao_12d7dc_battery_voltage,3.54,2026-07-27T06:13:32.668Z
sensor.xiao_sensor_xiao_12d7dc_battery_voltage,3.53,2026-07-27T06:13:43.841Z
sensor.xiao_sensor_xiao_12d7dc_battery_voltage,3.54,2026-07-27T06:13:55.236Z
sensor.xiao_sensor_xiao_12d7dc_battery_voltage,3.53,2026-07-27T06:15:58.628Z
sensor.xiao_sensor_xiao_12d7dc_battery_voltage,3.54,2026-07-27T06:16:09.865Z
sensor.xiao_sensor_xiao_12d7dc_battery_voltage,3.53,2026-07-27T06:16:21.035Z
sensor.xiao_sensor_xiao_12d7dc_battery_voltage,3.54,2026-07-27T06:16:54.625Z
sensor.xiao_sensor_xiao_12d7dc_battery_voltage,3.53,2026-07-27T06:17:05.798Z
sensor.xiao_sensor_xiao_12d7dc_battery_voltage,3.54,2026-07-27T06:17:39.592Z
sensor.xiao_sensor_xiao_12d7dc_battery_voltage,3.53,2026-07-27T06:18:02.018Z
sensor.xiao_sensor_xiao_12d7dc_battery_voltage,3.54,2026-07-27T06:18:35.504Z
sensor.xiao_sensor_xiao_12d7dc_battery_voltage,3.53,2026-07-27T06:18:46.679Z
sensor.xiao_sensor_xiao_12d7dc_battery_voltage,3.54,2026-07-27T06:18:57.855Z
sensor.xiao_sensor_xiao_12d7dc_battery_voltage,3.53,2026-07-27T06:19:20.270Z
sensor.xiao_sensor_xiao_12d7dc_battery_voltage,3.54,2026-07-27T06:20:05.521Z
sensor.xiao_sensor_xiao_12d7dc_battery_voltage,3.53,2026-07-27T06:20:16.685Z
sensor.xiao_sensor_xiao_12d7dc_battery_voltage,3.54,2026-07-27T06:20:39.014Z
sensor.xiao_sensor_xiao_12d7dc_battery_voltage,3.53,2026-07-27T06:20:50.194Z
sensor.xiao_sensor_xiao_12d7dc_battery_voltage,3.54,2026-07-27T06:21:01.367Z
sensor.xiao_sensor_xiao_12d7dc_battery_voltage,3.53,2026-07-27T06:21:12.790Z
sensor.xiao_sensor_xiao_12d7dc_battery_voltage,3.54,2026-07-27T06:21:35.414Z
sensor.xiao_sensor_xiao_12d7dc_battery_voltage,3.53,2026-07-27T06:21:46.584Z
sensor.xiao_sensor_xiao_12d7dc_battery_voltage,3.54,2026-07-27T06:22:09.356Z
sensor.xiao_sensor_xiao_12d7dc_battery_voltage,3.53,2026-07-27T06:22:20.590Z
sensor.xiao_sensor_xiao_12d7dc_battery_voltage,3.54,2026-07-27T06:22:43.183Z
sensor.xiao_sensor_xiao_12d7dc_battery_voltage,3.53,2026-07-27T06:22:54.346Z
sensor.xiao_sensor_xiao_12d7dc_battery_voltage,3.54,2026-07-27T06:23:16.756Z
sensor.xiao_sensor_xiao_12d7dc_battery_voltage,3.53,2026-07-27T06:23:28.165Z
sensor.xiao_sensor_xiao_12d7dc_battery_voltage,3.54,2026-07-27T06:24:01.915Z
sensor.xiao_sensor_xiao_12d7dc_battery_voltage,3.53,2026-07-27T06:24:13.090Z
sensor.xiao_sensor_xiao_12d7dc_battery_voltage,3.54,2026-07-27T06:27:12.909Z
sensor.xiao_sensor_xiao_12d7dc_battery_voltage,3.53,2026-07-27T06:27:24.071Z
sensor.xiao_sensor_xiao_12d7dc_battery_voltage,3.54,2026-07-27T06:28:20.218Z
sensor.xiao_sensor_xiao_12d7dc_battery_voltage,3.53,2026-07-27T06:28:31.451Z
sensor.xiao_sensor_xiao_12d7dc_battery_voltage,3.54,2026-07-27T06:31:53.736Z
sensor.xiao_sensor_xiao_12d7dc_battery_voltage,3.53,2026-07-27T06:32:04.923Z
sensor.xiao_sensor_xiao_12d7dc_battery_voltage,3.54,2026-07-27T06:33:23.806Z
sensor.xiao_sensor_xiao_12d7dc_battery_voltage,3.53,2026-07-27T06:33:34.978Z
sensor.xiao_sensor_xiao_12d7dc_battery_voltage,3.54,2026-07-27T06:34:42.362Z
sensor.xiao_sensor_xiao_12d7dc_battery_voltage,3.53,2026-07-27T06:34:53.591Z
sensor.xiao_sensor_xiao_12d7dc_battery_voltage,3.54,2026-07-27T06:37:43.101Z
sensor.xiao_sensor_xiao_12d7dc_battery_voltage,3.53,2026-07-27T06:37:54.274Z
sensor.xiao_sensor_xiao_12d7dc_battery_voltage,3.54,2026-07-27T06:38:50.665Z
sensor.xiao_sensor_xiao_12d7dc_battery_voltage,3.53,2026-07-27T06:39:01.891Z
sensor.xiao_sensor_xiao_12d7dc_battery_voltage,3.52,2026-07-27T06:44:28.076Z
sensor.xiao_sensor_xiao_12d7dc_battery_voltage,3.53,2026-07-27T06:44:39.249Z
sensor.xiao_sensor_xiao_12d7dc_battery_voltage,3.52,2026-07-27T06:57:59.626Z
sensor.xiao_sensor_xiao_12d7dc_battery_voltage,3.53,2026-07-27T06:58:10.802Z
sensor.xiao_sensor_xiao_12d7dc_battery_voltage,3.52,2026-07-27T06:59:06.895Z
sensor.xiao_sensor_xiao_12d7dc_battery_voltage,3.53,2026-07-27T06:59:18.120Z
sensor.xiao_sensor_xiao_12d7dc_battery_voltage,3.52,2026-07-27T07:02:29.943Z
sensor.xiao_sensor_xiao_12d7dc_battery_voltage,3.53,2026-07-27T07:02:41.120Z
sensor.xiao_sensor_xiao_12d7dc_battery_voltage,3.52,2026-07-27T07:07:23.026Z
sensor.xiao_sensor_xiao_12d7dc_battery_voltage,3.53,2026-07-27T07:07:34.237Z
sensor.xiao_sensor_xiao_12d7dc_battery_voltage,3.52,2026-07-27T07:09:15.507Z
sensor.xiao_sensor_xiao_12d7dc_battery_voltage,3.53,2026-07-27T07:09:26.929Z
sensor.xiao_sensor_xiao_12d7dc_battery_voltage,3.52,2026-07-27T07:13:34.038Z
sensor.xiao_sensor_xiao_12d7dc_battery_voltage,3.53,2026-07-27T07:13:56.356Z
sensor.xiao_sensor_xiao_12d7dc_battery_voltage,3.52,2026-07-27T07:15:03.739Z
sensor.xiao_sensor_xiao_12d7dc_battery_voltage,3.53,2026-07-27T07:15:14.905Z
sensor.xiao_sensor_xiao_12d7dc_battery_voltage,3.52,2026-07-27T07:15:48.659Z
sensor.xiao_sensor_xiao_12d7dc_battery_voltage,3.53,2026-07-27T07:16:33.635Z
sensor.xiao_sensor_xiao_12d7dc_battery_voltage,3.52,2026-07-27T07:17:07.414Z
sensor.xiao_sensor_xiao_12d7dc_battery_voltage,3.48,2026-07-27T07:17:18.875Z
sensor.xiao_sensor_xiao_12d7dc_battery_voltage,3.52,2026-07-27T07:17:30.035Z
sensor.xiao_sensor_xiao_12d7dc_battery_voltage,3.53,2026-07-27T07:17:41.202Z
sensor.xiao_sensor_xiao_12d7dc_battery_voltage,3.52,2026-07-27T07:18:37.363Z
sensor.xiao_sensor_xiao_12d7dc_battery_voltage,3.53,2026-07-27T07:18:48.533Z
sensor.xiao_sensor_xiao_12d7dc_battery_voltage,3.52,2026-07-27T07:19:10.926Z
sensor.xiao_sensor_xiao_12d7dc_battery_voltage,3.53,2026-07-27T07:19:45.147Z
sensor.xiao_sensor_xiao_12d7dc_battery_voltage,3.52,2026-07-27T07:19:56.349Z
sensor.xiao_sensor_xiao_12d7dc_battery_voltage,3.53,2026-07-27T07:23:40.866Z
sensor.xiao_sensor_xiao_12d7dc_battery_voltage,3.52,2026-07-27T07:23:52.023Z
sensor.xiao_sensor_xiao_12d7dc_battery_voltage,3.53,2026-07-27T07:24:48.144Z
sensor.xiao_sensor_xiao_12d7dc_battery_voltage,3.52,2026-07-27T07:24:59.311Z
sensor.xiao_sensor_xiao_12d7dc_battery_voltage,3.53,2026-07-27T07:25:10.484Z
sensor.xiao_sensor_xiao_12d7dc_battery_voltage,3.52,2026-07-27T07:25:21.653Z
sensor.xiao_sensor_xiao_12d7dc_battery_voltage,3.53,2026-07-27T07:34:31.007Z
sensor.xiao_sensor_xiao_12d7dc_battery_voltage,3.52,2026-07-27T07:34:42.169Z
sensor.xiao_sensor_xiao_12d7dc_battery_voltage,3.51,2026-07-27T07:58:30.041Z
sensor.xiao_sensor_xiao_12d7dc_battery_voltage,3.52,2026-07-27T07:58:41.438Z
sensor.xiao_sensor_xiao_12d7dc_battery_voltage,3.5,2026-07-27T08:00:33.719Z
sensor.xiao_sensor_xiao_12d7dc_battery_voltage,3.52,2026-07-27T08:00:44.898Z
sensor.xiao_sensor_xiao_12d7dc_battery_voltage,3.51,2026-07-27T08:06:56.292Z
sensor.xiao_sensor_xiao_12d7dc_battery_voltage,3.52,2026-07-27T08:07:07.465Z
sensor.xiao_sensor_xiao_12d7dc_battery_voltage,3.51,2026-07-27T08:07:18.883Z
sensor.xiao_sensor_xiao_12d7dc_battery_voltage,3.52,2026-07-27T08:07:30.289Z
sensor.xiao_sensor_xiao_12d7dc_battery_voltage,3.51,2026-07-27T08:07:52.664Z
sensor.xiao_sensor_xiao_12d7dc_battery_voltage,3.52,2026-07-27T08:08:03.825Z
sensor.xiao_sensor_xiao_12d7dc_battery_voltage,3.51,2026-07-27T08:09:00.014Z
sensor.xiao_sensor_xiao_12d7dc_battery_voltage,3.52,2026-07-27T08:09:11.182Z
sensor.xiao_sensor_xiao_12d7dc_battery_voltage,3.51,2026-07-27T08:09:56.093Z
sensor.xiao_sensor_xiao_12d7dc_battery_voltage,3.52,2026-07-27T08:11:03.683Z
sensor.xiao_sensor_xiao_12d7dc_battery_voltage,3.51,2026-07-27T08:12:45.895Z
sensor.xiao_sensor_xiao_12d7dc_battery_voltage,3.52,2026-07-27T08:12:57.134Z
sensor.xiao_sensor_xiao_12d7dc_battery_voltage,3.51,2026-07-27T08:13:53.369Z
sensor.xiao_sensor_xiao_12d7dc_battery_voltage,3.52,2026-07-27T08:14:04.592Z
sensor.xiao_sensor_xiao_12d7dc_battery_voltage,3.51,2026-07-27T08:14:15.755Z
sensor.xiao_sensor_xiao_12d7dc_battery_voltage,3.52,2026-07-27T08:14:26.929Z
sensor.xiao_sensor_xiao_12d7dc_battery_voltage,3.51,2026-07-27T08:14:49.261Z
sensor.xiao_sensor_xiao_12d7dc_battery_voltage,3.52,2026-07-27T08:15:11.634Z
sensor.xiao_sensor_xiao_12d7dc_battery_voltage,3.51,2026-07-27T08:15:45.277Z
sensor.xiao_sensor_xiao_12d7dc_battery_voltage,3.52,2026-07-27T08:16:07.729Z
sensor.xiao_sensor_xiao_12d7dc_battery_voltage,3.51,2026-07-27T08:16:30.383Z
sensor.xiao_sensor_xiao_12d7dc_battery_voltage,3.52,2026-07-27T08:17:03.969Z
sensor.xiao_sensor_xiao_12d7dc_battery_voltage,3.51,2026-07-27T08:17:26.417Z
sensor.xiao_sensor_xiao_12d7dc_battery_voltage,3.52,2026-07-27T08:18:33.530Z
sensor.xiao_sensor_xiao_12d7dc_battery_voltage,3.51,2026-07-27T08:18:44.980Z
sensor.xiao_sensor_xiao_12d7dc_battery_voltage,3.52,2026-07-27T08:19:07.331Z
sensor.xiao_sensor_xiao_12d7dc_battery_voltage,3.51,2026-07-27T08:19:18.511Z
sensor.xiao_sensor_xiao_12d7dc_battery_voltage,3.52,2026-07-27T08:20:48.458Z
sensor.xiao_sensor_xiao_12d7dc_battery_voltage,3.51,2026-07-27T08:20:59.615Z
sensor.xiao_sensor_xiao_12d7dc_battery_voltage,3.52,2026-07-27T08:22:41.091Z
sensor.xiao_sensor_xiao_12d7dc_battery_voltage,3.51,2026-07-27T08:22:52.259Z
sensor.xiao_sensor_xiao_12d7dc_battery_voltage,3.52,2026-07-27T08:25:07.728Z
sensor.xiao_sensor_xiao_12d7dc_battery_voltage,3.51,2026-07-27T08:25:18.889Z
sensor.xiao_sensor_xiao_12d7dc_battery_voltage,3.52,2026-07-27T08:28:18.703Z
sensor.xiao_sensor_xiao_12d7dc_battery_voltage,3.51,2026-07-27T08:28:29.926Z
sensor.xiao_sensor_xiao_12d7dc_battery_voltage,3.52,2026-07-27T08:29:37.288Z
sensor.xiao_sensor_xiao_12d7dc_battery_voltage,3.51,2026-07-27T08:29:48.692Z
sensor.xiao_sensor_xiao_12d7dc_battery_voltage,3.52,2026-07-27T08:32:15.821Z
sensor.xiao_sensor_xiao_12d7dc_battery_voltage,3.51,2026-07-27T08:32:26.986Z
sensor.xiao_sensor_xiao_12d7dc_battery_voltage,3.5,2026-07-27T08:35:04.309Z
sensor.xiao_sensor_xiao_12d7dc_battery_voltage,3.51,2026-07-27T08:35:15.750Z
sensor.xiao_sensor_xiao_12d7dc_battery_voltage,3.52,2026-07-27T08:38:15.917Z
sensor.xiao_sensor_xiao_12d7dc_battery_voltage,3.51,2026-07-27T08:38:27.085Z
sensor.xiao_sensor_xiao_12d7dc_battery_voltage,3.52,2026-07-27T08:47:27.109Z
sensor.xiao_sensor_xiao_12d7dc_battery_voltage,3.51,2026-07-27T08:47:38.284Z
sensor.xiao_sensor_xiao_12d7dc_battery_voltage,3.5,2026-07-27T08:58:52.615Z
sensor.xiao_sensor_xiao_12d7dc_battery_voltage,3.51,2026-07-27T08:59:04.009Z
sensor.xiao_sensor_xiao_12d7dc_battery_voltage,3.5,2026-07-27T09:06:33.717Z
sensor.xiao_sensor_xiao_12d7dc_battery_voltage,3.51,2026-07-27T09:06:44.960Z
sensor.xiao_sensor_xiao_12d7dc_battery_voltage,3.5,2026-07-27T09:09:10.553Z
sensor.xiao_sensor_xiao_12d7dc_battery_voltage,3.51,2026-07-27T09:09:21.784Z
sensor.xiao_sensor_xiao_12d7dc_battery_voltage,3.5,2026-07-27T09:10:18.496Z
sensor.xiao_sensor_xiao_12d7dc_battery_voltage,3.51,2026-07-27T09:10:29.684Z
sensor.xiao_sensor_xiao_12d7dc_battery_voltage,3.5,2026-07-27T09:12:11.062Z
sensor.xiao_sensor_xiao_12d7dc_battery_voltage,3.51,2026-07-27T09:12:22.469Z
sensor.xiao_sensor_xiao_12d7dc_battery_voltage,3.5,2026-07-27T09:12:44.817Z
sensor.xiao_sensor_xiao_12d7dc_battery_voltage,3.51,2026-07-27T09:12:55.980Z
sensor.xiao_sensor_xiao_12d7dc_battery_voltage,3.5,2026-07-27T09:13:40.673Z
sensor.xiao_sensor_xiao_12d7dc_battery_voltage,3.51,2026-07-27T09:13:52.090Z
sensor.xiao_sensor_xiao_12d7dc_battery_voltage,3.5,2026-07-27T09:15:55.849Z
sensor.xiao_sensor_xiao_12d7dc_battery_voltage,3.51,2026-07-27T09:16:07.013Z
sensor.xiao_sensor_xiao_12d7dc_battery_voltage,3.5,2026-07-27T09:16:29.512Z
sensor.xiao_sensor_xiao_12d7dc_battery_voltage,3.51,2026-07-27T09:16:51.847Z
sensor.xiao_sensor_xiao_12d7dc_battery_voltage,3.5,2026-07-27T09:17:36.813Z
sensor.xiao_sensor_xiao_12d7dc_battery_voltage,3.51,2026-07-27T09:17:48.003Z
sensor.xiao_sensor_xiao_12d7dc_battery_voltage,3.5,2026-07-27T09:17:59.192Z
sensor.xiao_sensor_xiao_12d7dc_battery_voltage,3.51,2026-07-27T09:18:56.339Z
sensor.xiao_sensor_xiao_12d7dc_battery_voltage,3.5,2026-07-27T09:19:18.797Z
sensor.xiao_sensor_xiao_12d7dc_battery_voltage,3.51,2026-07-27T09:19:41.423Z
sensor.xiao_sensor_xiao_12d7dc_battery_voltage,3.5,2026-07-27T09:20:38.134Z
sensor.xiao_sensor_xiao_12d7dc_battery_voltage,3.51,2026-07-27T09:20:49.313Z
sensor.xiao_sensor_xiao_12d7dc_battery_voltage,3.5,2026-07-27T09:21:00.483Z
sensor.xiao_sensor_xiao_12d7dc_battery_voltage,3.51,2026-07-27T09:21:34.231Z
sensor.xiao_sensor_xiao_12d7dc_battery_voltage,3.5,2026-07-27T09:21:45.390Z
sensor.xiao_sensor_xiao_12d7dc_battery_voltage,3.51,2026-07-27T09:23:37.679Z
sensor.xiao_sensor_xiao_12d7dc_battery_voltage,3.5,2026-07-27T09:23:48.917Z
sensor.xiao_sensor_xiao_12d7dc_battery_voltage,3.51,2026-07-27T09:24:11.577Z
sensor.xiao_sensor_xiao_12d7dc_battery_voltage,3.5,2026-07-27T09:24:22.737Z
sensor.xiao_sensor_xiao_12d7dc_battery_voltage,3.51,2026-07-27T09:25:07.742Z
sensor.xiao_sensor_xiao_12d7dc_battery_voltage,3.5,2026-07-27T09:25:19.003Z
sensor.xiao_sensor_xiao_12d7dc_battery_voltage,3.51,2026-07-27T09:25:41.362Z
sensor.xiao_sensor_xiao_12d7dc_battery_voltage,3.5,2026-07-27T09:26:03.713Z
sensor.xiao_sensor_xiao_12d7dc_battery_voltage,3.51,2026-07-27T09:27:33.912Z
sensor.xiao_sensor_xiao_12d7dc_battery_voltage,3.5,2026-07-27T09:27:56.255Z
sensor.xiao_sensor_xiao_12d7dc_battery_voltage,3.51,2026-07-27T09:28:41.009Z
sensor.xiao_sensor_xiao_12d7dc_battery_voltage,3.5,2026-07-27T09:28:52.157Z
sensor.xiao_sensor_xiao_12d7dc_battery_voltage,3.51,2026-07-27T09:29:25.773Z
sensor.xiao_sensor_xiao_12d7dc_battery_voltage,3.5,2026-07-27T09:29:37.239Z
sensor.xiao_sensor_xiao_12d7dc_battery_voltage,3.51,2026-07-27T09:32:47.834Z
sensor.xiao_sensor_xiao_12d7dc_battery_voltage,3.5,2026-07-27T09:33:21.611Z
sensor.xiao_sensor_xiao_12d7dc_battery_voltage,3.51,2026-07-27T09:34:06.572Z
sensor.xiao_sensor_xiao_12d7dc_battery_voltage,3.5,2026-07-27T09:34:17.975Z
sensor.xiao_sensor_xiao_12d7dc_battery_voltage,3.51,2026-07-27T09:34:51.718Z
sensor.xiao_sensor_xiao_12d7dc_battery_voltage,3.5,2026-07-27T09:35:02.895Z
sensor.xiao_sensor_xiao_12d7dc_battery_voltage,3.51,2026-07-27T09:35:25.521Z
sensor.xiao_sensor_xiao_12d7dc_battery_voltage,3.5,2026-07-27T09:35:36.753Z
sensor.xiao_sensor_xiao_12d7dc_battery_voltage,3.51,2026-07-27T09:37:07.081Z
sensor.xiao_sensor_xiao_12d7dc_battery_voltage,3.5,2026-07-27T09:37:18.422Z
sensor.xiao_sensor_xiao_12d7dc_battery_voltage,3.51,2026-07-27T09:37:40.990Z
sensor.xiao_sensor_xiao_12d7dc_battery_voltage,3.5,2026-07-27T09:37:52.162Z
sensor.xiao_sensor_xiao_12d7dc_battery_voltage,3.51,2026-07-27T09:38:03.642Z
sensor.xiao_sensor_xiao_12d7dc_battery_voltage,3.5,2026-07-27T09:38:14.862Z
sensor.xiao_sensor_xiao_12d7dc_battery_voltage,3.51,2026-07-27T09:38:48.397Z
sensor.xiao_sensor_xiao_12d7dc_battery_voltage,3.5,2026-07-27T09:38:59.573Z
sensor.xiao_sensor_xiao_12d7dc_battery_voltage,3.49,2026-07-27T09:51:00.368Z
sensor.xiao_sensor_xiao_12d7dc_battery_voltage,3.5,2026-07-27T09:51:11.539Z
sensor.xiao_sensor_xiao_12d7dc_battery_voltage,3.49,2026-07-27T09:58:19.219Z
sensor.xiao_sensor_xiao_12d7dc_battery_voltage,3.5,2026-07-27T09:58:30.380Z
sensor.xiao_sensor_xiao_12d7dc_battery_voltage,3.48,2026-07-27T10:02:27.027Z
sensor.xiao_sensor_xiao_12d7dc_battery_voltage,3.5,2026-07-27T10:02:38.190Z
sensor.xiao_sensor_xiao_12d7dc_battery_voltage,3.49,2026-07-27T10:06:24.545Z
sensor.xiao_sensor_xiao_12d7dc_battery_voltage,3.5,2026-07-27T10:06:35.729Z
sensor.xiao_sensor_xiao_12d7dc_battery_voltage,3.46,2026-07-27T10:09:01.402Z
sensor.xiao_sensor_xiao_12d7dc_battery_voltage,3.5,2026-07-27T10:09:12.607Z
sensor.xiao_sensor_xiao_12d7dc_battery_voltage,3.49,2026-07-27T10:09:34.933Z
sensor.xiao_sensor_xiao_12d7dc_battery_voltage,3.5,2026-07-27T10:09:46.360Z
sensor.xiao_sensor_xiao_12d7dc_battery_voltage,3.49,2026-07-27T10:11:39.574Z
sensor.xiao_sensor_xiao_12d7dc_battery_voltage,3.5,2026-07-27T10:11:50.719Z
sensor.xiao_sensor_xiao_12d7dc_battery_voltage,3.49,2026-07-27T10:15:02.217Z
sensor.xiao_sensor_xiao_12d7dc_battery_voltage,3.5,2026-07-27T10:15:24.677Z
sensor.xiao_sensor_xiao_12d7dc_battery_voltage,3.49,2026-07-27T10:15:58.289Z
sensor.xiao_sensor_xiao_12d7dc_battery_voltage,3.5,2026-07-27T10:16:09.483Z
sensor.xiao_sensor_xiao_12d7dc_battery_voltage,3.49,2026-07-27T10:16:31.831Z
sensor.xiao_sensor_xiao_12d7dc_battery_voltage,3.5,2026-07-27T10:16:43.002Z
sensor.xiao_sensor_xiao_12d7dc_battery_voltage,3.49,2026-07-27T10:17:38.870Z
sensor.xiao_sensor_xiao_12d7dc_battery_voltage,3.5,2026-07-27T10:17:50.248Z
sensor.xiao_sensor_xiao_12d7dc_battery_voltage,3.49,2026-07-27T10:18:02.414Z
sensor.xiao_sensor_xiao_12d7dc_battery_voltage,3.5,2026-07-27T10:18:13.595Z
sensor.xiao_sensor_xiao_12d7dc_battery_voltage,3.49,2026-07-27T10:18:47.322Z
sensor.xiao_sensor_xiao_12d7dc_battery_voltage,3.5,2026-07-27T10:19:33.049Z
sensor.xiao_sensor_xiao_12d7dc_battery_voltage,3.49,2026-07-27T10:20:18.588Z
sensor.xiao_sensor_xiao_12d7dc_battery_voltage,3.5,2026-07-27T10:20:52.468Z
sensor.xiao_sensor_xiao_12d7dc_battery_voltage,3.49,2026-07-27T10:21:15.086Z
sensor.xiao_sensor_xiao_12d7dc_battery_voltage,3.5,2026-07-27T10:21:48.622Z
sensor.xiao_sensor_xiao_12d7dc_battery_voltage,3.49,2026-07-27T10:22:11.287Z
sensor.xiao_sensor_xiao_12d7dc_battery_voltage,3.5,2026-07-27T10:22:22.443Z
sensor.xiao_sensor_xiao_12d7dc_battery_voltage,3.49,2026-07-27T10:22:33.616Z
sensor.xiao_sensor_xiao_12d7dc_battery_voltage,3.5,2026-07-27T10:22:44.814Z
sensor.xiao_sensor_xiao_12d7dc_battery_voltage,3.49,2026-07-27T10:22:55.976Z
sensor.xiao_sensor_xiao_12d7dc_battery_voltage,3.5,2026-07-27T10:23:29.730Z
sensor.xiao_sensor_xiao_12d7dc_battery_voltage,3.49,2026-07-27T10:23:41.209Z
sensor.xiao_sensor_xiao_12d7dc_battery_voltage,3.5,2026-07-27T10:24:25.844Z
sensor.xiao_sensor_xiao_12d7dc_battery_voltage,3.49,2026-07-27T10:24:48.176Z
sensor.xiao_sensor_xiao_12d7dc_battery_voltage,3.5,2026-07-27T10:25:10.880Z
sensor.xiao_sensor_xiao_12d7dc_battery_voltage,3.49,2026-07-27T10:25:22.333Z
sensor.xiao_sensor_xiao_12d7dc_battery_voltage,3.5,2026-07-27T10:25:56.424Z
sensor.xiao_sensor_xiao_12d7dc_battery_voltage,3.49,2026-07-27T10:26:18.793Z
sensor.xiao_sensor_xiao_12d7dc_battery_voltage,3.5,2026-07-27T10:27:03.474Z
sensor.xiao_sensor_xiao_12d7dc_battery_voltage,3.49,2026-07-27T10:27:14.852Z
sensor.xiao_sensor_xiao_12d7dc_battery_voltage,3.5,2026-07-27T10:27:26.247Z
sensor.xiao_sensor_xiao_12d7dc_battery_voltage,3.49,2026-07-27T10:27:59.993Z
sensor.xiao_sensor_xiao_12d7dc_battery_voltage,3.5,2026-07-27T10:28:11.154Z
sensor.xiao_sensor_xiao_12d7dc_battery_voltage,3.49,2026-07-27T10:28:22.381Z
sensor.xiao_sensor_xiao_12d7dc_battery_voltage,3.5,2026-07-27T10:29:30.681Z
sensor.xiao_sensor_xiao_12d7dc_battery_voltage,3.49,2026-07-27T10:29:42.069Z
sensor.xiao_sensor_xiao_12d7dc_battery_voltage,3.5,2026-07-27T10:30:15.895Z
sensor.xiao_sensor_xiao_12d7dc_battery_voltage,3.49,2026-07-27T10:30:38.362Z
sensor.xiao_sensor_xiao_12d7dc_battery_voltage,3.5,2026-07-27T10:30:49.577Z
sensor.xiao_sensor_xiao_12d7dc_battery_voltage,3.49,2026-07-27T10:31:01.058Z
sensor.xiao_sensor_xiao_12d7dc_battery_voltage,3.5,2026-07-27T10:31:46.065Z
sensor.xiao_sensor_xiao_12d7dc_battery_voltage,3.49,2026-07-27T10:32:30.734Z
sensor.xiao_sensor_xiao_12d7dc_battery_voltage,3.5,2026-07-27T10:33:38.816Z
sensor.xiao_sensor_xiao_12d7dc_battery_voltage,3.49,2026-07-27T10:33:49.978Z
sensor.xiao_sensor_xiao_12d7dc_battery_voltage,3.5,2026-07-27T10:34:34.757Z
sensor.xiao_sensor_xiao_12d7dc_battery_voltage,3.49,2026-07-27T10:34:45.971Z
sensor.xiao_sensor_xiao_12d7dc_battery_voltage,3.5,2026-07-27T10:35:31.040Z
sensor.xiao_sensor_xiao_12d7dc_battery_voltage,3.49,2026-07-27T10:35:42.217Z
sensor.xiao_sensor_xiao_12d7dc_battery_voltage,3.5,2026-07-27T10:37:00.958Z
sensor.xiao_sensor_xiao_12d7dc_battery_voltage,3.49,2026-07-27T10:37:12.114Z
sensor.xiao_sensor_xiao_12d7dc_battery_voltage,3.5,2026-07-27T10:37:23.289Z
sensor.xiao_sensor_xiao_12d7dc_battery_voltage,3.49,2026-07-27T10:37:45.870Z
sensor.xiao_sensor_xiao_12d7dc_battery_voltage,3.5,2026-07-27T10:40:46.537Z
sensor.xiao_sensor_xiao_12d7dc_battery_voltage,3.49,2026-07-27T10:40:57.712Z
sensor.xiao_sensor_xiao_12d7dc_battery_voltage,3.5,2026-07-27T10:41:20.174Z
sensor.xiao_sensor_xiao_12d7dc_battery_voltage,3.49,2026-07-27T10:41:31.335Z
sensor.xiao_sensor_xiao_12d7dc_battery_voltage,3.5,2026-07-27T10:44:19.376Z
sensor.xiao_sensor_xiao_12d7dc_battery_voltage,3.49,2026-07-27T10:44:30.569Z
sensor.xiao_sensor_xiao_12d7dc_battery_voltage,3.45,2026-07-27T10:46:11.437Z
sensor.xiao_sensor_xiao_12d7dc_battery_voltage,3.49,2026-07-27T10:46:22.554Z
sensor.xiao_sensor_xiao_12d7dc_battery_voltage,3.45,2026-07-27T10:48:03.124Z
sensor.xiao_sensor_xiao_12d7dc_battery_voltage,3.49,2026-07-27T10:48:14.296Z
sensor.xiao_sensor_xiao_12d7dc_battery_voltage,3.5,2026-07-27T10:51:47.149Z
sensor.xiao_sensor_xiao_12d7dc_battery_voltage,3.49,2026-07-27T10:51:58.333Z
sensor.xiao_sensor_xiao_12d7dc_battery_voltage,3.45,2026-07-27T11:12:10.764Z
sensor.xiao_sensor_xiao_12d7dc_battery_voltage,3.49,2026-07-27T11:12:21.942Z
sensor.xiao_sensor_xiao_12d7dc_battery_voltage,3.48,2026-07-27T11:14:49.049Z
sensor.xiao_sensor_xiao_12d7dc_battery_voltage,3.49,2026-07-27T11:15:00.436Z
sensor.xiao_sensor_xiao_12d7dc_battery_voltage,3.48,2026-07-27T11:15:45.162Z
sensor.xiao_sensor_xiao_12d7dc_battery_voltage,3.49,2026-07-27T11:15:56.312Z
sensor.xiao_sensor_xiao_12d7dc_battery_voltage,3.48,2026-07-27T11:18:44.098Z
sensor.xiao_sensor_xiao_12d7dc_battery_voltage,3.49,2026-07-27T11:18:55.299Z
sensor.xiao_sensor_xiao_12d7dc_battery_voltage,3.48,2026-07-27T11:19:29.045Z
sensor.xiao_sensor_xiao_12d7dc_battery_voltage,3.49,2026-07-27T11:19:40.213Z
sensor.xiao_sensor_xiao_12d7dc_battery_voltage,3.48,2026-07-27T11:20:47.936Z
sensor.xiao_sensor_xiao_12d7dc_battery_voltage,3.49,2026-07-27T11:21:10.588Z
sensor.xiao_sensor_xiao_12d7dc_battery_voltage,3.48,2026-07-27T11:23:25.839Z
sensor.xiao_sensor_xiao_12d7dc_battery_voltage,3.49,2026-07-27T11:23:37.289Z
sensor.xiao_sensor_xiao_12d7dc_battery_voltage,3.48,2026-07-27T11:25:08.753Z
sensor.xiao_sensor_xiao_12d7dc_battery_voltage,3.49,2026-07-27T11:25:19.983Z
sensor.xiao_sensor_xiao_12d7dc_battery_voltage,3.48,2026-07-27T11:26:27.566Z
sensor.xiao_sensor_xiao_12d7dc_battery_voltage,3.49,2026-07-27T11:27:01.141Z
sensor.xiao_sensor_xiao_12d7dc_battery_voltage,3.48,2026-07-27T11:27:23.790Z
sensor.xiao_sensor_xiao_12d7dc_battery_voltage,3.49,2026-07-27T11:27:34.972Z
sensor.xiao_sensor_xiao_12d7dc_battery_voltage,3.48,2026-07-27T11:27:46.390Z
sensor.xiao_sensor_xiao_12d7dc_battery_voltage,3.49,2026-07-27T11:27:57.806Z
sensor.xiao_sensor_xiao_12d7dc_battery_voltage,3.47,2026-07-27T11:28:20.404Z
sensor.xiao_sensor_xiao_12d7dc_battery_voltage,3.48,2026-07-27T11:28:31.579Z
sensor.xiao_sensor_xiao_12d7dc_battery_voltage,3.49,2026-07-27T11:28:42.752Z
sensor.xiao_sensor_xiao_12d7dc_battery_voltage,3.48,2026-07-27T11:29:05.204Z
sensor.xiao_sensor_xiao_12d7dc_battery_voltage,3.49,2026-07-27T11:29:27.918Z
sensor.xiao_sensor_xiao_12d7dc_battery_voltage,3.48,2026-07-27T11:29:39.081Z
sensor.xiao_sensor_xiao_12d7dc_battery_voltage,3.49,2026-07-27T11:30:24.036Z
sensor.xiao_sensor_xiao_12d7dc_battery_voltage,3.48,2026-07-27T11:30:46.385Z
sensor.xiao_sensor_xiao_12d7dc_battery_voltage,3.49,2026-07-27T11:31:08.730Z
sensor.xiao_sensor_xiao_12d7dc_battery_voltage,3.48,2026-07-27T11:31:19.901Z
sensor.xiao_sensor_xiao_12d7dc_battery_voltage,3.49,2026-07-27T11:31:42.229Z
sensor.xiao_sensor_xiao_12d7dc_battery_voltage,3.48,2026-07-27T11:31:53.455Z
sensor.xiao_sensor_xiao_12d7dc_battery_voltage,3.49,2026-07-27T11:32:04.873Z
sensor.xiao_sensor_xiao_12d7dc_battery_voltage,3.48,2026-07-27T11:32:38.641Z
sensor.xiao_sensor_xiao_12d7dc_battery_voltage,3.49,2026-07-27T11:34:08.040Z
sensor.xiao_sensor_xiao_12d7dc_battery_voltage,3.48,2026-07-27T11:34:30.478Z
sensor.xiao_sensor_xiao_12d7dc_battery_voltage,3.49,2026-07-27T11:35:04.328Z
sensor.xiao_sensor_xiao_12d7dc_battery_voltage,3.48,2026-07-27T11:35:26.778Z
sensor.xiao_sensor_xiao_12d7dc_battery_voltage,3.49,2026-07-27T11:35:37.945Z
sensor.xiao_sensor_xiao_12d7dc_battery_voltage,3.48,2026-07-27T11:35:49.117Z
sensor.xiao_sensor_xiao_12d7dc_battery_voltage,3.49,2026-07-27T11:36:45.538Z
sensor.xiao_sensor_xiao_12d7dc_battery_voltage,3.48,2026-07-27T11:37:07.972Z
sensor.xiao_sensor_xiao_12d7dc_battery_voltage,3.49,2026-07-27T11:38:04.152Z
sensor.xiao_sensor_xiao_12d7dc_battery_voltage,3.48,2026-07-27T11:38:15.605Z
sensor.xiao_sensor_xiao_12d7dc_battery_voltage,3.49,2026-07-27T11:38:27.020Z
sensor.xiao_sensor_xiao_12d7dc_battery_voltage,3.48,2026-07-27T11:38:38.439Z
sensor.xiao_sensor_xiao_12d7dc_battery_voltage,3.49,2026-07-27T11:41:26.460Z
sensor.xiao_sensor_xiao_12d7dc_battery_voltage,3.48,2026-07-27T11:41:37.929Z
sensor.xiao_sensor_xiao_12d7dc_battery_voltage,3.49,2026-07-27T11:42:57.011Z
sensor.xiao_sensor_xiao_12d7dc_battery_voltage,3.48,2026-07-27T11:43:08.177Z
sensor.xiao_sensor_xiao_12d7dc_battery_voltage,3.49,2026-07-27T11:45:11.729Z
sensor.xiao_sensor_xiao_12d7dc_battery_voltage,3.48,2026-07-27T11:45:22.914Z
sensor.xiao_sensor_xiao_12d7dc_battery_voltage,3.49,2026-07-27T11:50:03.465Z
sensor.xiao_sensor_xiao_12d7dc_battery_voltage,3.48,2026-07-27T11:50:14.604Z
sensor.xiao_sensor_xiao_12d7dc_battery_voltage,3.44,2026-07-27T12:03:22.261Z
sensor.xiao_sensor_xiao_12d7dc_battery_voltage,3.48,2026-07-27T12:03:33.739Z
sensor.xiao_sensor_xiao_12d7dc_battery_voltage,3.47,2026-07-27T12:09:57.641Z
sensor.xiao_sensor_xiao_12d7dc_battery_voltage,3.48,2026-07-27T12:10:08.813Z
sensor.xiao_sensor_xiao_12d7dc_battery_voltage,3.47,2026-07-27T12:14:04.830Z
sensor.xiao_sensor_xiao_12d7dc_battery_voltage,3.48,2026-07-27T12:14:16.028Z
sensor.xiao_sensor_xiao_12d7dc_battery_voltage,3.47,2026-07-27T12:15:12.593Z
sensor.xiao_sensor_xiao_12d7dc_battery_voltage,3.48,2026-07-27T12:15:35.280Z
sensor.xiao_sensor_xiao_12d7dc_battery_voltage,3.47,2026-07-27T12:17:06.067Z
sensor.xiao_sensor_xiao_12d7dc_battery_voltage,3.48,2026-07-27T12:17:17.442Z
sensor.xiao_sensor_xiao_12d7dc_battery_voltage,3.47,2026-07-27T12:17:51.394Z
sensor.xiao_sensor_xiao_12d7dc_battery_voltage,3.48,2026-07-27T12:18:02.566Z
sensor.xiao_sensor_xiao_12d7dc_battery_voltage,3.47,2026-07-27T12:22:00.896Z
sensor.xiao_sensor_xiao_12d7dc_battery_voltage,3.48,2026-07-27T12:22:12.069Z
sensor.xiao_sensor_xiao_12d7dc_battery_voltage,3.47,2026-07-27T12:22:23.257Z
sensor.xiao_sensor_xiao_12d7dc_battery_voltage,3.48,2026-07-27T12:22:34.440Z
sensor.xiao_sensor_xiao_12d7dc_battery_voltage,3.47,2026-07-27T12:22:56.794Z
sensor.xiao_sensor_xiao_12d7dc_battery_voltage,3.48,2026-07-27T12:23:08.252Z
sensor.xiao_sensor_xiao_12d7dc_battery_voltage,3.47,2026-07-27T12:23:19.455Z
sensor.xiao_sensor_xiao_12d7dc_battery_voltage,3.48,2026-07-27T12:23:30.658Z
sensor.xiao_sensor_xiao_12d7dc_battery_voltage,3.47,2026-07-27T12:25:11.628Z
sensor.xiao_sensor_xiao_12d7dc_battery_voltage,3.48,2026-07-27T12:25:45.278Z
sensor.xiao_sensor_xiao_12d7dc_battery_voltage,3.47,2026-07-27T12:25:56.761Z
sensor.xiao_sensor_xiao_12d7dc_battery_voltage,3.48,2026-07-27T12:26:08.006Z
sensor.xiao_sensor_xiao_12d7dc_battery_voltage,3.47,2026-07-27T12:26:30.402Z
sensor.xiao_sensor_xiao_12d7dc_battery_voltage,3.48,2026-07-27T12:26:52.797Z
sensor.xiao_sensor_xiao_12d7dc_battery_voltage,3.47,2026-07-27T12:27:04.220Z
sensor.xiao_sensor_xiao_12d7dc_battery_voltage,3.48,2026-07-27T12:27:26.625Z
sensor.xiao_sensor_xiao_12d7dc_battery_voltage,3.47,2026-07-27T12:27:37.792Z
sensor.xiao_sensor_xiao_12d7dc_battery_voltage,3.48,2026-07-27T12:27:48.958Z
sensor.xiao_sensor_xiao_12d7dc_battery_voltage,3.47,2026-07-27T12:28:11.319Z
sensor.xiao_sensor_xiao_12d7dc_battery_voltage,3.48,2026-07-27T12:29:18.817Z
sensor.xiao_sensor_xiao_12d7dc_battery_voltage,3.47,2026-07-27T12:29:29.977Z
sensor.xiao_sensor_xiao_12d7dc_battery_voltage,3.48,2026-07-27T12:30:15.323Z
sensor.xiao_sensor_xiao_12d7dc_battery_voltage,3.47,2026-07-27T12:30:37.723Z
sensor.xiao_sensor_xiao_12d7dc_battery_voltage,3.48,2026-07-27T12:30:48.889Z
sensor.xiao_sensor_xiao_12d7dc_battery_voltage,3.47,2026-07-27T12:31:00.132Z
sensor.xiao_sensor_xiao_12d7dc_battery_voltage,3.48,2026-07-27T12:31:11.593Z
sensor.xiao_sensor_xiao_12d7dc_battery_voltage,3.47,2026-07-27T12:33:37.581Z
sensor.xiao_sensor_xiao_12d7dc_battery_voltage,3.48,2026-07-27T12:33:48.752Z
sensor.xiao_sensor_xiao_12d7dc_battery_voltage,3.47,2026-07-27T12:33:59.977Z
sensor.xiao_sensor_xiao_12d7dc_battery_voltage,3.48,2026-07-27T12:34:33.806Z
sensor.xiao_sensor_xiao_12d7dc_battery_voltage,3.47,2026-07-27T12:34:45.025Z
sensor.xiao_sensor_xiao_12d7dc_battery_voltage,3.48,2026-07-27T12:35:07.389Z
sensor.xiao_sensor_xiao_12d7dc_battery_voltage,3.47,2026-07-27T12:35:18.592Z
sensor.xiao_sensor_xiao_12d7dc_battery_voltage,3.48,2026-07-27T12:35:40.986Z
sensor.xiao_sensor_xiao_12d7dc_battery_voltage,3.47,2026-07-27T12:35:52.220Z
sensor.xiao_sensor_xiao_12d7dc_battery_voltage,3.48,2026-07-27T12:36:26.085Z
sensor.xiao_sensor_xiao_12d7dc_battery_voltage,3.47,2026-07-27T12:36:59.597Z
sensor.xiao_sensor_xiao_12d7dc_battery_voltage,3.48,2026-07-27T12:37:56.025Z
sensor.xiao_sensor_xiao_12d7dc_battery_voltage,3.47,2026-07-27T12:38:07.190Z
sensor.xiao_sensor_xiao_12d7dc_battery_voltage,3.48,2026-07-27T12:38:18.681Z
sensor.xiao_sensor_xiao_12d7dc_battery_voltage,3.47,2026-07-27T12:38:29.843Z
sensor.xiao_sensor_xiao_12d7dc_battery_voltage,3.48,2026-07-27T12:38:41.004Z
sensor.xiao_sensor_xiao_12d7dc_battery_voltage,3.47,2026-07-27T12:38:52.240Z
sensor.xiao_sensor_xiao_12d7dc_battery_voltage,3.48,2026-07-27T12:39:14.643Z
sensor.xiao_sensor_xiao_12d7dc_battery_voltage,3.47,2026-07-27T12:39:37.266Z
sensor.xiao_sensor_xiao_12d7dc_battery_voltage,3.48,2026-07-27T12:41:40.821Z
sensor.xiao_sensor_xiao_12d7dc_battery_voltage,3.47,2026-07-27T12:41:52.264Z
sensor.xiao_sensor_xiao_12d7dc_battery_voltage,3.48,2026-07-27T12:43:22.320Z
sensor.xiao_sensor_xiao_12d7dc_battery_voltage,3.47,2026-07-27T12:43:33.510Z
sensor.xiao_sensor_xiao_12d7dc_battery_voltage,3.48,2026-07-27T12:45:48.277Z
sensor.xiao_sensor_xiao_12d7dc_battery_voltage,3.47,2026-07-27T12:45:59.504Z
sensor.xiao_sensor_xiao_12d7dc_battery_voltage,3.48,2026-07-27T12:49:22.836Z
sensor.xiao_sensor_xiao_12d7dc_battery_voltage,3.47,2026-07-27T12:49:34.255Z
sensor.xiao_sensor_xiao_12d7dc_battery_voltage,3.48,2026-07-27T12:56:42.366Z
sensor.xiao_sensor_xiao_12d7dc_battery_voltage,3.47,2026-07-27T12:56:53.548Z
sensor.xiao_sensor_xiao_12d7dc_battery_voltage,3.46,2026-07-27T12:57:49.953Z
sensor.xiao_sensor_xiao_12d7dc_battery_voltage,3.47,2026-07-27T12:58:01.317Z
sensor.xiao_sensor_xiao_12d7dc_battery_voltage,3.46,2026-07-27T13:02:43.559Z
sensor.xiao_sensor_xiao_12d7dc_battery_voltage,3.47,2026-07-27T13:02:54.751Z
sensor.xiao_sensor_xiao_12d7dc_battery_voltage,3.44,2026-07-27T13:03:51.173Z
sensor.xiao_sensor_xiao_12d7dc_battery_voltage,3.47,2026-07-27T13:04:02.357Z
sensor.xiao_sensor_xiao_12d7dc_battery_voltage,3.48,2026-07-27T13:05:09.420Z
sensor.xiao_sensor_xiao_12d7dc_battery_voltage,3.47,2026-07-27T13:05:20.598Z
sensor.xiao_sensor_xiao_12d7dc_battery_voltage,3.46,2026-07-27T13:05:31.757Z
sensor.xiao_sensor_xiao_12d7dc_battery_voltage,3.47,2026-07-27T13:06:16.702Z
sensor.xiao_sensor_xiao_12d7dc_battery_voltage,3.46,2026-07-27T13:07:01.699Z
sensor.xiao_sensor_xiao_12d7dc_battery_voltage,3.47,2026-07-27T13:07:13.150Z
sensor.xiao_sensor_xiao_12d7dc_battery_voltage,3.46,2026-07-27T13:07:35.570Z
sensor.xiao_sensor_xiao_12d7dc_battery_voltage,3.47,2026-07-27T13:07:58.169Z
sensor.xiao_sensor_xiao_12d7dc_battery_voltage,3.46,2026-07-27T13:08:20.823Z
sensor.xiao_sensor_xiao_12d7dc_battery_voltage,3.47,2026-07-27T13:08:31.988Z
sensor.xiao_sensor_xiao_12d7dc_battery_voltage,3.46,2026-07-27T13:10:24.130Z
sensor.xiao_sensor_xiao_12d7dc_battery_voltage,3.47,2026-07-27T13:10:35.289Z
sensor.xiao_sensor_xiao_12d7dc_battery_voltage,3.46,2026-07-27T13:11:09.381Z
sensor.xiao_sensor_xiao_12d7dc_battery_voltage,3.47,2026-07-27T13:11:20.790Z
sensor.xiao_sensor_xiao_12d7dc_battery_voltage,3.46,2026-07-27T13:12:16.770Z
sensor.xiao_sensor_xiao_12d7dc_battery_voltage,3.47,2026-07-27T13:12:27.945Z
sensor.xiao_sensor_xiao_12d7dc_battery_voltage,3.46,2026-07-27T13:13:12.957Z
sensor.xiao_sensor_xiao_12d7dc_battery_voltage,3.47,2026-07-27T13:13:24.375Z
sensor.xiao_sensor_xiao_12d7dc_battery_voltage,3.46,2026-07-27T13:13:57.866Z
sensor.xiao_sensor_xiao_12d7dc_battery_voltage,3.47,2026-07-27T13:14:09.289Z
sensor.xiao_sensor_xiao_12d7dc_battery_voltage,3.46,2026-07-27T13:17:43.386Z
sensor.xiao_sensor_xiao_12d7dc_battery_voltage,3.47,2026-07-27T13:17:54.559Z
sensor.xiao_sensor_xiao_12d7dc_battery_voltage,3.46,2026-07-27T13:18:39.610Z
sensor.xiao_sensor_xiao_12d7dc_battery_voltage,3.47,2026-07-27T13:19:13.175Z
sensor.xiao_sensor_xiao_12d7dc_battery_voltage,3.45,2026-07-27T13:19:47.020Z
sensor.xiao_sensor_xiao_12d7dc_battery_voltage,3.47,2026-07-27T13:19:58.194Z
sensor.xiao_sensor_xiao_12d7dc_battery_voltage,3.46,2026-07-27T13:20:33.532Z
sensor.xiao_sensor_xiao_12d7dc_battery_voltage,3.47,2026-07-27T13:20:44.697Z
sensor.xiao_sensor_xiao_12d7dc_battery_voltage,3.46,2026-07-27T13:20:56.170Z
sensor.xiao_sensor_xiao_12d7dc_battery_voltage,3.47,2026-07-27T13:21:08.620Z
sensor.xiao_sensor_xiao_12d7dc_battery_voltage,3.46,2026-07-27T13:21:19.786Z
sensor.xiao_sensor_xiao_12d7dc_battery_voltage,3.47,2026-07-27T13:21:31.265Z
sensor.xiao_sensor_xiao_12d7dc_battery_voltage,3.46,2026-07-27T13:21:42.426Z
sensor.xiao_sensor_xiao_12d7dc_battery_voltage,3.47,2026-07-27T13:21:53.589Z
sensor.xiao_sensor_xiao_12d7dc_battery_voltage,3.46,2026-07-27T13:23:23.542Z
sensor.xiao_sensor_xiao_12d7dc_battery_voltage,3.47,2026-07-27T13:24:08.684Z
sensor.xiao_sensor_xiao_12d7dc_battery_voltage,3.46,2026-07-27T13:24:19.853Z
sensor.xiao_sensor_xiao_12d7dc_battery_voltage,3.47,2026-07-27T13:24:31.034Z
sensor.xiao_sensor_xiao_12d7dc_battery_voltage,3.46,2026-07-27T13:24:42.450Z
sensor.xiao_sensor_xiao_12d7dc_battery_voltage,3.47,2026-07-27T13:24:53.691Z
sensor.xiao_sensor_xiao_12d7dc_battery_voltage,3.46,2026-07-27T13:25:16.367Z
sensor.xiao_sensor_xiao_12d7dc_battery_voltage,3.47,2026-07-27T13:25:27.845Z
sensor.xiao_sensor_xiao_12d7dc_battery_voltage,3.46,2026-07-27T13:25:50.194Z
sensor.xiao_sensor_xiao_12d7dc_battery_voltage,3.47,2026-07-27T13:26:01.418Z
sensor.xiao_sensor_xiao_12d7dc_battery_voltage,3.46,2026-07-27T13:26:12.588Z
sensor.xiao_sensor_xiao_12d7dc_battery_voltage,3.47,2026-07-27T13:26:34.911Z
sensor.xiao_sensor_xiao_12d7dc_battery_voltage,3.46,2026-07-27T13:26:57.553Z
sensor.xiao_sensor_xiao_12d7dc_battery_voltage,3.47,2026-07-27T13:27:08.744Z
sensor.xiao_sensor_xiao_12d7dc_battery_voltage,3.46,2026-07-27T13:27:31.296Z
sensor.xiao_sensor_xiao_12d7dc_battery_voltage,3.47,2026-07-27T13:28:27.558Z
sensor.xiao_sensor_xiao_12d7dc_battery_voltage,3.46,2026-07-27T13:28:49.901Z
sensor.xiao_sensor_xiao_12d7dc_battery_voltage,3.47,2026-07-27T13:29:57.484Z
sensor.xiao_sensor_xiao_12d7dc_battery_voltage,3.46,2026-07-27T13:30:08.652Z
sensor.xiao_sensor_xiao_12d7dc_battery_voltage,3.47,2026-07-27T13:30:19.894Z
sensor.xiao_sensor_xiao_12d7dc_battery_voltage,3.46,2026-07-27T13:30:42.492Z
sensor.xiao_sensor_xiao_12d7dc_battery_voltage,3.47,2026-07-27T13:34:49.705Z
sensor.xiao_sensor_xiao_12d7dc_battery_voltage,3.46,2026-07-27T13:35:00.877Z
sensor.xiao_sensor_xiao_12d7dc_battery_voltage,3.47,2026-07-27T13:35:12.043Z
sensor.xiao_sensor_xiao_12d7dc_battery_voltage,3.46,2026-07-27T13:35:23.205Z
sensor.xiao_sensor_xiao_12d7dc_battery_voltage,3.47,2026-07-27T13:38:45.347Z
sensor.xiao_sensor_xiao_12d7dc_battery_voltage,3.46,2026-07-27T13:38:56.525Z
sensor.xiao_sensor_xiao_12d7dc_battery_voltage,3.45,2026-07-27T13:41:12.068Z
sensor.xiao_sensor_xiao_12d7dc_battery_voltage,3.46,2026-07-27T13:41:23.247Z
sensor.xiao_sensor_xiao_12d7dc_battery_voltage,3.47,2026-07-27T13:41:57.017Z
sensor.xiao_sensor_xiao_12d7dc_battery_voltage,3.46,2026-07-27T13:42:08.175Z
sensor.xiao_sensor_xiao_12d7dc_battery_voltage,3.47,2026-07-27T13:42:30.850Z
sensor.xiao_sensor_xiao_12d7dc_battery_voltage,3.45,2026-07-27T13:42:42.004Z
sensor.xiao_sensor_xiao_12d7dc_battery_voltage,3.47,2026-07-27T13:42:53.164Z
sensor.xiao_sensor_xiao_12d7dc_battery_voltage,3.46,2026-07-27T13:43:04.398Z
sensor.xiao_sensor_xiao_12d7dc_battery_voltage,3.45,2026-07-27T13:47:44.692Z
sensor.xiao_sensor_xiao_12d7dc_battery_voltage,3.46,2026-07-27T13:47:55.857Z
sensor.xiao_sensor_xiao_12d7dc_battery_voltage,3.45,2026-07-27T13:48:07.031Z
sensor.xiao_sensor_xiao_12d7dc_battery_voltage,3.46,2026-07-27T13:48:18.201Z
sensor.xiao_sensor_xiao_12d7dc_battery_voltage,3.45,2026-07-27T13:58:59.962Z
sensor.xiao_sensor_xiao_12d7dc_battery_voltage,3.46,2026-07-27T13:59:11.190Z
sensor.xiao_sensor_xiao_12d7dc_battery_voltage,3.45,2026-07-27T13:59:44.735Z
sensor.xiao_sensor_xiao_12d7dc_battery_voltage,3.46,2026-07-27T13:59:55.920Z
sensor.xiao_sensor_xiao_12d7dc_battery_voltage,3.45,2026-07-27T14:01:48.561Z
sensor.xiao_sensor_xiao_12d7dc_battery_voltage,3.46,2026-07-27T14:02:00.032Z
sensor.xiao_sensor_xiao_12d7dc_battery_voltage,3.45,2026-07-27T14:03:52.821Z
sensor.xiao_sensor_xiao_12d7dc_battery_voltage,3.46,2026-07-27T14:04:15.466Z
sensor.xiao_sensor_xiao_12d7dc_battery_voltage,3.45,2026-07-27T14:04:26.635Z
sensor.xiao_sensor_xiao_12d7dc_battery_voltage,3.46,2026-07-27T14:04:37.877Z
sensor.xiao_sensor_xiao_12d7dc_battery_voltage,3.45,2026-07-27T14:05:44.947Z
sensor.xiao_sensor_xiao_12d7dc_battery_voltage,3.46,2026-07-27T14:06:07.584Z
sensor.xiao_sensor_xiao_12d7dc_battery_voltage,3.45,2026-07-27T14:06:52.528Z
sensor.xiao_sensor_xiao_12d7dc_battery_voltage,3.46,2026-07-27T14:07:03.702Z
sensor.xiao_sensor_xiao_12d7dc_battery_voltage,3.45,2026-07-27T14:09:41.130Z
sensor.xiao_sensor_xiao_12d7dc_battery_voltage,3.42,2026-07-27T14:10:03.807Z
sensor.xiao_sensor_xiao_12d7dc_battery_voltage,3.45,2026-07-27T14:10:14.974Z
sensor.xiao_sensor_xiao_12d7dc_battery_voltage,3.46,2026-07-27T14:10:26.178Z
sensor.xiao_sensor_xiao_12d7dc_battery_voltage,3.45,2026-07-27T14:10:37.347Z
sensor.xiao_sensor_xiao_12d7dc_battery_voltage,3.46,2026-07-27T14:10:48.494Z
sensor.xiao_sensor_xiao_12d7dc_battery_voltage,3.45,2026-07-27T14:10:59.659Z
sensor.xiao_sensor_xiao_12d7dc_battery_voltage,3.46,2026-07-27T14:11:10.851Z
sensor.xiao_sensor_xiao_12d7dc_battery_voltage,3.45,2026-07-27T14:11:22.406Z
sensor.xiao_sensor_xiao_12d7dc_battery_voltage,3.46,2026-07-27T14:11:33.576Z
sensor.xiao_sensor_xiao_12d7dc_battery_voltage,3.45,2026-07-27T14:11:44.768Z
sensor.xiao_sensor_xiao_12d7dc_battery_voltage,3.46,2026-07-27T14:12:07.144Z
sensor.xiao_sensor_xiao_12d7dc_battery_voltage,3.45,2026-07-27T14:12:29.479Z
sensor.xiao_sensor_xiao_12d7dc_battery_voltage,3.46,2026-07-27T14:12:40.707Z
sensor.xiao_sensor_xiao_12d7dc_battery_voltage,3.45,2026-07-27T14:13:59.541Z
sensor.xiao_sensor_xiao_12d7dc_battery_voltage,3.46,2026-07-27T14:14:21.932Z
sensor.xiao_sensor_xiao_12d7dc_battery_voltage,3.45,2026-07-27T14:14:55.579Z
sensor.xiao_sensor_xiao_12d7dc_battery_voltage,3.46,2026-07-27T14:15:06.755Z
sensor.xiao_sensor_xiao_12d7dc_battery_voltage,3.45,2026-07-27T14:15:29.087Z
sensor.xiao_sensor_xiao_12d7dc_battery_voltage,3.46,2026-07-27T14:16:14.408Z
sensor.xiao_sensor_xiao_12d7dc_battery_voltage,3.45,2026-07-27T14:16:25.580Z
sensor.xiao_sensor_xiao_12d7dc_battery_voltage,3.46,2026-07-27T14:16:36.807Z
sensor.xiao_sensor_xiao_12d7dc_battery_voltage,3.45,2026-07-27T14:16:48.000Z
sensor.xiao_sensor_xiao_12d7dc_battery_voltage,3.46,2026-07-27T14:17:21.774Z
sensor.xiao_sensor_xiao_12d7dc_battery_voltage,3.45,2026-07-27T14:17:44.135Z
sensor.xiao_sensor_xiao_12d7dc_battery_voltage,3.46,2026-07-27T14:17:55.622Z
sensor.xiao_sensor_xiao_12d7dc_battery_voltage,3.45,2026-07-27T14:18:07.046Z
sensor.xiao_sensor_xiao_12d7dc_battery_voltage,3.46,2026-07-27T14:18:29.658Z
sensor.xiao_sensor_xiao_12d7dc_battery_voltage,3.45,2026-07-27T14:18:40.882Z
sensor.xiao_sensor_xiao_12d7dc_battery_voltage,3.46,2026-07-27T14:19:14.682Z
sensor.xiao_sensor_xiao_12d7dc_battery_voltage,3.45,2026-07-27T14:19:25.844Z
sensor.xiao_sensor_xiao_12d7dc_battery_voltage,3.46,2026-07-27T14:19:59.665Z
sensor.xiao_sensor_xiao_12d7dc_battery_voltage,3.45,2026-07-27T14:20:10.840Z
sensor.xiao_sensor_xiao_12d7dc_battery_voltage,3.46,2026-07-27T14:21:06.771Z
sensor.xiao_sensor_xiao_12d7dc_battery_voltage,3.45,2026-07-27T14:21:17.948Z
sensor.xiao_sensor_xiao_12d7dc_battery_voltage,3.46,2026-07-27T14:21:29.174Z
sensor.xiao_sensor_xiao_12d7dc_battery_voltage,3.45,2026-07-27T14:21:40.356Z
sensor.xiao_sensor_xiao_12d7dc_battery_voltage,3.46,2026-07-27T14:22:37.169Z
sensor.xiao_sensor_xiao_12d7dc_battery_voltage,3.45,2026-07-27T14:22:48.336Z
sensor.xiao_sensor_xiao_12d7dc_battery_voltage,3.46,2026-07-27T14:23:10.691Z
sensor.xiao_sensor_xiao_12d7dc_battery_voltage,3.45,2026-07-27T14:23:21.876Z
sensor.xiao_sensor_xiao_12d7dc_battery_voltage,3.46,2026-07-27T14:23:33.046Z
sensor.xiao_sensor_xiao_12d7dc_battery_voltage,3.45,2026-07-27T14:23:44.295Z
sensor.xiao_sensor_xiao_12d7dc_battery_voltage,3.46,2026-07-27T14:23:55.456Z
sensor.xiao_sensor_xiao_12d7dc_battery_voltage,3.45,2026-07-27T14:24:07.622Z
sensor.xiao_sensor_xiao_12d7dc_battery_voltage,3.46,2026-07-27T14:24:29.958Z
sensor.xiao_sensor_xiao_12d7dc_battery_voltage,3.45,2026-07-27T14:24:41.132Z
sensor.xiao_sensor_xiao_12d7dc_battery_voltage,3.44,2026-07-27T14:25:16.161Z
sensor.xiao_sensor_xiao_12d7dc_battery_voltage,3.45,2026-07-27T14:25:27.579Z
sensor.xiao_sensor_xiao_12d7dc_battery_voltage,3.46,2026-07-27T14:26:23.498Z
sensor.xiao_sensor_xiao_12d7dc_battery_voltage,3.45,2026-07-27T14:26:34.654Z
sensor.xiao_sensor_xiao_12d7dc_battery_voltage,3.46,2026-07-27T14:28:37.924Z
sensor.xiao_sensor_xiao_12d7dc_battery_voltage,3.45,2026-07-27T14:28:49.100Z
sensor.xiao_sensor_xiao_12d7dc_battery_voltage,3.46,2026-07-27T14:29:22.598Z
sensor.xiao_sensor_xiao_12d7dc_battery_voltage,3.45,2026-07-27T14:29:33.773Z
sensor.xiao_sensor_xiao_12d7dc_battery_voltage,3.46,2026-07-27T14:32:22.087Z
sensor.xiao_sensor_xiao_12d7dc_battery_voltage,3.45,2026-07-27T14:32:33.244Z
sensor.xiao_sensor_xiao_12d7dc_battery_voltage,3.46,2026-07-27T14:33:40.581Z
sensor.xiao_sensor_xiao_12d7dc_battery_voltage,3.45,2026-07-27T14:33:51.739Z
sensor.xiao_sensor_xiao_12d7dc_battery_voltage,3.44,2026-07-27T14:34:25.317Z
sensor.xiao_sensor_xiao_12d7dc_battery_voltage,3.46,2026-07-27T14:34:36.493Z
sensor.xiao_sensor_xiao_12d7dc_battery_voltage,3.45,2026-07-27T14:34:47.689Z
sensor.xiao_sensor_xiao_12d7dc_battery_voltage,3.44,2026-07-27T14:36:17.928Z
sensor.xiao_sensor_xiao_12d7dc_battery_voltage,3.45,2026-07-27T14:36:29.110Z
sensor.xiao_sensor_xiao_12d7dc_battery_voltage,3.46,2026-07-27T14:36:51.456Z
sensor.xiao_sensor_xiao_12d7dc_battery_voltage,3.45,2026-07-27T14:37:02.929Z
sensor.xiao_sensor_xiao_12d7dc_battery_voltage,3.44,2026-07-27T14:37:58.992Z
sensor.xiao_sensor_xiao_12d7dc_battery_voltage,3.45,2026-07-27T14:38:10.219Z
sensor.xiao_sensor_xiao_12d7dc_battery_voltage,3.44,2026-07-27T14:39:39.787Z
sensor.xiao_sensor_xiao_12d7dc_battery_voltage,3.45,2026-07-27T14:39:50.968Z
sensor.xiao_sensor_xiao_12d7dc_battery_voltage,3.44,2026-07-27T14:40:02.136Z
sensor.xiao_sensor_xiao_12d7dc_battery_voltage,3.45,2026-07-27T14:40:13.417Z
sensor.xiao_sensor_xiao_12d7dc_battery_voltage,3.44,2026-07-27T14:42:06.880Z
sensor.xiao_sensor_xiao_12d7dc_battery_voltage,3.45,2026-07-27T14:42:18.058Z
sensor.xiao_sensor_xiao_12d7dc_battery_voltage,3.44,2026-07-27T14:47:10.339Z
sensor.xiao_sensor_xiao_12d7dc_battery_voltage,3.45,2026-07-27T14:47:21.519Z
sensor.xiao_sensor_xiao_12d7dc_battery_voltage,3.44,2026-07-27T14:47:32.998Z
sensor.xiao_sensor_xiao_12d7dc_battery_voltage,3.45,2026-07-27T14:47:44.191Z
sensor.xiao_sensor_xiao_12d7dc_battery_voltage,3.44,2026-07-27T14:48:06.830Z
sensor.xiao_sensor_xiao_12d7dc_battery_voltage,3.45,2026-07-27T14:48:18.033Z
sensor.xiao_sensor_xiao_12d7dc_battery_voltage,3.44,2026-07-27T14:48:40.458Z
sensor.xiao_sensor_xiao_12d7dc_battery_voltage,3.45,2026-07-27T14:48:51.632Z
sensor.xiao_sensor_xiao_12d7dc_battery_voltage,3.44,2026-07-27T14:49:03.116Z
sensor.xiao_sensor_xiao_12d7dc_battery_voltage,3.45,2026-07-27T14:49:14.266Z
sensor.xiao_sensor_xiao_12d7dc_battery_voltage,3.44,2026-07-27T14:50:56.164Z
sensor.xiao_sensor_xiao_12d7dc_battery_voltage,3.45,2026-07-27T14:51:08.545Z
sensor.xiao_sensor_xiao_12d7dc_battery_voltage,3.44,2026-07-27T14:51:19.758Z
sensor.xiao_sensor_xiao_12d7dc_battery_voltage,3.45,2026-07-27T14:51:30.907Z
sensor.xiao_sensor_xiao_12d7dc_battery_voltage,3.44,2026-07-27T14:55:04.284Z
sensor.xiao_sensor_xiao_12d7dc_battery_voltage,3.45,2026-07-27T14:55:15.483Z
sensor.xiao_sensor_xiao_12d7dc_battery_voltage,3.44,2026-07-27T14:56:33.986Z
sensor.xiao_sensor_xiao_12d7dc_battery_voltage,3.45,2026-07-27T14:56:46.409Z
sensor.xiao_sensor_xiao_12d7dc_battery_voltage,3.44,2026-07-27T14:56:57.561Z
sensor.xiao_sensor_xiao_12d7dc_battery_voltage,3.45,2026-07-27T14:57:09.047Z
sensor.xiao_sensor_xiao_12d7dc_battery_voltage,3.44,2026-07-27T14:58:27.602Z
sensor.xiao_sensor_xiao_12d7dc_battery_voltage,3.45,2026-07-27T14:58:38.769Z
sensor.xiao_sensor_xiao_12d7dc_battery_voltage,3.44,2026-07-27T14:58:49.949Z
sensor.xiao_sensor_xiao_12d7dc_battery_voltage,3.43,2026-07-27T14:59:12.410Z
sensor.xiao_sensor_xiao_12d7dc_battery_voltage,3.45,2026-07-27T14:59:23.668Z
sensor.xiao_sensor_xiao_12d7dc_battery_voltage,3.44,2026-07-27T14:59:34.827Z
sensor.xiao_sensor_xiao_12d7dc_battery_voltage,3.45,2026-07-27T14:59:57.718Z
sensor.xiao_sensor_xiao_12d7dc_battery_voltage,3.44,2026-07-27T15:00:20.381Z
sensor.xiao_sensor_xiao_12d7dc_battery_voltage,3.45,2026-07-27T15:00:31.550Z
sensor.xiao_sensor_xiao_12d7dc_battery_voltage,3.44,2026-07-27T15:01:17.324Z
sensor.xiao_sensor_xiao_12d7dc_battery_voltage,3.45,2026-07-27T15:02:02.293Z
sensor.xiao_sensor_xiao_12d7dc_battery_voltage,3.44,2026-07-27T15:02:13.495Z
sensor.xiao_sensor_xiao_12d7dc_battery_voltage,3.45,2026-07-27T15:02:24.664Z
sensor.xiao_sensor_xiao_12d7dc_battery_voltage,3.44,2026-07-27T15:02:46.995Z
sensor.xiao_sensor_xiao_12d7dc_battery_voltage,3.45,2026-07-27T15:02:58.168Z
sensor.xiao_sensor_xiao_12d7dc_battery_voltage,3.44,2026-07-27T15:03:09.552Z
sensor.xiao_sensor_xiao_12d7dc_battery_voltage,3.45,2026-07-27T15:03:31.954Z
sensor.xiao_sensor_xiao_12d7dc_battery_voltage,3.44,2026-07-27T15:03:43.122Z
sensor.xiao_sensor_xiao_12d7dc_battery_voltage,3.45,2026-07-27T15:04:39.119Z
sensor.xiao_sensor_xiao_12d7dc_battery_voltage,3.44,2026-07-27T15:05:24.033Z
sensor.xiao_sensor_xiao_12d7dc_battery_voltage,3.45,2026-07-27T15:05:57.585Z
sensor.xiao_sensor_xiao_12d7dc_battery_voltage,3.44,2026-07-27T15:06:08.749Z
sensor.xiao_sensor_xiao_12d7dc_battery_voltage,3.45,2026-07-27T15:06:53.563Z
sensor.xiao_sensor_xiao_12d7dc_battery_voltage,3.44,2026-07-27T15:07:04.750Z
sensor.xiao_sensor_xiao_12d7dc_battery_voltage,3.45,2026-07-27T15:07:50.443Z
sensor.xiao_sensor_xiao_12d7dc_battery_voltage,3.44,2026-07-27T15:08:12.796Z
sensor.xiao_sensor_xiao_12d7dc_battery_voltage,3.45,2026-07-27T15:09:54.029Z
sensor.xiao_sensor_xiao_12d7dc_battery_voltage,3.44,2026-07-27T15:10:05.212Z
sensor.xiao_sensor_xiao_12d7dc_battery_voltage,3.39,2026-07-27T15:10:16.441Z
sensor.xiao_sensor_xiao_12d7dc_battery_voltage,3.44,2026-07-27T15:10:27.917Z
sensor.xiao_sensor_xiao_12d7dc_battery_voltage,3.45,2026-07-27T15:11:35.506Z
sensor.xiao_sensor_xiao_12d7dc_battery_voltage,3.44,2026-07-27T15:11:46.944Z
sensor.xiao_sensor_xiao_12d7dc_battery_voltage,3.45,2026-07-27T15:11:58.124Z
sensor.xiao_sensor_xiao_12d7dc_battery_voltage,3.44,2026-07-27T15:12:09.288Z
sensor.xiao_sensor_xiao_12d7dc_battery_voltage,3.45,2026-07-27T15:15:42.501Z
sensor.xiao_sensor_xiao_12d7dc_battery_voltage,3.44,2026-07-27T15:15:53.680Z
sensor.xiao_sensor_xiao_12d7dc_battery_voltage,3.45,2026-07-27T15:17:56.939Z
sensor.xiao_sensor_xiao_12d7dc_battery_voltage,3.44,2026-07-27T15:18:08.332Z
sensor.xiao_sensor_xiao_12d7dc_battery_voltage,3.45,2026-07-27T15:18:42.121Z
sensor.xiao_sensor_xiao_12d7dc_battery_voltage,3.44,2026-07-27T15:18:53.562Z
sensor.xiao_sensor_xiao_12d7dc_battery_voltage,3.43,2026-07-27T15:29:57.445Z
sensor.xiao_sensor_xiao_12d7dc_battery_voltage,3.44,2026-07-27T15:30:08.627Z
sensor.xiao_sensor_xiao_12d7dc_battery_voltage,3.45,2026-07-27T15:31:27.855Z
sensor.xiao_sensor_xiao_12d7dc_battery_voltage,3.44,2026-07-27T15:31:39.031Z
sensor.xiao_sensor_xiao_12d7dc_battery_voltage,3.4,2026-07-27T15:35:12.931Z
sensor.xiao_sensor_xiao_12d7dc_battery_voltage,3.44,2026-07-27T15:35:24.092Z
sensor.xiao_sensor_xiao_12d7dc_battery_voltage,3.43,2026-07-27T15:37:38.607Z
sensor.xiao_sensor_xiao_12d7dc_battery_voltage,3.44,2026-07-27T15:37:49.809Z
sensor.xiao_sensor_xiao_12d7dc_battery_voltage,3.43,2026-07-27T15:43:38.582Z
sensor.xiao_sensor_xiao_12d7dc_battery_voltage,3.44,2026-07-27T15:44:00.918Z
sensor.xiao_sensor_xiao_12d7dc_battery_voltage,3.43,2026-07-27T15:44:57.295Z
sensor.xiao_sensor_xiao_12d7dc_battery_voltage,3.44,2026-07-27T15:45:08.702Z
sensor.xiao_sensor_xiao_12d7dc_battery_voltage,3.43,2026-07-27T15:45:42.206Z
sensor.xiao_sensor_xiao_12d7dc_battery_voltage,3.44,2026-07-27T15:45:53.369Z
sensor.xiao_sensor_xiao_12d7dc_battery_voltage,3.43,2026-07-27T15:46:15.930Z
sensor.xiao_sensor_xiao_12d7dc_battery_voltage,3.44,2026-07-27T15:46:27.102Z
sensor.xiao_sensor_xiao_12d7dc_battery_voltage,3.43,2026-07-27T15:47:23.006Z
sensor.xiao_sensor_xiao_12d7dc_battery_voltage,3.44,2026-07-27T15:47:45.330Z
sensor.xiao_sensor_xiao_12d7dc_battery_voltage,3.43,2026-07-27T15:48:30.223Z
sensor.xiao_sensor_xiao_12d7dc_battery_voltage,3.44,2026-07-27T15:48:41.393Z
sensor.xiao_sensor_xiao_12d7dc_battery_voltage,3.43,2026-07-27T15:49:03.969Z
sensor.xiao_sensor_xiao_12d7dc_battery_voltage,3.44,2026-07-27T15:49:15.132Z
sensor.xiao_sensor_xiao_12d7dc_battery_voltage,3.43,2026-07-27T15:49:26.314Z
sensor.xiao_sensor_xiao_12d7dc_battery_voltage,3.44,2026-07-27T15:49:37.480Z
sensor.xiao_sensor_xiao_12d7dc_battery_voltage,3.41,2026-07-27T15:49:59.810Z
sensor.xiao_sensor_xiao_12d7dc_battery_voltage,3.44,2026-07-27T15:50:10.975Z
sensor.xiao_sensor_xiao_12d7dc_battery_voltage,3.43,2026-07-27T15:50:44.810Z
sensor.xiao_sensor_xiao_12d7dc_battery_voltage,3.44,2026-07-27T15:50:56.221Z
sensor.xiao_sensor_xiao_12d7dc_battery_voltage,3.43,2026-07-27T15:51:07.388Z
sensor.xiao_sensor_xiao_12d7dc_battery_voltage,3.44,2026-07-27T15:51:18.553Z
sensor.xiao_sensor_xiao_12d7dc_battery_voltage,3.43,2026-07-27T15:51:29.729Z
sensor.xiao_sensor_xiao_12d7dc_battery_voltage,3.44,2026-07-27T15:51:41.137Z
sensor.xiao_sensor_xiao_12d7dc_battery_voltage,3.43,2026-07-27T15:51:52.310Z
sensor.xiao_sensor_xiao_12d7dc_battery_voltage,3.44,2026-07-27T15:52:26.081Z
sensor.xiao_sensor_xiao_12d7dc_battery_voltage,3.43,2026-07-27T15:53:22.181Z
sensor.xiao_sensor_xiao_12d7dc_battery_voltage,3.44,2026-07-27T15:53:55.806Z
sensor.xiao_sensor_xiao_12d7dc_battery_voltage,3.43,2026-07-27T15:54:07.181Z
sensor.xiao_sensor_xiao_12d7dc_battery_voltage,3.44,2026-07-27T15:54:52.970Z
sensor.xiao_sensor_xiao_12d7dc_battery_voltage,3.43,2026-07-27T15:55:15.304Z
sensor.xiao_sensor_xiao_12d7dc_battery_voltage,3.44,2026-07-27T15:55:37.723Z
sensor.xiao_sensor_xiao_12d7dc_battery_voltage,3.43,2026-07-27T15:56:00.069Z
sensor.xiao_sensor_xiao_12d7dc_battery_voltage,3.44,2026-07-27T15:56:11.245Z
sensor.xiao_sensor_xiao_12d7dc_battery_voltage,3.43,2026-07-27T15:56:56.223Z
sensor.xiao_sensor_xiao_12d7dc_battery_voltage,3.44,2026-07-27T15:57:07.386Z
sensor.xiao_sensor_xiao_12d7dc_battery_voltage,3.43,2026-07-27T15:57:29.731Z
sensor.xiao_sensor_xiao_12d7dc_battery_voltage,3.44,2026-07-27T15:57:40.881Z
sensor.xiao_sensor_xiao_12d7dc_battery_voltage,3.43,2026-07-27T15:57:52.108Z
sensor.xiao_sensor_xiao_12d7dc_battery_voltage,3.44,2026-07-27T15:58:03.273Z
sensor.xiao_sensor_xiao_12d7dc_battery_voltage,3.43,2026-07-27T15:58:25.715Z
sensor.xiao_sensor_xiao_12d7dc_battery_voltage,3.44,2026-07-27T16:00:18.457Z
sensor.xiao_sensor_xiao_12d7dc_battery_voltage,3.43,2026-07-27T16:00:29.655Z
sensor.xiao_sensor_xiao_12d7dc_battery_voltage,3.44,2026-07-27T16:00:52.041Z
sensor.xiao_sensor_xiao_12d7dc_battery_voltage,3.43,2026-07-27T16:01:03.214Z
sensor.xiao_sensor_xiao_12d7dc_battery_voltage,3.44,2026-07-27T16:01:14.618Z
sensor.xiao_sensor_xiao_12d7dc_battery_voltage,3.43,2026-07-27T16:01:26.000Z
sensor.xiao_sensor_xiao_12d7dc_battery_voltage,3.44,2026-07-27T16:01:37.156Z
sensor.xiao_sensor_xiao_12d7dc_battery_voltage,3.43,2026-07-27T16:01:59.700Z
sensor.xiao_sensor_xiao_12d7dc_battery_voltage,3.44,2026-07-27T16:02:33.227Z
sensor.xiao_sensor_xiao_12d7dc_battery_voltage,3.43,2026-07-27T16:03:06.759Z
sensor.xiao_sensor_xiao_12d7dc_battery_voltage,3.44,2026-07-27T16:03:29.149Z
sensor.xiao_sensor_xiao_12d7dc_battery_voltage,3.43,2026-07-27T16:03:40.309Z
sensor.xiao_sensor_xiao_12d7dc_battery_voltage,3.44,2026-07-27T16:06:17.164Z
sensor.xiao_sensor_xiao_12d7dc_battery_voltage,3.43,2026-07-27T16:06:28.327Z
sensor.xiao_sensor_xiao_12d7dc_battery_voltage,3.44,2026-07-27T16:06:50.678Z
sensor.xiao_sensor_xiao_12d7dc_battery_voltage,3.43,2026-07-27T16:07:35.397Z
sensor.xiao_sensor_xiao_12d7dc_battery_voltage,3.44,2026-07-27T16:07:46.608Z
sensor.xiao_sensor_xiao_12d7dc_battery_voltage,3.43,2026-07-27T16:07:57.769Z
sensor.xiao_sensor_xiao_12d7dc_battery_voltage,3.44,2026-07-27T16:08:08.984Z
sensor.xiao_sensor_xiao_12d7dc_battery_voltage,3.42,2026-07-27T16:08:31.433Z
sensor.xiao_sensor_xiao_12d7dc_battery_voltage,3.44,2026-07-27T16:08:42.598Z
sensor.xiao_sensor_xiao_12d7dc_battery_voltage,3.43,2026-07-27T16:08:53.770Z
sensor.xiao_sensor_xiao_12d7dc_battery_voltage,3.44,2026-07-27T16:09:49.862Z
sensor.xiao_sensor_xiao_12d7dc_battery_voltage,3.43,2026-07-27T16:10:01.076Z
sensor.xiao_sensor_xiao_12d7dc_battery_voltage,3.44,2026-07-27T16:10:34.584Z
sensor.xiao_sensor_xiao_12d7dc_battery_voltage,3.43,2026-07-27T16:10:45.737Z
sensor.xiao_sensor_xiao_12d7dc_battery_voltage,3.42,2026-07-27T16:13:22.921Z
sensor.xiao_sensor_xiao_12d7dc_battery_voltage,3.43,2026-07-27T16:13:34.088Z
sensor.xiao_sensor_xiao_12d7dc_battery_voltage,3.44,2026-07-27T16:14:52.957Z
sensor.xiao_sensor_xiao_12d7dc_battery_voltage,3.43,2026-07-27T16:15:04.231Z
sensor.xiao_sensor_xiao_12d7dc_battery_voltage,3.44,2026-07-27T16:17:53.530Z
sensor.xiao_sensor_xiao_12d7dc_battery_voltage,3.43,2026-07-27T16:18:04.705Z
sensor.xiao_sensor_xiao_12d7dc_battery_voltage,3.42,2026-07-27T16:27:37.742Z
sensor.xiao_sensor_xiao_12d7dc_battery_voltage,3.43,2026-07-27T16:27:48.899Z
sensor.xiao_sensor_xiao_12d7dc_battery_voltage,3.39,2026-07-27T16:28:56.766Z
sensor.xiao_sensor_xiao_12d7dc_battery_voltage,3.43,2026-07-27T16:29:07.973Z
sensor.xiao_sensor_xiao_12d7dc_battery_voltage,3.44,2026-07-27T16:29:41.773Z
sensor.xiao_sensor_xiao_12d7dc_battery_voltage,3.43,2026-07-27T16:29:53.199Z
sensor.xiao_sensor_xiao_12d7dc_battery_voltage,3.41,2026-07-27T16:30:38.553Z
sensor.xiao_sensor_xiao_12d7dc_battery_voltage,3.43,2026-07-27T16:30:49.722Z
sensor.xiao_sensor_xiao_12d7dc_battery_voltage,3.41,2026-07-27T16:31:34.473Z
sensor.xiao_sensor_xiao_12d7dc_battery_voltage,3.43,2026-07-27T16:31:45.657Z
sensor.xiao_sensor_xiao_12d7dc_battery_voltage,3.42,2026-07-27T16:34:00.396Z
sensor.xiao_sensor_xiao_12d7dc_battery_voltage,3.43,2026-07-27T16:34:11.583Z
sensor.xiao_sensor_xiao_12d7dc_battery_voltage,3.42,2026-07-27T16:36:14.628Z
sensor.xiao_sensor_xiao_12d7dc_battery_voltage,3.43,2026-07-27T16:36:37.058Z
sensor.xiao_sensor_xiao_12d7dc_battery_voltage,3.42,2026-07-27T16:36:59.725Z
sensor.xiao_sensor_xiao_12d7dc_battery_voltage,3.43,2026-07-27T16:37:10.851Z
sensor.xiao_sensor_xiao_12d7dc_battery_voltage,3.42,2026-07-27T16:37:44.505Z
sensor.xiao_sensor_xiao_12d7dc_battery_voltage,3.43,2026-07-27T16:37:55.683Z
sensor.xiao_sensor_xiao_12d7dc_battery_voltage,3.42,2026-07-27T16:39:48.121Z
sensor.xiao_sensor_xiao_12d7dc_battery_voltage,3.39,2026-07-27T16:39:59.296Z
sensor.xiao_sensor_xiao_12d7dc_battery_voltage,3.43,2026-07-27T16:40:10.472Z
sensor.xiao_sensor_xiao_12d7dc_battery_voltage,3.42,2026-07-27T16:40:55.363Z
sensor.xiao_sensor_xiao_12d7dc_battery_voltage,3.43,2026-07-27T16:41:17.707Z
sensor.xiao_sensor_xiao_12d7dc_battery_voltage,3.42,2026-07-27T16:42:36.134Z
sensor.xiao_sensor_xiao_12d7dc_battery_voltage,3.43,2026-07-27T16:42:47.586Z
sensor.xiao_sensor_xiao_12d7dc_battery_voltage,3.42,2026-07-27T16:43:43.773Z
sensor.xiao_sensor_xiao_12d7dc_battery_voltage,3.43,2026-07-27T16:43:54.937Z
sensor.xiao_sensor_xiao_12d7dc_battery_voltage,3.42,2026-07-27T16:46:32.132Z
sensor.xiao_sensor_xiao_12d7dc_battery_voltage,3.43,2026-07-27T16:46:43.302Z
sensor.xiao_sensor_xiao_12d7dc_battery_voltage,3.42,2026-07-27T16:47:29.043Z
sensor.xiao_sensor_xiao_12d7dc_battery_voltage,3.43,2026-07-27T16:47:40.205Z
sensor.xiao_sensor_xiao_12d7dc_battery_voltage,3.42,2026-07-27T16:49:09.839Z
sensor.xiao_sensor_xiao_12d7dc_battery_voltage,3.43,2026-07-27T16:49:21.123Z
sensor.xiao_sensor_xiao_12d7dc_battery_voltage,3.42,2026-07-27T16:49:32.403Z
sensor.xiao_sensor_xiao_12d7dc_battery_voltage,3.43,2026-07-27T16:49:43.579Z
sensor.xiao_sensor_xiao_12d7dc_battery_voltage,3.42,2026-07-27T16:50:28.286Z
sensor.xiao_sensor_xiao_12d7dc_battery_voltage,3.43,2026-07-27T16:50:39.772Z
sensor.xiao_sensor_xiao_12d7dc_battery_voltage,3.42,2026-07-27T16:52:09.741Z
sensor.xiao_sensor_xiao_12d7dc_battery_voltage,3.43,2026-07-27T16:52:20.874Z
sensor.xiao_sensor_xiao_12d7dc_battery_voltage,3.42,2026-07-27T16:52:54.590Z
sensor.xiao_sensor_xiao_12d7dc_battery_voltage,3.43,2026-07-27T16:53:05.834Z
sensor.xiao_sensor_xiao_12d7dc_battery_voltage,3.42,2026-07-27T16:53:28.178Z
sensor.xiao_sensor_xiao_12d7dc_battery_voltage,3.43,2026-07-27T16:53:39.361Z
sensor.xiao_sensor_xiao_12d7dc_battery_voltage,3.42,2026-07-27T16:54:01.696Z
sensor.xiao_sensor_xiao_12d7dc_battery_voltage,3.43,2026-07-27T16:54:12.876Z
sensor.xiao_sensor_xiao_12d7dc_battery_voltage,3.42,2026-07-27T16:54:35.206Z
sensor.xiao_sensor_xiao_12d7dc_battery_voltage,3.43,2026-07-27T16:54:46.629Z
sensor.xiao_sensor_xiao_12d7dc_battery_voltage,3.42,2026-07-27T16:55:42.500Z
sensor.xiao_sensor_xiao_12d7dc_battery_voltage,3.43,2026-07-27T16:55:53.981Z
sensor.xiao_sensor_xiao_12d7dc_battery_voltage,3.42,2026-07-27T16:56:38.648Z
sensor.xiao_sensor_xiao_12d7dc_battery_voltage,3.43,2026-07-27T16:56:50.093Z
sensor.xiao_sensor_xiao_12d7dc_battery_voltage,3.42,2026-07-27T16:57:02.522Z
sensor.xiao_sensor_xiao_12d7dc_battery_voltage,3.43,2026-07-27T16:57:13.715Z
sensor.xiao_sensor_xiao_12d7dc_battery_voltage,3.42,2026-07-27T16:58:21.301Z
sensor.xiao_sensor_xiao_12d7dc_battery_voltage,3.43,2026-07-27T16:58:32.508Z
sensor.xiao_sensor_xiao_12d7dc_battery_voltage,3.42,2026-07-27T16:58:54.865Z
sensor.xiao_sensor_xiao_12d7dc_battery_voltage,3.41,2026-07-27T16:59:06.291Z
sensor.xiao_sensor_xiao_12d7dc_battery_voltage,3.43,2026-07-27T16:59:17.790Z
sensor.xiao_sensor_xiao_12d7dc_battery_voltage,3.42,2026-07-27T16:59:40.372Z
sensor.xiao_sensor_xiao_12d7dc_battery_voltage,3.43,2026-07-27T16:59:51.545Z
sensor.xiao_sensor_xiao_12d7dc_battery_voltage,3.42,2026-07-27T17:00:25.051Z
sensor.xiao_sensor_xiao_12d7dc_battery_voltage,3.43,2026-07-27T17:00:36.208Z
sensor.xiao_sensor_xiao_12d7dc_battery_voltage,3.42,2026-07-27T17:00:47.372Z
sensor.xiao_sensor_xiao_12d7dc_battery_voltage,3.43,2026-07-27T17:01:20.946Z
sensor.xiao_sensor_xiao_12d7dc_battery_voltage,3.42,2026-07-27T17:01:43.277Z
sensor.xiao_sensor_xiao_12d7dc_battery_voltage,3.43,2026-07-27T17:02:05.646Z
sensor.xiao_sensor_xiao_12d7dc_battery_voltage,3.42,2026-07-27T17:02:28.049Z
sensor.xiao_sensor_xiao_12d7dc_battery_voltage,3.43,2026-07-27T17:02:50.658Z
sensor.xiao_sensor_xiao_12d7dc_battery_voltage,3.42,2026-07-27T17:03:02.081Z
sensor.xiao_sensor_xiao_12d7dc_battery_voltage,3.43,2026-07-27T17:03:24.681Z
sensor.xiao_sensor_xiao_12d7dc_battery_voltage,3.42,2026-07-27T17:03:35.868Z
sensor.xiao_sensor_xiao_12d7dc_battery_voltage,3.43,2026-07-27T17:03:58.194Z
sensor.xiao_sensor_xiao_12d7dc_battery_voltage,3.42,2026-07-27T17:04:20.592Z
sensor.xiao_sensor_xiao_12d7dc_battery_voltage,3.43,2026-07-27T17:04:31.778Z
sensor.xiao_sensor_xiao_12d7dc_battery_voltage,3.42,2026-07-27T17:04:43.240Z
sensor.xiao_sensor_xiao_12d7dc_battery_voltage,3.43,2026-07-27T17:05:05.589Z
sensor.xiao_sensor_xiao_12d7dc_battery_voltage,3.42,2026-07-27T17:05:16.755Z
sensor.xiao_sensor_xiao_12d7dc_battery_voltage,3.43,2026-07-27T17:07:53.507Z
sensor.xiao_sensor_xiao_12d7dc_battery_voltage,3.42,2026-07-27T17:08:16.342Z
sensor.xiao_sensor_xiao_12d7dc_battery_voltage,3.41,2026-07-27T17:08:27.505Z
sensor.xiao_sensor_xiao_12d7dc_battery_voltage,3.42,2026-07-27T17:08:38.670Z
sensor.xiao_sensor_xiao_12d7dc_battery_voltage,3.43,2026-07-27T17:08:49.848Z
sensor.xiao_sensor_xiao_12d7dc_battery_voltage,3.41,2026-07-27T17:09:01.101Z
sensor.xiao_sensor_xiao_12d7dc_battery_voltage,3.43,2026-07-27T17:09:12.265Z
sensor.xiao_sensor_xiao_12d7dc_battery_voltage,3.42,2026-07-27T17:09:23.435Z
sensor.xiao_sensor_xiao_12d7dc_battery_voltage,3.41,2026-07-27T17:09:34.609Z
sensor.xiao_sensor_xiao_12d7dc_battery_voltage,3.42,2026-07-27T17:09:45.873Z
sensor.xiao_sensor_xiao_12d7dc_battery_voltage,3.43,2026-07-27T17:11:04.379Z
sensor.xiao_sensor_xiao_12d7dc_battery_voltage,3.41,2026-07-27T17:11:15.545Z
sensor.xiao_sensor_xiao_12d7dc_battery_voltage,3.43,2026-07-27T17:11:26.733Z
sensor.xiao_sensor_xiao_12d7dc_battery_voltage,3.41,2026-07-27T17:12:00.595Z
sensor.xiao_sensor_xiao_12d7dc_battery_voltage,3.43,2026-07-27T17:12:11.769Z
sensor.xiao_sensor_xiao_12d7dc_battery_voltage,3.38,2026-07-27T17:12:23.001Z
sensor.xiao_sensor_xiao_12d7dc_battery_voltage,3.42,2026-07-27T17:12:34.173Z
sensor.xiao_sensor_xiao_12d7dc_battery_voltage,3.43,2026-07-27T17:12:45.410Z
sensor.xiao_sensor_xiao_12d7dc_battery_voltage,3.42,2026-07-27T17:12:56.635Z
sensor.xiao_sensor_xiao_12d7dc_battery_voltage,3.43,2026-07-27T17:13:08.802Z
sensor.xiao_sensor_xiao_12d7dc_battery_voltage,3.41,2026-07-27T17:13:31.129Z
sensor.xiao_sensor_xiao_12d7dc_battery_voltage,3.42,2026-07-27T17:13:53.751Z
sensor.xiao_sensor_xiao_12d7dc_battery_voltage,3.41,2026-07-27T17:14:04.925Z
sensor.xiao_sensor_xiao_12d7dc_battery_voltage,3.42,2026-07-27T17:14:16.337Z
sensor.xiao_sensor_xiao_12d7dc_battery_voltage,3.41,2026-07-27T17:14:39.019Z
sensor.xiao_sensor_xiao_12d7dc_battery_voltage,3.42,2026-07-27T17:14:50.504Z
sensor.xiao_sensor_xiao_12d7dc_battery_voltage,3.41,2026-07-27T17:15:12.834Z
sensor.xiao_sensor_xiao_12d7dc_battery_voltage,3.42,2026-07-27T17:15:35.490Z
sensor.xiao_sensor_xiao_12d7dc_battery_voltage,3.41,2026-07-27T17:16:20.490Z
sensor.xiao_sensor_xiao_12d7dc_battery_voltage,3.42,2026-07-27T17:17:16.461Z
sensor.xiao_sensor_xiao_12d7dc_battery_voltage,3.43,2026-07-27T17:17:38.880Z
sensor.xiao_sensor_xiao_12d7dc_battery_voltage,3.41,2026-07-27T17:17:50.070Z
sensor.xiao_sensor_xiao_12d7dc_battery_voltage,3.42,2026-07-27T17:18:01.260Z
sensor.xiao_sensor_xiao_12d7dc_battery_voltage,3.41,2026-07-27T17:18:23.651Z
sensor.xiao_sensor_xiao_12d7dc_battery_voltage,3.42,2026-07-27T17:18:34.834Z
sensor.xiao_sensor_xiao_12d7dc_battery_voltage,3.41,2026-07-27T17:18:46.021Z
sensor.xiao_sensor_xiao_12d7dc_battery_voltage,3.42,2026-07-27T17:18:57.220Z
sensor.xiao_sensor_xiao_12d7dc_battery_voltage,3.43,2026-07-27T17:19:08.386Z
sensor.xiao_sensor_xiao_12d7dc_battery_voltage,3.41,2026-07-27T17:19:19.548Z
sensor.xiao_sensor_xiao_12d7dc_battery_voltage,3.4,2026-07-27T17:19:30.716Z
sensor.xiao_sensor_xiao_12d7dc_battery_voltage,3.41,2026-07-27T17:19:41.881Z
sensor.xiao_sensor_xiao_12d7dc_battery_voltage,3.42,2026-07-27T17:19:53.054Z
sensor.xiao_sensor_xiao_12d7dc_battery_voltage,3.41,2026-07-27T17:20:04.580Z
sensor.xiao_sensor_xiao_12d7dc_battery_voltage,3.42,2026-07-27T17:20:16.032Z
sensor.xiao_sensor_xiao_12d7dc_battery_voltage,3.43,2026-07-27T17:21:23.580Z
sensor.xiao_sensor_xiao_12d7dc_battery_voltage,3.41,2026-07-27T17:21:34.791Z
sensor.xiao_sensor_xiao_12d7dc_battery_voltage,3.42,2026-07-27T17:21:57.649Z
sensor.xiao_sensor_xiao_12d7dc_battery_voltage,3.41,2026-07-27T17:22:09.097Z
sensor.xiao_sensor_xiao_12d7dc_battery_voltage,3.42,2026-07-27T17:22:20.541Z
sensor.xiao_sensor_xiao_12d7dc_battery_voltage,3.41,2026-07-27T17:22:31.987Z
sensor.xiao_sensor_xiao_12d7dc_battery_voltage,3.42,2026-07-27T17:22:43.173Z
sensor.xiao_sensor_xiao_12d7dc_battery_voltage,3.41,2026-07-27T17:23:05.785Z
sensor.xiao_sensor_xiao_12d7dc_battery_voltage,3.42,2026-07-27T17:23:16.909Z
sensor.xiao_sensor_xiao_12d7dc_battery_voltage,3.41,2026-07-27T17:23:50.523Z
sensor.xiao_sensor_xiao_12d7dc_battery_voltage,3.42,2026-07-27T17:24:58.663Z
sensor.xiao_sensor_xiao_12d7dc_battery_voltage,3.41,2026-07-27T17:25:44.040Z
sensor.xiao_sensor_xiao_12d7dc_battery_voltage,3.42,2026-07-27T17:26:17.574Z
sensor.xiao_sensor_xiao_12d7dc_battery_voltage,3.41,2026-07-27T17:27:47.336Z
sensor.xiao_sensor_xiao_12d7dc_battery_voltage,3.42,2026-07-27T17:27:58.496Z
sensor.xiao_sensor_xiao_12d7dc_battery_voltage,3.41,2026-07-27T17:28:09.662Z
sensor.xiao_sensor_xiao_12d7dc_battery_voltage,3.43,2026-07-27T17:28:21.126Z
sensor.xiao_sensor_xiao_12d7dc_battery_voltage,3.41,2026-07-27T17:28:32.365Z
sensor.xiao_sensor_xiao_12d7dc_battery_voltage,3.42,2026-07-27T17:28:43.580Z
sensor.xiao_sensor_xiao_12d7dc_battery_voltage,3.41,2026-07-27T17:29:05.989Z
sensor.xiao_sensor_xiao_12d7dc_battery_voltage,3.42,2026-07-27T17:29:50.649Z
sensor.xiao_sensor_xiao_12d7dc_battery_voltage,3.41,2026-07-27T17:30:24.189Z
sensor.xiao_sensor_xiao_12d7dc_battery_voltage,3.42,2026-07-27T17:30:46.757Z
sensor.xiao_sensor_xiao_12d7dc_battery_voltage,3.41,2026-07-27T17:31:43.035Z
sensor.xiao_sensor_xiao_12d7dc_battery_voltage,3.42,2026-07-27T17:32:05.378Z
sensor.xiao_sensor_xiao_12d7dc_battery_voltage,3.41,2026-07-27T17:32:27.968Z
sensor.xiao_sensor_xiao_12d7dc_battery_voltage,3.42,2026-07-27T17:32:39.152Z
sensor.xiao_sensor_xiao_12d7dc_battery_voltage,3.41,2026-07-27T17:32:50.584Z
sensor.xiao_sensor_xiao_12d7dc_battery_voltage,3.42,2026-07-27T17:33:47.782Z
sensor.xiao_sensor_xiao_12d7dc_battery_voltage,3.41,2026-07-27T17:33:58.968Z
sensor.xiao_sensor_xiao_12d7dc_battery_voltage,3.42,2026-07-27T17:34:21.304Z
sensor.xiao_sensor_xiao_12d7dc_battery_voltage,3.41,2026-07-27T17:36:02.321Z
sensor.xiao_sensor_xiao_12d7dc_battery_voltage,3.42,2026-07-27T17:36:13.805Z
sensor.xiao_sensor_xiao_12d7dc_battery_voltage,3.4,2026-07-27T17:36:24.971Z
sensor.xiao_sensor_xiao_12d7dc_battery_voltage,3.42,2026-07-27T17:36:36.334Z
sensor.xiao_sensor_xiao_12d7dc_battery_voltage,3.41,2026-07-27T17:36:59.082Z
sensor.xiao_sensor_xiao_12d7dc_battery_voltage,3.42,2026-07-27T17:37:21.726Z
sensor.xiao_sensor_xiao_12d7dc_battery_voltage,3.41,2026-07-27T17:37:32.913Z
sensor.xiao_sensor_xiao_12d7dc_battery_voltage,3.42,2026-07-27T17:38:06.695Z
sensor.xiao_sensor_xiao_12d7dc_battery_voltage,3.41,2026-07-27T17:38:40.703Z
sensor.xiao_sensor_xiao_12d7dc_battery_voltage,3.4,2026-07-27T17:39:03.276Z
sensor.xiao_sensor_xiao_12d7dc_battery_voltage,3.42,2026-07-27T17:39:14.441Z
sensor.xiao_sensor_xiao_12d7dc_battery_voltage,3.4,2026-07-27T17:39:25.625Z
sensor.xiao_sensor_xiao_12d7dc_battery_voltage,3.41,2026-07-27T17:39:36.797Z
sensor.xiao_sensor_xiao_12d7dc_battery_voltage,3.42,2026-07-27T17:39:48.021Z
sensor.xiao_sensor_xiao_12d7dc_battery_voltage,3.41,2026-07-27T17:40:10.350Z
sensor.xiao_sensor_xiao_12d7dc_battery_voltage,3.4,2026-07-27T17:40:43.841Z
sensor.xiao_sensor_xiao_12d7dc_battery_voltage,3.41,2026-07-27T17:40:55.009Z
sensor.xiao_sensor_xiao_12d7dc_battery_voltage,3.4,2026-07-27T17:41:17.418Z
sensor.xiao_sensor_xiao_12d7dc_battery_voltage,3.42,2026-07-27T17:41:28.586Z
sensor.xiao_sensor_xiao_12d7dc_battery_voltage,3.41,2026-07-27T17:41:39.773Z
sensor.xiao_sensor_xiao_12d7dc_battery_voltage,3.42,2026-07-27T17:42:24.464Z
sensor.xiao_sensor_xiao_12d7dc_battery_voltage,3.4,2026-07-27T17:42:35.825Z
sensor.xiao_sensor_xiao_12d7dc_battery_voltage,3.41,2026-07-27T17:42:46.989Z
sensor.xiao_sensor_xiao_12d7dc_battery_voltage,3.42,2026-07-27T17:43:09.587Z
sensor.xiao_sensor_xiao_12d7dc_battery_voltage,3.41,2026-07-27T17:43:20.755Z
sensor.xiao_sensor_xiao_12d7dc_battery_voltage,3.42,2026-07-27T17:43:31.939Z
sensor.xiao_sensor_xiao_12d7dc_battery_voltage,3.4,2026-07-27T17:44:05.448Z
sensor.xiao_sensor_xiao_12d7dc_battery_voltage,3.42,2026-07-27T17:44:16.666Z
sensor.xiao_sensor_xiao_12d7dc_battery_voltage,3.41,2026-07-27T17:44:28.155Z
sensor.xiao_sensor_xiao_12d7dc_battery_voltage,3.42,2026-07-27T17:44:50.782Z
sensor.xiao_sensor_xiao_12d7dc_battery_voltage,3.4,2026-07-27T17:45:13.242Z
sensor.xiao_sensor_xiao_12d7dc_battery_voltage,3.41,2026-07-27T17:45:35.569Z
sensor.xiao_sensor_xiao_12d7dc_battery_voltage,3.4,2026-07-27T17:45:46.736Z
sensor.xiao_sensor_xiao_12d7dc_battery_voltage,3.41,2026-07-27T17:45:57.912Z
sensor.xiao_sensor_xiao_12d7dc_battery_voltage,3.4,2026-07-27T17:46:09.092Z
sensor.xiao_sensor_xiao_12d7dc_battery_voltage,3.41,2026-07-27T17:46:20.256Z
sensor.xiao_sensor_xiao_12d7dc_battery_voltage,3.42,2026-07-27T17:46:53.744Z
sensor.xiao_sensor_xiao_12d7dc_battery_voltage,3.41,2026-07-27T17:47:05.173Z
sensor.xiao_sensor_xiao_12d7dc_battery_voltage,3.42,2026-07-27T17:47:16.578Z
sensor.xiao_sensor_xiao_12d7dc_battery_voltage,3.41,2026-07-27T17:47:27.740Z
sensor.xiao_sensor_xiao_12d7dc_battery_voltage,3.42,2026-07-27T17:47:50.329Z
sensor.xiao_sensor_xiao_12d7dc_battery_voltage,3.41,2026-07-27T17:48:01.483Z
sensor.xiao_sensor_xiao_12d7dc_battery_voltage,3.4,2026-07-27T17:48:35.271Z
sensor.xiao_sensor_xiao_12d7dc_battery_voltage,3.41,2026-07-27T17:48:46.434Z
sensor.xiao_sensor_xiao_12d7dc_battery_voltage,3.42,2026-07-27T17:49:19.970Z
sensor.xiao_sensor_xiao_12d7dc_battery_voltage,3.41,2026-07-27T17:49:31.135Z
sensor.xiao_sensor_xiao_12d7dc_battery_voltage,3.42,2026-07-27T17:49:54.030Z
sensor.xiao_sensor_xiao_12d7dc_battery_voltage,3.41,2026-07-27T17:50:16.505Z
sensor.xiao_sensor_xiao_12d7dc_battery_voltage,3.42,2026-07-27T17:50:27.677Z
sensor.xiao_sensor_xiao_12d7dc_battery_voltage,3.41,2026-07-27T17:50:39.074Z
sensor.xiao_sensor_xiao_12d7dc_battery_voltage,3.42,2026-07-27T17:50:50.246Z
sensor.xiao_sensor_xiao_12d7dc_battery_voltage,3.4,2026-07-27T17:51:01.415Z
sensor.xiao_sensor_xiao_12d7dc_battery_voltage,3.41,2026-07-27T17:51:12.604Z
sensor.xiao_sensor_xiao_12d7dc_battery_voltage,3.4,2026-07-27T17:51:35.193Z
sensor.xiao_sensor_xiao_12d7dc_battery_voltage,3.41,2026-07-27T17:51:46.374Z
sensor.xiao_sensor_xiao_12d7dc_battery_voltage,3.42,2026-07-27T17:53:16.111Z
sensor.xiao_sensor_xiao_12d7dc_battery_voltage,3.41,2026-07-27T17:53:27.273Z
sensor.xiao_sensor_xiao_12d7dc_battery_voltage,3.4,2026-07-27T17:53:38.451Z
sensor.xiao_sensor_xiao_12d7dc_battery_voltage,3.41,2026-07-27T17:53:49.876Z
sensor.xiao_sensor_xiao_12d7dc_battery_voltage,3.42,2026-07-27T17:54:12.213Z
sensor.xiao_sensor_xiao_12d7dc_battery_voltage,3.41,2026-07-27T17:54:34.554Z
sensor.xiao_sensor_xiao_12d7dc_battery_voltage,3.42,2026-07-27T17:54:45.773Z
sensor.xiao_sensor_xiao_12d7dc_battery_voltage,3.41,2026-07-27T17:54:56.938Z
sensor.xiao_sensor_xiao_12d7dc_battery_voltage,3.4,2026-07-27T17:55:30.514Z
sensor.xiao_sensor_xiao_12d7dc_battery_voltage,3.41,2026-07-27T17:55:41.746Z
sensor.xiao_sensor_xiao_12d7dc_battery_voltage,3.4,2026-07-27T17:56:04.300Z
sensor.xiao_sensor_xiao_12d7dc_battery_voltage,3.41,2026-07-27T17:56:15.682Z
sensor.xiao_sensor_xiao_12d7dc_battery_voltage,3.4,2026-07-27T17:56:26.838Z
sensor.xiao_sensor_xiao_12d7dc_battery_voltage,3.41,2026-07-27T17:56:49.181Z
sensor.xiao_sensor_xiao_12d7dc_battery_voltage,3.42,2026-07-27T17:57:00.371Z
sensor.xiao_sensor_xiao_12d7dc_battery_voltage,3.4,2026-07-27T17:57:11.561Z
sensor.xiao_sensor_xiao_12d7dc_battery_voltage,3.41,2026-07-27T17:57:22.741Z
sensor.xiao_sensor_xiao_12d7dc_battery_voltage,3.42,2026-07-27T17:57:33.910Z
sensor.xiao_sensor_xiao_12d7dc_battery_voltage,3.4,2026-07-27T17:57:45.068Z
sensor.xiao_sensor_xiao_12d7dc_battery_voltage,3.41,2026-07-27T17:57:57.230Z
sensor.xiao_sensor_xiao_12d7dc_battery_voltage,3.4,2026-07-27T17:58:19.703Z
sensor.xiao_sensor_xiao_12d7dc_battery_voltage,3.41,2026-07-27T17:58:30.905Z
sensor.xiao_sensor_xiao_12d7dc_battery_voltage,3.4,2026-07-27T17:59:39.012Z
sensor.xiao_sensor_xiao_12d7dc_battery_voltage,3.41,2026-07-27T18:00:01.349Z
sensor.xiao_sensor_xiao_12d7dc_battery_voltage,3.42,2026-07-27T18:01:42.437Z
sensor.xiao_sensor_xiao_12d7dc_battery_voltage,3.41,2026-07-27T18:02:05.325Z
sensor.xiao_sensor_xiao_12d7dc_battery_voltage,3.42,2026-07-27T18:02:38.816Z
sensor.xiao_sensor_xiao_12d7dc_battery_voltage,3.41,2026-07-27T18:02:49.997Z
sensor.xiao_sensor_xiao_12d7dc_battery_voltage,3.42,2026-07-27T18:03:01.178Z
sensor.xiao_sensor_xiao_12d7dc_battery_voltage,3.41,2026-07-27T18:03:12.569Z
sensor.xiao_sensor_xiao_12d7dc_battery_voltage,3.4,2026-07-27T18:04:19.630Z
sensor.xiao_sensor_xiao_12d7dc_battery_voltage,3.41,2026-07-27T18:04:30.792Z
sensor.xiao_sensor_xiao_12d7dc_battery_voltage,3.4,2026-07-27T18:05:04.340Z
sensor.xiao_sensor_xiao_12d7dc_battery_voltage,3.41,2026-07-27T18:05:15.523Z
sensor.xiao_sensor_xiao_12d7dc_battery_voltage,3.4,2026-07-27T18:05:49.308Z
sensor.xiao_sensor_xiao_12d7dc_battery_voltage,3.41,2026-07-27T18:06:23.118Z
sensor.xiao_sensor_xiao_12d7dc_battery_voltage,3.4,2026-07-27T18:06:34.280Z
sensor.xiao_sensor_xiao_12d7dc_battery_voltage,3.41,2026-07-27T18:06:57.616Z
sensor.xiao_sensor_xiao_12d7dc_battery_voltage,3.4,2026-07-27T18:07:08.765Z
sensor.xiao_sensor_xiao_12d7dc_battery_voltage,3.41,2026-07-27T18:07:31.556Z
sensor.xiao_sensor_xiao_12d7dc_battery_voltage,3.4,2026-07-27T18:07:42.718Z
sensor.xiao_sensor_xiao_12d7dc_battery_voltage,3.41,2026-07-27T18:08:16.273Z
sensor.xiao_sensor_xiao_12d7dc_battery_voltage,3.4,2026-07-27T18:08:50.069Z
sensor.xiao_sensor_xiao_12d7dc_battery_voltage,3.41,2026-07-27T18:09:34.752Z
sensor.xiao_sensor_xiao_12d7dc_battery_voltage,3.4,2026-07-27T18:09:45.941Z
sensor.xiao_sensor_xiao_12d7dc_battery_voltage,3.41,2026-07-27T18:09:57.099Z
sensor.xiao_sensor_xiao_12d7dc_battery_voltage,3.4,2026-07-27T18:10:08.264Z
sensor.xiao_sensor_xiao_12d7dc_battery_voltage,3.42,2026-07-27T18:10:30.637Z
sensor.xiao_sensor_xiao_12d7dc_battery_voltage,3.41,2026-07-27T18:10:41.841Z
sensor.xiao_sensor_xiao_12d7dc_battery_voltage,3.4,2026-07-27T18:10:52.952Z
sensor.xiao_sensor_xiao_12d7dc_battery_voltage,3.41,2026-07-27T18:11:04.374Z
sensor.xiao_sensor_xiao_12d7dc_battery_voltage,3.4,2026-07-27T18:11:15.564Z
sensor.xiao_sensor_xiao_12d7dc_battery_voltage,3.41,2026-07-27T18:11:37.961Z
sensor.xiao_sensor_xiao_12d7dc_battery_voltage,3.4,2026-07-27T18:12:23.145Z
sensor.xiao_sensor_xiao_12d7dc_battery_voltage,3.41,2026-07-27T18:13:30.125Z
sensor.xiao_sensor_xiao_12d7dc_battery_voltage,3.4,2026-07-27T18:13:41.297Z
sensor.xiao_sensor_xiao_12d7dc_battery_voltage,3.41,2026-07-27T18:13:52.740Z
sensor.xiao_sensor_xiao_12d7dc_battery_voltage,3.4,2026-07-27T18:14:04.129Z
sensor.xiao_sensor_xiao_12d7dc_battery_voltage,3.41,2026-07-27T18:15:22.702Z
sensor.xiao_sensor_xiao_12d7dc_battery_voltage,3.4,2026-07-27T18:16:07.377Z
sensor.xiao_sensor_xiao_12d7dc_battery_voltage,3.39,2026-07-27T18:16:30.307Z
sensor.xiao_sensor_xiao_12d7dc_battery_voltage,3.4,2026-07-27T18:16:41.475Z
sensor.xiao_sensor_xiao_12d7dc_battery_voltage,3.41,2026-07-27T18:17:04.014Z
sensor.xiao_sensor_xiao_12d7dc_battery_voltage,3.4,2026-07-27T18:17:15.195Z
sensor.xiao_sensor_xiao_12d7dc_battery_voltage,3.41,2026-07-27T18:17:26.629Z
sensor.xiao_sensor_xiao_12d7dc_battery_voltage,3.4,2026-07-27T18:17:37.809Z
sensor.xiao_sensor_xiao_12d7dc_battery_voltage,3.41,2026-07-27T18:17:48.981Z
sensor.xiao_sensor_xiao_12d7dc_battery_voltage,3.4,2026-07-27T18:18:11.331Z
sensor.xiao_sensor_xiao_12d7dc_battery_voltage,3.41,2026-07-27T18:18:56.009Z
sensor.xiao_sensor_xiao_12d7dc_battery_voltage,3.4,2026-07-27T18:19:29.537Z
sensor.xiao_sensor_xiao_12d7dc_battery_voltage,3.41,2026-07-27T18:19:52.191Z
sensor.xiao_sensor_xiao_12d7dc_battery_voltage,3.4,2026-07-27T18:20:03.353Z
sensor.xiao_sensor_xiao_12d7dc_battery_voltage,3.41,2026-07-27T18:21:33.664Z
sensor.xiao_sensor_xiao_12d7dc_battery_voltage,3.4,2026-07-27T18:21:45.081Z
sensor.xiao_sensor_xiao_12d7dc_battery_voltage,3.41,2026-07-27T18:23:48.444Z
sensor.xiao_sensor_xiao_12d7dc_battery_voltage,3.4,2026-07-27T18:23:59.605Z
sensor.xiao_sensor_xiao_12d7dc_battery_voltage,3.41,2026-07-27T18:25:06.881Z
sensor.xiao_sensor_xiao_12d7dc_battery_voltage,3.4,2026-07-27T18:25:29.512Z
sensor.xiao_sensor_xiao_12d7dc_battery_voltage,3.41,2026-07-27T18:26:58.995Z
sensor.xiao_sensor_xiao_12d7dc_battery_voltage,3.4,2026-07-27T18:27:10.361Z
sensor.xiao_sensor_xiao_12d7dc_battery_voltage,3.41,2026-07-27T18:35:35.524Z
sensor.xiao_sensor_xiao_12d7dc_battery_voltage,3.4,2026-07-27T18:35:46.688Z
sensor.xiao_sensor_xiao_12d7dc_battery_voltage,3.39,2026-07-27T18:37:04.919Z
sensor.xiao_sensor_xiao_12d7dc_battery_voltage,3.4,2026-07-27T18:37:27.496Z
sensor.xiao_sensor_xiao_12d7dc_battery_voltage,3.39,2026-07-27T18:43:04.249Z
sensor.xiao_sensor_xiao_12d7dc_battery_voltage,3.4,2026-07-27T18:43:15.413Z
sensor.xiao_sensor_xiao_12d7dc_battery_voltage,3.39,2026-07-27T18:44:22.866Z
sensor.xiao_sensor_xiao_12d7dc_battery_voltage,3.4,2026-07-27T18:44:34.034Z
sensor.xiao_sensor_xiao_12d7dc_battery_voltage,3.39,2026-07-27T18:44:45.200Z
sensor.xiao_sensor_xiao_12d7dc_battery_voltage,3.4,2026-07-27T18:45:07.840Z
sensor.xiao_sensor_xiao_12d7dc_battery_voltage,3.39,2026-07-27T18:45:30.449Z
sensor.xiao_sensor_xiao_12d7dc_battery_voltage,3.4,2026-07-27T18:45:41.611Z
sensor.xiao_sensor_xiao_12d7dc_battery_voltage,3.39,2026-07-27T18:45:52.795Z
sensor.xiao_sensor_xiao_12d7dc_battery_voltage,3.4,2026-07-27T18:46:03.976Z
sensor.xiao_sensor_xiao_12d7dc_battery_voltage,3.39,2026-07-27T18:47:11.010Z
sensor.xiao_sensor_xiao_12d7dc_battery_voltage,3.4,2026-07-27T18:47:22.229Z
sensor.xiao_sensor_xiao_12d7dc_battery_voltage,3.39,2026-07-27T18:48:06.958Z
sensor.xiao_sensor_xiao_12d7dc_battery_voltage,3.4,2026-07-27T18:48:18.344Z
sensor.xiao_sensor_xiao_12d7dc_battery_voltage,3.39,2026-07-27T18:50:22.235Z
sensor.xiao_sensor_xiao_12d7dc_battery_voltage,3.4,2026-07-27T18:50:33.464Z
sensor.xiao_sensor_xiao_12d7dc_battery_voltage,3.39,2026-07-27T18:50:44.625Z
sensor.xiao_sensor_xiao_12d7dc_battery_voltage,3.4,2026-07-27T18:51:18.487Z
sensor.xiao_sensor_xiao_12d7dc_battery_voltage,3.39,2026-07-27T18:51:29.653Z
sensor.xiao_sensor_xiao_12d7dc_battery_voltage,3.4,2026-07-27T18:51:40.807Z
sensor.xiao_sensor_xiao_12d7dc_battery_voltage,3.39,2026-07-27T18:51:51.974Z
sensor.xiao_sensor_xiao_12d7dc_battery_voltage,3.4,2026-07-27T18:52:37.105Z
sensor.xiao_sensor_xiao_12d7dc_battery_voltage,3.39,2026-07-27T18:52:48.279Z
sensor.xiao_sensor_xiao_12d7dc_battery_voltage,3.4,2026-07-27T18:52:59.441Z
sensor.xiao_sensor_xiao_12d7dc_battery_voltage,3.39,2026-07-27T18:53:10.847Z
sensor.xiao_sensor_xiao_12d7dc_battery_voltage,3.4,2026-07-27T18:53:44.364Z
sensor.xiao_sensor_xiao_12d7dc_battery_voltage,3.39,2026-07-27T18:53:55.790Z
sensor.xiao_sensor_xiao_12d7dc_battery_voltage,3.4,2026-07-27T18:54:29.307Z
sensor.xiao_sensor_xiao_12d7dc_battery_voltage,3.39,2026-07-27T18:55:02.818Z
sensor.xiao_sensor_xiao_12d7dc_battery_voltage,3.4,2026-07-27T18:55:13.981Z
sensor.xiao_sensor_xiao_12d7dc_battery_voltage,3.39,2026-07-27T18:55:47.747Z
sensor.xiao_sensor_xiao_12d7dc_battery_voltage,3.4,2026-07-27T18:55:59.191Z
sensor.xiao_sensor_xiao_12d7dc_battery_voltage,3.39,2026-07-27T18:56:10.400Z
sensor.xiao_sensor_xiao_12d7dc_battery_voltage,3.4,2026-07-27T18:56:55.336Z
sensor.xiao_sensor_xiao_12d7dc_battery_voltage,3.39,2026-07-27T18:57:17.735Z
sensor.xiao_sensor_xiao_12d7dc_battery_voltage,3.4,2026-07-27T18:57:28.909Z
sensor.xiao_sensor_xiao_12d7dc_battery_voltage,3.39,2026-07-27T18:57:51.305Z
sensor.xiao_sensor_xiao_12d7dc_battery_voltage,3.4,2026-07-27T18:58:14.030Z
sensor.xiao_sensor_xiao_12d7dc_battery_voltage,3.39,2026-07-27T18:58:25.177Z
sensor.xiao_sensor_xiao_12d7dc_battery_voltage,3.4,2026-07-27T18:59:10.095Z
sensor.xiao_sensor_xiao_12d7dc_battery_voltage,3.39,2026-07-27T18:59:21.261Z
sensor.xiao_sensor_xiao_12d7dc_battery_voltage,3.4,2026-07-27T19:00:17.371Z
sensor.xiao_sensor_xiao_12d7dc_battery_voltage,3.39,2026-07-27T19:00:28.553Z
sensor.xiao_sensor_xiao_12d7dc_battery_voltage,3.4,2026-07-27T19:01:02.353Z
sensor.xiao_sensor_xiao_12d7dc_battery_voltage,3.39,2026-07-27T19:01:24.701Z
sensor.xiao_sensor_xiao_12d7dc_battery_voltage,3.4,2026-07-27T19:01:47.336Z
sensor.xiao_sensor_xiao_12d7dc_battery_voltage,3.39,2026-07-27T19:02:09.669Z
sensor.xiao_sensor_xiao_12d7dc_battery_voltage,3.4,2026-07-27T19:03:39.799Z
sensor.xiao_sensor_xiao_12d7dc_battery_voltage,3.39,2026-07-27T19:03:51.235Z
sensor.xiao_sensor_xiao_12d7dc_battery_voltage,3.4,2026-07-27T19:04:35.902Z
sensor.xiao_sensor_xiao_12d7dc_battery_voltage,3.39,2026-07-27T19:04:47.064Z
sensor.xiao_sensor_xiao_12d7dc_battery_voltage,3.4,2026-07-27T19:06:39.659Z
sensor.xiao_sensor_xiao_12d7dc_battery_voltage,3.39,2026-07-27T19:07:02.109Z
sensor.xiao_sensor_xiao_12d7dc_battery_voltage,3.4,2026-07-27T19:07:24.517Z
sensor.xiao_sensor_xiao_12d7dc_battery_voltage,3.39,2026-07-27T19:07:35.685Z
sensor.xiao_sensor_xiao_12d7dc_battery_voltage,3.4,2026-07-27T19:08:43.090Z
sensor.xiao_sensor_xiao_12d7dc_battery_voltage,3.39,2026-07-27T19:08:54.262Z
sensor.xiao_sensor_xiao_12d7dc_battery_voltage,3.4,2026-07-27T19:09:05.663Z
sensor.xiao_sensor_xiao_12d7dc_battery_voltage,3.39,2026-07-27T19:09:17.136Z
sensor.xiao_sensor_xiao_12d7dc_battery_voltage,3.4,2026-07-27T19:09:50.648Z
sensor.xiao_sensor_xiao_12d7dc_battery_voltage,3.39,2026-07-27T19:10:01.820Z
sensor.xiao_sensor_xiao_12d7dc_battery_voltage,3.4,2026-07-27T19:10:35.610Z
sensor.xiao_sensor_xiao_12d7dc_battery_voltage,3.39,2026-07-27T19:10:46.882Z
sensor.xiao_sensor_xiao_12d7dc_battery_voltage,3.4,2026-07-27T19:12:50.726Z
sensor.xiao_sensor_xiao_12d7dc_battery_voltage,3.39,2026-07-27T19:13:01.953Z
sensor.xiao_sensor_xiao_12d7dc_battery_voltage,3.4,2026-07-27T19:23:22.245Z
sensor.xiao_sensor_xiao_12d7dc_battery_voltage,3.39,2026-07-27T19:23:33.435Z
sensor.xiao_sensor_xiao_12d7dc_battery_voltage,3.38,2026-07-27T19:37:13.403Z
sensor.xiao_sensor_xiao_12d7dc_battery_voltage,3.39,2026-07-27T19:37:24.619Z
sensor.xiao_sensor_xiao_12d7dc_battery_voltage,3.38,2026-07-27T19:40:24.009Z
sensor.xiao_sensor_xiao_12d7dc_battery_voltage,3.39,2026-07-27T19:40:35.193Z
sensor.xiao_sensor_xiao_12d7dc_battery_voltage,3.38,2026-07-27T19:41:19.854Z
sensor.xiao_sensor_xiao_12d7dc_battery_voltage,3.39,2026-07-27T19:41:31.021Z
sensor.xiao_sensor_xiao_12d7dc_battery_voltage,3.38,2026-07-27T19:42:38.421Z
sensor.xiao_sensor_xiao_12d7dc_battery_voltage,3.39,2026-07-27T19:42:49.587Z
sensor.xiao_sensor_xiao_12d7dc_battery_voltage,3.38,2026-07-27T19:46:23.110Z
sensor.xiao_sensor_xiao_12d7dc_battery_voltage,3.39,2026-07-27T19:46:34.294Z
sensor.xiao_sensor_xiao_12d7dc_battery_voltage,3.38,2026-07-27T19:46:45.450Z
sensor.xiao_sensor_xiao_12d7dc_battery_voltage,3.39,2026-07-27T19:46:56.873Z
sensor.xiao_sensor_xiao_12d7dc_battery_voltage,3.38,2026-07-27T19:49:00.693Z
sensor.xiao_sensor_xiao_12d7dc_battery_voltage,3.39,2026-07-27T19:49:23.097Z
sensor.xiao_sensor_xiao_12d7dc_battery_voltage,3.38,2026-07-27T19:49:56.667Z
sensor.xiao_sensor_xiao_12d7dc_battery_voltage,3.39,2026-07-27T19:50:07.876Z
sensor.xiao_sensor_xiao_12d7dc_battery_voltage,3.38,2026-07-27T19:50:19.043Z
sensor.xiao_sensor_xiao_12d7dc_battery_voltage,3.39,2026-07-27T19:50:30.202Z
sensor.xiao_sensor_xiao_12d7dc_battery_voltage,3.38,2026-07-27T19:54:36.869Z
sensor.xiao_sensor_xiao_12d7dc_battery_voltage,3.39,2026-07-27T19:54:48.354Z
sensor.xiao_sensor_xiao_12d7dc_battery_voltage,3.38,2026-07-27T19:55:10.692Z
sensor.xiao_sensor_xiao_12d7dc_battery_voltage,3.39,2026-07-27T19:55:33.105Z
sensor.xiao_sensor_xiao_12d7dc_battery_voltage,3.38,2026-07-27T19:56:40.175Z
sensor.xiao_sensor_xiao_12d7dc_battery_voltage,3.39,2026-07-27T19:57:13.665Z
sensor.xiao_sensor_xiao_12d7dc_battery_voltage,3.38,2026-07-27T19:57:24.829Z
sensor.xiao_sensor_xiao_12d7dc_battery_voltage,3.39,2026-07-27T19:57:47.425Z
sensor.xiao_sensor_xiao_12d7dc_battery_voltage,3.38,2026-07-27T19:58:10.031Z
sensor.xiao_sensor_xiao_12d7dc_battery_voltage,3.39,2026-07-27T19:58:32.367Z
sensor.xiao_sensor_xiao_12d7dc_battery_voltage,3.38,2026-07-27T19:58:54.689Z
sensor.xiao_sensor_xiao_12d7dc_battery_voltage,3.39,2026-07-27T19:59:39.752Z
sensor.xiao_sensor_xiao_12d7dc_battery_voltage,3.38,2026-07-27T20:00:13.274Z
sensor.xiao_sensor_xiao_12d7dc_battery_voltage,3.39,2026-07-27T20:00:35.844Z
sensor.xiao_sensor_xiao_12d7dc_battery_voltage,3.38,2026-07-27T20:00:47.244Z
sensor.xiao_sensor_xiao_12d7dc_battery_voltage,3.39,2026-07-27T20:01:09.829Z
sensor.xiao_sensor_xiao_12d7dc_battery_voltage,3.38,2026-07-27T20:01:21.105Z
sensor.xiao_sensor_xiao_12d7dc_battery_voltage,3.39,2026-07-27T20:01:33.267Z
sensor.xiao_sensor_xiao_12d7dc_battery_voltage,3.38,2026-07-27T20:01:55.592Z
sensor.xiao_sensor_xiao_12d7dc_battery_voltage,3.39,2026-07-27T20:02:17.935Z
sensor.xiao_sensor_xiao_12d7dc_battery_voltage,3.38,2026-07-27T20:02:40.533Z
sensor.xiao_sensor_xiao_12d7dc_battery_voltage,3.39,2026-07-27T20:02:51.748Z
sensor.xiao_sensor_xiao_12d7dc_battery_voltage,3.38,2026-07-27T20:03:02.960Z
sensor.xiao_sensor_xiao_12d7dc_battery_voltage,3.39,2026-07-27T20:03:47.654Z
sensor.xiao_sensor_xiao_12d7dc_battery_voltage,3.38,2026-07-27T20:03:58.817Z
sensor.xiao_sensor_xiao_12d7dc_battery_voltage,3.39,2026-07-27T20:04:21.423Z
sensor.xiao_sensor_xiao_12d7dc_battery_voltage,3.38,2026-07-27T20:04:43.867Z
sensor.xiao_sensor_xiao_12d7dc_battery_voltage,3.39,2026-07-27T20:05:06.205Z
sensor.xiao_sensor_xiao_12d7dc_battery_voltage,3.38,2026-07-27T20:05:17.386Z
sensor.xiao_sensor_xiao_12d7dc_battery_voltage,3.39,2026-07-27T20:05:51.177Z
sensor.xiao_sensor_xiao_12d7dc_battery_voltage,3.38,2026-07-27T20:06:02.393Z
sensor.xiao_sensor_xiao_12d7dc_battery_voltage,3.39,2026-07-27T20:06:24.970Z
sensor.xiao_sensor_xiao_12d7dc_battery_voltage,3.38,2026-07-27T20:06:36.213Z
sensor.xiao_sensor_xiao_12d7dc_battery_voltage,3.39,2026-07-27T20:06:47.372Z
sensor.xiao_sensor_xiao_12d7dc_battery_voltage,3.38,2026-07-27T20:06:58.539Z
sensor.xiao_sensor_xiao_12d7dc_battery_voltage,3.39,2026-07-27T20:08:05.600Z
sensor.xiao_sensor_xiao_12d7dc_battery_voltage,3.38,2026-07-27T20:08:16.772Z
sensor.xiao_sensor_xiao_12d7dc_battery_voltage,3.39,2026-07-27T20:08:27.925Z
sensor.xiao_sensor_xiao_12d7dc_battery_voltage,3.38,2026-07-27T20:08:39.142Z
sensor.xiao_sensor_xiao_12d7dc_battery_voltage,3.39,2026-07-27T20:09:23.873Z
sensor.xiao_sensor_xiao_12d7dc_battery_voltage,3.38,2026-07-27T20:09:35.272Z
sensor.xiao_sensor_xiao_12d7dc_battery_voltage,3.39,2026-07-27T20:11:05.680Z
sensor.xiao_sensor_xiao_12d7dc_battery_voltage,3.38,2026-07-27T20:11:16.835Z
sensor.xiao_sensor_xiao_12d7dc_battery_voltage,3.39,2026-07-27T20:12:24.425Z
sensor.xiao_sensor_xiao_12d7dc_battery_voltage,3.38,2026-07-27T20:12:35.587Z
sensor.xiao_sensor_xiao_12d7dc_battery_voltage,3.39,2026-07-27T20:14:38.819Z
sensor.xiao_sensor_xiao_12d7dc_battery_voltage,3.38,2026-07-27T20:14:49.989Z
sensor.xiao_sensor_xiao_12d7dc_battery_voltage,3.39,2026-07-27T20:17:17.705Z
sensor.xiao_sensor_xiao_12d7dc_battery_voltage,3.38,2026-07-27T20:17:28.913Z
sensor.xiao_sensor_xiao_12d7dc_battery_voltage,3.39,2026-07-27T20:18:25.296Z
sensor.xiao_sensor_xiao_12d7dc_battery_voltage,3.38,2026-07-27T20:18:36.470Z
sensor.xiao_sensor_xiao_12d7dc_battery_voltage,3.39,2026-07-27T20:19:21.402Z
sensor.xiao_sensor_xiao_12d7dc_battery_voltage,3.38,2026-07-27T20:19:32.569Z
sensor.xiao_sensor_xiao_12d7dc_battery_voltage,3.39,2026-07-27T20:21:36.037Z
sensor.xiao_sensor_xiao_12d7dc_battery_voltage,3.38,2026-07-27T20:21:47.201Z
sensor.xiao_sensor_xiao_12d7dc_battery_voltage,3.37,2026-07-27T20:23:29.321Z
sensor.xiao_sensor_xiao_12d7dc_battery_voltage,3.38,2026-07-27T20:23:40.733Z
sensor.xiao_sensor_xiao_12d7dc_battery_voltage,3.39,2026-07-27T20:24:14.372Z
sensor.xiao_sensor_xiao_12d7dc_battery_voltage,3.38,2026-07-27T20:24:25.533Z
sensor.xiao_sensor_xiao_12d7dc_battery_voltage,3.37,2026-07-27T20:27:25.717Z
sensor.xiao_sensor_xiao_12d7dc_battery_voltage,3.38,2026-07-27T20:27:36.876Z
sensor.xiao_sensor_xiao_12d7dc_battery_voltage,3.39,2026-07-27T20:27:59.197Z
sensor.xiao_sensor_xiao_12d7dc_battery_voltage,3.38,2026-07-27T20:28:10.436Z
sensor.xiao_sensor_xiao_12d7dc_battery_voltage,3.37,2026-07-27T20:34:42.993Z
sensor.xiao_sensor_xiao_12d7dc_battery_voltage,3.38,2026-07-27T20:34:54.178Z
sensor.xiao_sensor_xiao_12d7dc_battery_voltage,3.37,2026-07-27T20:36:48.104Z
sensor.xiao_sensor_xiao_12d7dc_battery_voltage,3.38,2026-07-27T20:36:59.516Z
sensor.xiao_sensor_xiao_12d7dc_battery_voltage,3.37,2026-07-27T20:41:18.262Z
sensor.xiao_sensor_xiao_12d7dc_battery_voltage,3.38,2026-07-27T20:41:29.430Z
sensor.xiao_sensor_xiao_12d7dc_battery_voltage,3.39,2026-07-27T20:41:52.042Z
sensor.xiao_sensor_xiao_12d7dc_battery_voltage,3.38,2026-07-27T20:42:03.204Z
sensor.xiao_sensor_xiao_12d7dc_battery_voltage,3.37,2026-07-27T20:43:22.445Z
sensor.xiao_sensor_xiao_12d7dc_battery_voltage,3.38,2026-07-27T20:43:33.619Z
sensor.xiao_sensor_xiao_12d7dc_battery_voltage,3.37,2026-07-27T20:44:18.561Z
sensor.xiao_sensor_xiao_12d7dc_battery_voltage,3.38,2026-07-27T20:44:29.729Z
sensor.xiao_sensor_xiao_12d7dc_battery_voltage,3.37,2026-07-27T20:45:37.069Z
sensor.xiao_sensor_xiao_12d7dc_battery_voltage,3.38,2026-07-27T20:45:59.477Z
sensor.xiao_sensor_xiao_12d7dc_battery_voltage,3.37,2026-07-27T20:46:55.408Z
sensor.xiao_sensor_xiao_12d7dc_battery_voltage,3.38,2026-07-27T20:47:29.252Z
sensor.xiao_sensor_xiao_12d7dc_battery_voltage,3.37,2026-07-27T20:48:25.104Z
sensor.xiao_sensor_xiao_12d7dc_battery_voltage,3.38,2026-07-27T20:48:36.522Z
sensor.xiao_sensor_xiao_12d7dc_battery_voltage,3.37,2026-07-27T20:50:17.649Z
sensor.xiao_sensor_xiao_12d7dc_battery_voltage,3.38,2026-07-27T20:50:28.829Z
sensor.xiao_sensor_xiao_12d7dc_battery_voltage,3.37,2026-07-27T20:50:51.165Z
sensor.xiao_sensor_xiao_12d7dc_battery_voltage,3.38,2026-07-27T20:51:02.338Z
sensor.xiao_sensor_xiao_12d7dc_battery_voltage,3.37,2026-07-27T20:51:35.872Z
sensor.xiao_sensor_xiao_12d7dc_battery_voltage,3.39,2026-07-27T20:51:47.245Z
sensor.xiao_sensor_xiao_12d7dc_battery_voltage,3.37,2026-07-27T20:51:58.433Z
sensor.xiao_sensor_xiao_12d7dc_battery_voltage,3.38,2026-07-27T20:52:09.654Z
sensor.xiao_sensor_xiao_12d7dc_battery_voltage,3.37,2026-07-27T20:52:31.988Z
sensor.xiao_sensor_xiao_12d7dc_battery_voltage,3.38,2026-07-27T20:52:43.387Z
sensor.xiao_sensor_xiao_12d7dc_battery_voltage,3.37,2026-07-27T20:52:54.611Z
sensor.xiao_sensor_xiao_12d7dc_battery_voltage,3.38,2026-07-27T20:53:06.068Z
sensor.xiao_sensor_xiao_12d7dc_battery_voltage,3.37,2026-07-27T20:53:17.239Z
sensor.xiao_sensor_xiao_12d7dc_battery_voltage,3.38,2026-07-27T20:53:50.800Z
sensor.xiao_sensor_xiao_12d7dc_battery_voltage,3.37,2026-07-27T20:54:01.965Z
sensor.xiao_sensor_xiao_12d7dc_battery_voltage,3.39,2026-07-27T20:54:13.380Z
sensor.xiao_sensor_xiao_12d7dc_battery_voltage,3.37,2026-07-27T20:54:24.605Z
sensor.xiao_sensor_xiao_12d7dc_battery_voltage,3.39,2026-07-27T20:54:47.261Z
sensor.xiao_sensor_xiao_12d7dc_battery_voltage,3.38,2026-07-27T20:54:58.418Z
sensor.xiao_sensor_xiao_12d7dc_battery_voltage,3.35,2026-07-27T20:55:09.589Z
sensor.xiao_sensor_xiao_12d7dc_battery_voltage,3.38,2026-07-27T20:55:20.795Z
sensor.xiao_sensor_xiao_12d7dc_battery_voltage,3.37,2026-07-27T20:55:43.209Z
sensor.xiao_sensor_xiao_12d7dc_battery_voltage,3.38,2026-07-27T20:56:05.774Z
sensor.xiao_sensor_xiao_12d7dc_battery_voltage,3.37,2026-07-27T20:56:50.692Z
sensor.xiao_sensor_xiao_12d7dc_battery_voltage,3.36,2026-07-27T20:57:01.877Z
sensor.xiao_sensor_xiao_12d7dc_battery_voltage,3.38,2026-07-27T20:57:13.044Z
sensor.xiao_sensor_xiao_12d7dc_battery_voltage,3.37,2026-07-27T20:57:46.801Z
sensor.xiao_sensor_xiao_12d7dc_battery_voltage,3.38,2026-07-27T20:58:31.757Z
sensor.xiao_sensor_xiao_12d7dc_battery_voltage,3.37,2026-07-27T20:58:42.979Z
sensor.xiao_sensor_xiao_12d7dc_battery_voltage,3.38,2026-07-27T20:58:54.146Z
sensor.xiao_sensor_xiao_12d7dc_battery_voltage,3.37,2026-07-27T21:00:01.688Z
sensor.xiao_sensor_xiao_12d7dc_battery_voltage,3.38,2026-07-27T21:00:25.002Z
sensor.xiao_sensor_xiao_12d7dc_battery_voltage,3.37,2026-07-27T21:00:36.452Z
sensor.xiao_sensor_xiao_12d7dc_battery_voltage,3.38,2026-07-27T21:00:47.611Z
sensor.xiao_sensor_xiao_12d7dc_battery_voltage,3.37,2026-07-27T21:00:58.800Z
sensor.xiao_sensor_xiao_12d7dc_battery_voltage,3.38,2026-07-27T21:01:21.203Z
sensor.xiao_sensor_xiao_12d7dc_battery_voltage,3.39,2026-07-27T21:01:32.389Z
sensor.xiao_sensor_xiao_12d7dc_battery_voltage,3.37,2026-07-27T21:01:43.558Z
sensor.xiao_sensor_xiao_12d7dc_battery_voltage,3.38,2026-07-27T21:02:05.910Z
sensor.xiao_sensor_xiao_12d7dc_battery_voltage,3.37,2026-07-27T21:03:25.432Z
sensor.xiao_sensor_xiao_12d7dc_battery_voltage,3.38,2026-07-27T21:03:47.756Z
sensor.xiao_sensor_xiao_12d7dc_battery_voltage,3.37,2026-07-27T21:04:21.266Z
sensor.xiao_sensor_xiao_12d7dc_battery_voltage,3.38,2026-07-27T21:04:55.106Z
sensor.xiao_sensor_xiao_12d7dc_battery_voltage,3.37,2026-07-27T21:05:18.328Z
sensor.xiao_sensor_xiao_12d7dc_battery_voltage,3.38,2026-07-27T21:05:29.510Z
sensor.xiao_sensor_xiao_12d7dc_battery_voltage,3.37,2026-07-27T21:05:40.733Z
sensor.xiao_sensor_xiao_12d7dc_battery_voltage,3.38,2026-07-27T21:06:03.302Z
sensor.xiao_sensor_xiao_12d7dc_battery_voltage,3.37,2026-07-27T21:06:14.475Z
sensor.xiao_sensor_xiao_12d7dc_battery_voltage,3.38,2026-07-27T21:06:26.634Z
sensor.xiao_sensor_xiao_12d7dc_battery_voltage,3.36,2026-07-27T21:06:37.777Z
sensor.xiao_sensor_xiao_12d7dc_battery_voltage,3.38,2026-07-27T21:06:48.957Z
sensor.xiao_sensor_xiao_12d7dc_battery_voltage,3.37,2026-07-27T21:07:22.467Z
sensor.xiao_sensor_xiao_12d7dc_battery_voltage,3.38,2026-07-27T21:07:33.637Z
sensor.xiao_sensor_xiao_12d7dc_battery_voltage,3.37,2026-07-27T21:07:44.806Z
sensor.xiao_sensor_xiao_12d7dc_battery_voltage,3.38,2026-07-27T21:08:07.136Z
sensor.xiao_sensor_xiao_12d7dc_battery_voltage,3.37,2026-07-27T21:08:18.531Z
sensor.xiao_sensor_xiao_12d7dc_battery_voltage,3.38,2026-07-27T21:08:52.459Z
sensor.xiao_sensor_xiao_12d7dc_battery_voltage,3.37,2026-07-27T21:10:11.222Z
sensor.xiao_sensor_xiao_12d7dc_battery_voltage,3.38,2026-07-27T21:10:22.391Z
sensor.xiao_sensor_xiao_12d7dc_battery_voltage,3.36,2026-07-27T21:10:33.565Z
sensor.xiao_sensor_xiao_12d7dc_battery_voltage,3.38,2026-07-27T21:10:44.977Z
sensor.xiao_sensor_xiao_12d7dc_battery_voltage,3.37,2026-07-27T21:11:41.242Z
sensor.xiao_sensor_xiao_12d7dc_battery_voltage,3.38,2026-07-27T21:11:52.709Z
sensor.xiao_sensor_xiao_12d7dc_battery_voltage,3.37,2026-07-27T21:12:26.211Z
sensor.xiao_sensor_xiao_12d7dc_battery_voltage,3.39,2026-07-27T21:12:48.795Z
sensor.xiao_sensor_xiao_12d7dc_battery_voltage,3.38,2026-07-27T21:12:59.951Z
sensor.xiao_sensor_xiao_12d7dc_battery_voltage,3.37,2026-07-27T21:13:11.151Z
sensor.xiao_sensor_xiao_12d7dc_battery_voltage,3.33,2026-07-27T21:13:22.619Z
sensor.xiao_sensor_xiao_12d7dc_battery_voltage,3.37,2026-07-27T21:13:33.885Z
sensor.xiao_sensor_xiao_12d7dc_battery_voltage,3.38,2026-07-27T21:13:56.469Z
sensor.xiao_sensor_xiao_12d7dc_battery_voltage,3.36,2026-07-27T21:14:19.048Z
sensor.xiao_sensor_xiao_12d7dc_battery_voltage,3.38,2026-07-27T21:14:30.464Z
sensor.xiao_sensor_xiao_12d7dc_battery_voltage,3.36,2026-07-27T21:14:52.802Z
sensor.xiao_sensor_xiao_12d7dc_battery_voltage,3.37,2026-07-27T21:15:04.009Z
sensor.xiao_sensor_xiao_12d7dc_battery_voltage,3.38,2026-07-27T21:15:15.178Z
sensor.xiao_sensor_xiao_12d7dc_battery_voltage,3.36,2026-07-27T21:15:37.527Z
sensor.xiao_sensor_xiao_12d7dc_battery_voltage,3.37,2026-07-27T21:15:49.048Z
sensor.xiao_sensor_xiao_12d7dc_battery_voltage,3.38,2026-07-27T21:16:45.216Z
sensor.xiao_sensor_xiao_12d7dc_battery_voltage,3.36,2026-07-27T21:16:56.382Z
sensor.xiao_sensor_xiao_12d7dc_battery_voltage,3.37,2026-07-27T21:17:07.766Z
sensor.xiao_sensor_xiao_12d7dc_battery_voltage,3.38,2026-07-27T21:17:18.934Z
sensor.xiao_sensor_xiao_12d7dc_battery_voltage,3.37,2026-07-27T21:17:41.512Z
sensor.xiao_sensor_xiao_12d7dc_battery_voltage,3.36,2026-07-27T21:18:15.102Z
sensor.xiao_sensor_xiao_12d7dc_battery_voltage,3.37,2026-07-27T21:18:26.260Z
sensor.xiao_sensor_xiao_12d7dc_battery_voltage,3.38,2026-07-27T21:18:59.789Z
sensor.xiao_sensor_xiao_12d7dc_battery_voltage,3.37,2026-07-27T21:19:22.122Z
sensor.xiao_sensor_xiao_12d7dc_battery_voltage,3.39,2026-07-27T21:19:33.301Z
sensor.xiao_sensor_xiao_12d7dc_battery_voltage,3.38,2026-07-27T21:19:44.470Z
sensor.xiao_sensor_xiao_12d7dc_battery_voltage,3.37,2026-07-27T21:19:55.632Z
sensor.xiao_sensor_xiao_12d7dc_battery_voltage,3.38,2026-07-27T21:20:17.964Z
sensor.xiao_sensor_xiao_12d7dc_battery_voltage,3.37,2026-07-27T21:20:30.394Z
sensor.xiao_sensor_xiao_12d7dc_battery_voltage,3.36,2026-07-27T21:20:41.548Z
sensor.xiao_sensor_xiao_12d7dc_battery_voltage,3.37,2026-07-27T21:21:03.992Z
sensor.xiao_sensor_xiao_12d7dc_battery_voltage,3.36,2026-07-27T21:21:15.147Z
sensor.xiao_sensor_xiao_12d7dc_battery_voltage,3.37,2026-07-27T21:21:26.363Z
sensor.xiao_sensor_xiao_12d7dc_battery_voltage,3.36,2026-07-27T21:21:37.753Z
sensor.xiao_sensor_xiao_12d7dc_battery_voltage,3.37,2026-07-27T21:21:48.934Z
sensor.xiao_sensor_xiao_12d7dc_battery_voltage,3.36,2026-07-27T21:22:58.356Z
sensor.xiao_sensor_xiao_12d7dc_battery_voltage,3.37,2026-07-27T21:23:09.579Z
sensor.xiao_sensor_xiao_12d7dc_battery_voltage,3.36,2026-07-27T21:23:31.933Z
sensor.xiao_sensor_xiao_12d7dc_battery_voltage,3.37,2026-07-27T21:23:43.093Z
sensor.xiao_sensor_xiao_12d7dc_battery_voltage,3.38,2026-07-27T21:24:28.180Z
sensor.xiao_sensor_xiao_12d7dc_battery_voltage,3.37,2026-07-27T21:25:12.991Z
sensor.xiao_sensor_xiao_12d7dc_battery_voltage,3.36,2026-07-27T21:25:35.570Z
sensor.xiao_sensor_xiao_12d7dc_battery_voltage,3.37,2026-07-27T21:25:46.787Z
sensor.xiao_sensor_xiao_12d7dc_battery_voltage,3.38,2026-07-27T21:26:09.364Z
sensor.xiao_sensor_xiao_12d7dc_battery_voltage,3.37,2026-07-27T21:26:31.758Z
sensor.xiao_sensor_xiao_12d7dc_battery_voltage,3.38,2026-07-27T21:27:05.279Z
sensor.xiao_sensor_xiao_12d7dc_battery_voltage,3.37,2026-07-27T21:27:16.463Z
sensor.xiao_sensor_xiao_12d7dc_battery_voltage,3.38,2026-07-27T21:27:51.085Z
sensor.xiao_sensor_xiao_12d7dc_battery_voltage,3.37,2026-07-27T21:28:02.308Z
sensor.xiao_sensor_xiao_12d7dc_battery_voltage,3.38,2026-07-27T21:28:13.494Z
sensor.xiao_sensor_xiao_12d7dc_battery_voltage,3.37,2026-07-27T21:28:24.670Z
sensor.xiao_sensor_xiao_12d7dc_battery_voltage,3.36,2026-07-27T21:29:09.893Z
sensor.xiao_sensor_xiao_12d7dc_battery_voltage,3.37,2026-07-27T21:29:21.173Z
sensor.xiao_sensor_xiao_12d7dc_battery_voltage,3.38,2026-07-27T21:29:43.563Z
sensor.xiao_sensor_xiao_12d7dc_battery_voltage,3.37,2026-07-27T21:30:06.192Z
sensor.xiao_sensor_xiao_12d7dc_battery_voltage,3.38,2026-07-27T21:35:54.634Z
sensor.xiao_sensor_xiao_12d7dc_battery_voltage,3.37,2026-07-27T21:36:05.798Z
sensor.xiao_sensor_xiao_12d7dc_battery_voltage,3.36,2026-07-27T21:36:16.970Z
sensor.xiao_sensor_xiao_12d7dc_battery_voltage,3.37,2026-07-27T21:36:28.165Z
sensor.xiao_sensor_xiao_12d7dc_battery_voltage,3.36,2026-07-27T21:36:39.326Z
sensor.xiao_sensor_xiao_12d7dc_battery_voltage,3.37,2026-07-27T21:36:50.757Z
sensor.xiao_sensor_xiao_12d7dc_battery_voltage,3.36,2026-07-27T21:37:24.293Z
sensor.xiao_sensor_xiao_12d7dc_battery_voltage,3.37,2026-07-27T21:37:35.493Z
sensor.xiao_sensor_xiao_12d7dc_battery_voltage,3.36,2026-07-27T21:38:08.991Z
sensor.xiao_sensor_xiao_12d7dc_battery_voltage,3.37,2026-07-27T21:38:20.162Z
sensor.xiao_sensor_xiao_12d7dc_battery_voltage,3.36,2026-07-27T21:38:31.601Z
sensor.xiao_sensor_xiao_12d7dc_battery_voltage,3.37,2026-07-27T21:38:54.337Z
sensor.xiao_sensor_xiao_12d7dc_battery_voltage,3.38,2026-07-27T21:39:05.507Z
sensor.xiao_sensor_xiao_12d7dc_battery_voltage,3.36,2026-07-27T21:39:16.942Z
sensor.xiao_sensor_xiao_12d7dc_battery_voltage,3.37,2026-07-27T21:39:28.344Z
sensor.xiao_sensor_xiao_12d7dc_battery_voltage,3.34,2026-07-27T21:40:03.168Z
sensor.xiao_sensor_xiao_12d7dc_battery_voltage,3.37,2026-07-27T21:40:14.391Z
sensor.xiao_sensor_xiao_12d7dc_battery_voltage,3.36,2026-07-27T21:41:44.443Z
sensor.xiao_sensor_xiao_12d7dc_battery_voltage,3.37,2026-07-27T21:41:55.631Z
sensor.xiao_sensor_xiao_12d7dc_battery_voltage,3.36,2026-07-27T21:43:13.957Z
sensor.xiao_sensor_xiao_12d7dc_battery_voltage,3.37,2026-07-27T21:43:25.145Z
sensor.xiao_sensor_xiao_12d7dc_battery_voltage,3.36,2026-07-27T21:44:55.761Z
sensor.xiao_sensor_xiao_12d7dc_battery_voltage,3.37,2026-07-27T21:45:06.940Z
sensor.xiao_sensor_xiao_12d7dc_battery_voltage,3.36,2026-07-27T21:46:03.742Z
sensor.xiao_sensor_xiao_12d7dc_battery_voltage,3.37,2026-07-27T21:46:14.931Z
sensor.xiao_sensor_xiao_12d7dc_battery_voltage,3.36,2026-07-27T21:47:22.383Z
sensor.xiao_sensor_xiao_12d7dc_battery_voltage,3.37,2026-07-27T21:47:33.540Z
sensor.xiao_sensor_xiao_12d7dc_battery_voltage,3.36,2026-07-27T21:47:44.744Z
sensor.xiao_sensor_xiao_12d7dc_battery_voltage,3.37,2026-07-27T21:47:56.155Z
sensor.xiao_sensor_xiao_12d7dc_battery_voltage,3.36,2026-07-27T21:48:07.328Z
sensor.xiao_sensor_xiao_12d7dc_battery_voltage,3.37,2026-07-27T21:48:18.493Z
sensor.xiao_sensor_xiao_12d7dc_battery_voltage,3.36,2026-07-27T21:48:40.857Z
sensor.xiao_sensor_xiao_12d7dc_battery_voltage,3.37,2026-07-27T21:48:52.077Z
sensor.xiao_sensor_xiao_12d7dc_battery_voltage,3.36,2026-07-27T21:50:32.933Z
sensor.xiao_sensor_xiao_12d7dc_battery_voltage,3.37,2026-07-27T21:50:55.520Z
sensor.xiao_sensor_xiao_12d7dc_battery_voltage,3.36,2026-07-27T21:51:06.788Z
sensor.xiao_sensor_xiao_12d7dc_battery_voltage,3.37,2026-07-27T21:51:18.236Z
sensor.xiao_sensor_xiao_12d7dc_battery_voltage,3.36,2026-07-27T21:51:52.192Z
sensor.xiao_sensor_xiao_12d7dc_battery_voltage,3.37,2026-07-27T21:52:03.374Z
sensor.xiao_sensor_xiao_12d7dc_battery_voltage,3.36,2026-07-27T21:52:25.724Z
sensor.xiao_sensor_xiao_12d7dc_battery_voltage,3.37,2026-07-27T21:52:48.351Z
sensor.xiao_sensor_xiao_12d7dc_battery_voltage,3.36,2026-07-27T21:53:10.685Z
sensor.xiao_sensor_xiao_12d7dc_battery_voltage,3.37,2026-07-27T21:53:21.861Z
sensor.xiao_sensor_xiao_12d7dc_battery_voltage,3.36,2026-07-27T21:53:44.552Z
sensor.xiao_sensor_xiao_12d7dc_battery_voltage,3.37,2026-07-27T21:53:55.735Z
sensor.xiao_sensor_xiao_12d7dc_battery_voltage,3.36,2026-07-27T21:54:06.953Z
sensor.xiao_sensor_xiao_12d7dc_battery_voltage,3.37,2026-07-27T21:54:18.227Z
sensor.xiao_sensor_xiao_12d7dc_battery_voltage,3.36,2026-07-27T21:54:29.422Z
sensor.xiao_sensor_xiao_12d7dc_battery_voltage,3.37,2026-07-27T21:54:41.605Z
sensor.xiao_sensor_xiao_12d7dc_battery_voltage,3.36,2026-07-27T21:54:52.777Z
sensor.xiao_sensor_xiao_12d7dc_battery_voltage,3.37,2026-07-27T21:55:26.710Z
sensor.xiao_sensor_xiao_12d7dc_battery_voltage,3.36,2026-07-27T21:55:37.882Z
sensor.xiao_sensor_xiao_12d7dc_battery_voltage,3.37,2026-07-27T21:55:49.059Z
sensor.xiao_sensor_xiao_12d7dc_battery_voltage,3.36,2026-07-27T21:56:34.075Z
sensor.xiao_sensor_xiao_12d7dc_battery_voltage,3.37,2026-07-27T21:56:45.251Z
sensor.xiao_sensor_xiao_12d7dc_battery_voltage,3.36,2026-07-27T21:56:56.641Z
sensor.xiao_sensor_xiao_12d7dc_battery_voltage,3.37,2026-07-27T21:57:08.153Z
sensor.xiao_sensor_xiao_12d7dc_battery_voltage,3.34,2026-07-27T21:57:19.312Z
sensor.xiao_sensor_xiao_12d7dc_battery_voltage,3.36,2026-07-27T21:57:30.530Z
sensor.xiao_sensor_xiao_12d7dc_battery_voltage,3.37,2026-07-27T21:57:41.697Z
sensor.xiao_sensor_xiao_12d7dc_battery_voltage,3.36,2026-07-27T21:58:49.016Z
sensor.xiao_sensor_xiao_12d7dc_battery_voltage,3.37,2026-07-27T21:59:35.435Z
sensor.xiao_sensor_xiao_12d7dc_battery_voltage,3.36,2026-07-27T21:59:46.646Z
sensor.xiao_sensor_xiao_12d7dc_battery_voltage,3.37,2026-07-27T22:00:20.493Z
sensor.xiao_sensor_xiao_12d7dc_battery_voltage,3.36,2026-07-27T22:00:31.725Z
sensor.xiao_sensor_xiao_12d7dc_battery_voltage,3.37,2026-07-27T22:01:05.750Z
sensor.xiao_sensor_xiao_12d7dc_battery_voltage,3.36,2026-07-27T22:01:28.412Z
sensor.xiao_sensor_xiao_12d7dc_battery_voltage,3.37,2026-07-27T22:03:32.721Z
sensor.xiao_sensor_xiao_12d7dc_battery_voltage,3.36,2026-07-27T22:03:43.995Z
sensor.xiao_sensor_xiao_12d7dc_battery_voltage,3.37,2026-07-27T22:04:18.214Z
sensor.xiao_sensor_xiao_12d7dc_battery_voltage,3.36,2026-07-27T22:04:29.399Z
sensor.xiao_sensor_xiao_12d7dc_battery_voltage,3.37,2026-07-27T22:04:52.078Z
sensor.xiao_sensor_xiao_12d7dc_battery_voltage,3.36,2026-07-27T22:05:03.317Z
sensor.xiao_sensor_xiao_12d7dc_battery_voltage,3.37,2026-07-27T22:05:36.876Z
sensor.xiao_sensor_xiao_12d7dc_battery_voltage,3.36,2026-07-27T22:05:59.257Z
sensor.xiao_sensor_xiao_12d7dc_battery_voltage,3.37,2026-07-27T22:08:03.732Z
sensor.xiao_sensor_xiao_12d7dc_battery_voltage,3.36,2026-07-27T22:08:14.916Z
sensor.xiao_sensor_xiao_12d7dc_battery_voltage,3.37,2026-07-27T22:09:10.989Z
sensor.xiao_sensor_xiao_12d7dc_battery_voltage,3.36,2026-07-27T22:09:22.167Z
sensor.xiao_sensor_xiao_12d7dc_battery_voltage,3.37,2026-07-27T22:10:18.178Z
sensor.xiao_sensor_xiao_12d7dc_battery_voltage,3.36,2026-07-27T22:10:29.345Z
sensor.xiao_sensor_xiao_12d7dc_battery_voltage,3.37,2026-07-27T22:11:15.549Z
sensor.xiao_sensor_xiao_12d7dc_battery_voltage,3.36,2026-07-27T22:11:26.788Z
sensor.xiao_sensor_xiao_12d7dc_battery_voltage,3.37,2026-07-27T22:18:01.193Z
sensor.xiao_sensor_xiao_12d7dc_battery_voltage,3.36,2026-07-27T22:18:12.369Z
sensor.xiao_sensor_xiao_12d7dc_battery_voltage,3.35,2026-07-27T22:23:29.110Z
sensor.xiao_sensor_xiao_12d7dc_battery_voltage,3.36,2026-07-27T22:23:40.278Z
sensor.xiao_sensor_xiao_12d7dc_battery_voltage,3.35,2026-07-27T22:33:03.612Z
sensor.xiao_sensor_xiao_12d7dc_battery_voltage,3.36,2026-07-27T22:33:14.789Z
sensor.xiao_sensor_xiao_12d7dc_battery_voltage,3.35,2026-07-27T22:33:26.024Z
sensor.xiao_sensor_xiao_12d7dc_battery_voltage,3.36,2026-07-27T22:33:37.261Z
sensor.xiao_sensor_xiao_12d7dc_battery_voltage,3.35,2026-07-27T22:35:52.005Z
sensor.xiao_sensor_xiao_12d7dc_battery_voltage,3.36,2026-07-27T22:36:03.180Z
sensor.xiao_sensor_xiao_12d7dc_battery_voltage,3.35,2026-07-27T22:36:14.354Z
sensor.xiao_sensor_xiao_12d7dc_battery_voltage,3.36,2026-07-27T22:36:25.528Z
sensor.xiao_sensor_xiao_12d7dc_battery_voltage,3.35,2026-07-27T22:36:36.700Z
sensor.xiao_sensor_xiao_12d7dc_battery_voltage,3.36,2026-07-27T22:36:47.911Z
sensor.xiao_sensor_xiao_12d7dc_battery_voltage,3.31,2026-07-27T22:36:59.069Z
sensor.xiao_sensor_xiao_12d7dc_battery_voltage,3.36,2026-07-27T22:37:10.238Z
sensor.xiao_sensor_xiao_12d7dc_battery_voltage,3.35,2026-07-27T22:37:32.788Z
sensor.xiao_sensor_xiao_12d7dc_battery_voltage,3.36,2026-07-27T22:37:44.020Z
sensor.xiao_sensor_xiao_12d7dc_battery_voltage,3.35,2026-07-27T22:37:55.200Z
sensor.xiao_sensor_xiao_12d7dc_battery_voltage,3.36,2026-07-27T22:38:06.378Z
sensor.xiao_sensor_xiao_12d7dc_battery_voltage,3.35,2026-07-27T22:38:39.876Z
sensor.xiao_sensor_xiao_12d7dc_battery_voltage,3.36,2026-07-27T22:38:51.055Z
sensor.xiao_sensor_xiao_12d7dc_battery_voltage,3.35,2026-07-27T22:39:02.454Z
sensor.xiao_sensor_xiao_12d7dc_battery_voltage,3.36,2026-07-27T22:39:13.626Z
sensor.xiao_sensor_xiao_12d7dc_battery_voltage,3.35,2026-07-27T22:40:44.075Z
sensor.xiao_sensor_xiao_12d7dc_battery_voltage,3.36,2026-07-27T22:40:55.236Z
sensor.xiao_sensor_xiao_12d7dc_battery_voltage,3.35,2026-07-27T22:41:06.446Z
sensor.xiao_sensor_xiao_12d7dc_battery_voltage,3.36,2026-07-27T22:41:17.614Z
sensor.xiao_sensor_xiao_12d7dc_battery_voltage,3.35,2026-07-27T22:41:28.777Z
sensor.xiao_sensor_xiao_12d7dc_battery_voltage,3.36,2026-07-27T22:41:40.001Z
sensor.xiao_sensor_xiao_12d7dc_battery_voltage,3.31,2026-07-27T22:42:13.748Z
sensor.xiao_sensor_xiao_12d7dc_battery_voltage,3.35,2026-07-27T22:42:24.932Z
sensor.xiao_sensor_xiao_12d7dc_battery_voltage,3.36,2026-07-27T22:43:54.512Z
sensor.xiao_sensor_xiao_12d7dc_battery_voltage,3.35,2026-07-27T22:44:05.671Z
sensor.xiao_sensor_xiao_12d7dc_battery_voltage,3.36,2026-07-27T22:45:23.992Z
sensor.xiao_sensor_xiao_12d7dc_battery_voltage,3.35,2026-07-27T22:45:35.152Z
sensor.xiao_sensor_xiao_12d7dc_battery_voltage,3.36,2026-07-27T22:45:57.499Z
sensor.xiao_sensor_xiao_12d7dc_battery_voltage,3.35,2026-07-27T22:46:19.859Z
sensor.xiao_sensor_xiao_12d7dc_battery_voltage,3.36,2026-07-27T22:46:53.614Z
sensor.xiao_sensor_xiao_12d7dc_battery_voltage,3.35,2026-07-27T22:47:38.368Z
sensor.xiao_sensor_xiao_12d7dc_battery_voltage,3.36,2026-07-27T22:49:08.107Z
sensor.xiao_sensor_xiao_12d7dc_battery_voltage,3.35,2026-07-27T22:49:19.273Z
sensor.xiao_sensor_xiao_12d7dc_battery_voltage,3.36,2026-07-27T22:49:41.868Z
sensor.xiao_sensor_xiao_12d7dc_battery_voltage,3.35,2026-07-27T22:50:04.274Z
sensor.xiao_sensor_xiao_12d7dc_battery_voltage,3.36,2026-07-27T22:51:45.088Z
sensor.xiao_sensor_xiao_12d7dc_battery_voltage,3.35,2026-07-27T22:51:56.252Z
sensor.xiao_sensor_xiao_12d7dc_battery_voltage,3.36,2026-07-27T22:56:35.851Z
sensor.xiao_sensor_xiao_12d7dc_battery_voltage,3.35,2026-07-27T22:56:47.037Z
sensor.xiao_sensor_xiao_12d7dc_battery_voltage,3.36,2026-07-27T22:56:58.225Z
sensor.xiao_sensor_xiao_12d7dc_battery_voltage,3.35,2026-07-27T22:57:09.365Z
sensor.xiao_sensor_xiao_12d7dc_battery_voltage,3.34,2026-07-27T23:02:36.153Z
sensor.xiao_sensor_xiao_12d7dc_battery_voltage,3.35,2026-07-27T23:02:47.334Z
sensor.xiao_sensor_xiao_12d7dc_battery_voltage,3.34,2026-07-27T23:04:06.249Z
sensor.xiao_sensor_xiao_12d7dc_battery_voltage,3.35,2026-07-27T23:04:17.415Z
sensor.xiao_sensor_xiao_12d7dc_battery_voltage,3.34,2026-07-27T23:07:17.090Z
sensor.xiao_sensor_xiao_12d7dc_battery_voltage,3.35,2026-07-27T23:07:28.255Z
sensor.xiao_sensor_xiao_12d7dc_battery_voltage,3.34,2026-07-27T23:08:03.107Z
sensor.xiao_sensor_xiao_12d7dc_battery_voltage,3.35,2026-07-27T23:08:14.280Z
sensor.xiao_sensor_xiao_12d7dc_battery_voltage,3.34,2026-07-27T23:09:33.813Z
sensor.xiao_sensor_xiao_12d7dc_battery_voltage,3.35,2026-07-27T23:09:44.974Z
sensor.xiao_sensor_xiao_12d7dc_battery_voltage,3.34,2026-07-27T23:10:07.313Z
sensor.xiao_sensor_xiao_12d7dc_battery_voltage,3.35,2026-07-27T23:10:18.753Z
sensor.xiao_sensor_xiao_12d7dc_battery_voltage,3.34,2026-07-27T23:10:29.922Z
sensor.xiao_sensor_xiao_12d7dc_battery_voltage,3.35,2026-07-27T23:10:41.107Z
sensor.xiao_sensor_xiao_12d7dc_battery_voltage,3.34,2026-07-27T23:11:48.406Z
sensor.xiao_sensor_xiao_12d7dc_battery_voltage,3.35,2026-07-27T23:11:59.597Z
sensor.xiao_sensor_xiao_12d7dc_battery_voltage,3.34,2026-07-27T23:12:56.771Z
sensor.xiao_sensor_xiao_12d7dc_battery_voltage,3.35,2026-07-27T23:13:07.937Z
sensor.xiao_sensor_xiao_12d7dc_battery_voltage,3.34,2026-07-27T23:14:37.928Z
sensor.xiao_sensor_xiao_12d7dc_battery_voltage,3.35,2026-07-27T23:14:49.113Z
sensor.xiao_sensor_xiao_12d7dc_battery_voltage,3.34,2026-07-27T23:15:34.101Z
sensor.xiao_sensor_xiao_12d7dc_battery_voltage,3.35,2026-07-27T23:15:56.461Z
sensor.xiao_sensor_xiao_12d7dc_battery_voltage,3.34,2026-07-27T23:16:07.622Z
sensor.xiao_sensor_xiao_12d7dc_battery_voltage,3.35,2026-07-27T23:16:18.857Z
sensor.xiao_sensor_xiao_12d7dc_battery_voltage,3.34,2026-07-27T23:16:30.261Z
sensor.xiao_sensor_xiao_12d7dc_battery_voltage,3.35,2026-07-27T23:16:52.677Z
sensor.xiao_sensor_xiao_12d7dc_battery_voltage,3.34,2026-07-27T23:17:04.084Z
sensor.xiao_sensor_xiao_12d7dc_battery_voltage,3.35,2026-07-27T23:17:26.682Z
sensor.xiao_sensor_xiao_12d7dc_battery_voltage,3.34,2026-07-27T23:17:49.030Z
sensor.xiao_sensor_xiao_12d7dc_battery_voltage,3.35,2026-07-27T23:18:11.382Z
sensor.xiao_sensor_xiao_12d7dc_battery_voltage,3.34,2026-07-27T23:18:22.558Z
sensor.xiao_sensor_xiao_12d7dc_battery_voltage,3.35,2026-07-27T23:18:44.902Z
sensor.xiao_sensor_xiao_12d7dc_battery_voltage,3.34,2026-07-27T23:19:07.561Z
sensor.xiao_sensor_xiao_12d7dc_battery_voltage,3.35,2026-07-27T23:19:41.050Z
sensor.xiao_sensor_xiao_12d7dc_battery_voltage,3.34,2026-07-27T23:19:52.238Z
sensor.xiao_sensor_xiao_12d7dc_battery_voltage,3.35,2026-07-27T23:20:03.392Z
sensor.xiao_sensor_xiao_12d7dc_battery_voltage,3.34,2026-07-27T23:20:14.555Z
sensor.xiao_sensor_xiao_12d7dc_battery_voltage,3.35,2026-07-27T23:23:36.654Z
sensor.xiao_sensor_xiao_12d7dc_battery_voltage,3.34,2026-07-27T23:23:47.816Z
sensor.xiao_sensor_xiao_12d7dc_battery_voltage,3.31,2026-07-27T23:26:02.253Z
sensor.xiao_sensor_xiao_12d7dc_battery_voltage,3.34,2026-07-27T23:26:13.657Z
sensor.xiao_sensor_xiao_12d7dc_battery_voltage,3.35,2026-07-27T23:26:24.839Z
sensor.xiao_sensor_xiao_12d7dc_battery_voltage,3.34,2026-07-27T23:26:36.023Z
sensor.xiao_sensor_xiao_12d7dc_battery_voltage,3.3,2026-07-27T23:27:43.078Z
sensor.xiao_sensor_xiao_12d7dc_battery_voltage,3.34,2026-07-27T23:27:54.249Z
sensor.xiao_sensor_xiao_12d7dc_battery_voltage,3.35,2026-07-27T23:31:38.468Z
sensor.xiao_sensor_xiao_12d7dc_battery_voltage,3.34,2026-07-27T23:31:49.846Z
sensor.xiao_sensor_xiao_12d7dc_battery_voltage,3.33,2026-07-27T23:32:34.588Z
sensor.xiao_sensor_xiao_12d7dc_battery_voltage,3.34,2026-07-27T23:32:45.821Z
sensor.xiao_sensor_xiao_12d7dc_battery_voltage,3.33,2026-07-27T23:33:30.510Z
sensor.xiao_sensor_xiao_12d7dc_battery_voltage,3.34,2026-07-27T23:33:41.679Z
sensor.xiao_sensor_xiao_12d7dc_battery_voltage,3.35,2026-07-27T23:34:04.053Z
sensor.xiao_sensor_xiao_12d7dc_battery_voltage,3.34,2026-07-27T23:34:37.854Z
sensor.xiao_sensor_xiao_12d7dc_battery_voltage,3.35,2026-07-27T23:36:29.828Z
sensor.xiao_sensor_xiao_12d7dc_battery_voltage,3.34,2026-07-27T23:36:40.986Z
sensor.xiao_sensor_xiao_12d7dc_battery_voltage,3.33,2026-07-27T23:36:52.159Z
sensor.xiao_sensor_xiao_12d7dc_battery_voltage,3.34,2026-07-27T23:37:03.321Z
sensor.xiao_sensor_xiao_12d7dc_battery_voltage,3.35,2026-07-27T23:37:14.754Z
sensor.xiao_sensor_xiao_12d7dc_battery_voltage,3.34,2026-07-27T23:37:25.911Z
sensor.xiao_sensor_xiao_12d7dc_battery_voltage,3.33,2026-07-27T23:37:37.081Z
sensor.xiao_sensor_xiao_12d7dc_battery_voltage,3.34,2026-07-27T23:37:48.362Z
sensor.xiao_sensor_xiao_12d7dc_battery_voltage,3.33,2026-07-27T23:38:44.969Z
sensor.xiao_sensor_xiao_12d7dc_battery_voltage,3.34,2026-07-27T23:39:07.416Z
sensor.xiao_sensor_xiao_12d7dc_battery_voltage,3.33,2026-07-27T23:39:29.812Z
sensor.xiao_sensor_xiao_12d7dc_battery_voltage,3.34,2026-07-27T23:39:40.978Z
sensor.xiao_sensor_xiao_12d7dc_battery_voltage,3.33,2026-07-27T23:39:52.149Z
sensor.xiao_sensor_xiao_12d7dc_battery_voltage,3.34,2026-07-27T23:40:03.397Z
sensor.xiao_sensor_xiao_12d7dc_battery_voltage,3.35,2026-07-27T23:40:14.850Z
sensor.xiao_sensor_xiao_12d7dc_battery_voltage,3.32,2026-07-27T23:40:26.049Z
sensor.xiao_sensor_xiao_12d7dc_battery_voltage,3.34,2026-07-27T23:40:37.228Z
sensor.xiao_sensor_xiao_12d7dc_battery_voltage,3.33,2026-07-27T23:41:10.892Z
sensor.xiao_sensor_xiao_12d7dc_battery_voltage,3.32,2026-07-27T23:41:22.077Z
sensor.xiao_sensor_xiao_12d7dc_battery_voltage,3.33,2026-07-27T23:41:33.238Z
sensor.xiao_sensor_xiao_12d7dc_battery_voltage,3.35,2026-07-27T23:41:55.584Z
sensor.xiao_sensor_xiao_12d7dc_battery_voltage,3.33,2026-07-27T23:42:06.771Z
sensor.xiao_sensor_xiao_12d7dc_battery_voltage,3.34,2026-07-27T23:42:17.992Z
sensor.xiao_sensor_xiao_12d7dc_battery_voltage,3.35,2026-07-27T23:42:29.217Z
sensor.xiao_sensor_xiao_12d7dc_battery_voltage,3.33,2026-07-27T23:42:40.436Z
sensor.xiao_sensor_xiao_12d7dc_battery_voltage,3.35,2026-07-27T23:42:51.662Z
sensor.xiao_sensor_xiao_12d7dc_battery_voltage,3.34,2026-07-27T23:43:02.835Z
sensor.xiao_sensor_xiao_12d7dc_battery_voltage,3.33,2026-07-27T23:43:14.017Z
sensor.xiao_sensor_xiao_12d7dc_battery_voltage,3.34,2026-07-27T23:43:25.186Z
sensor.xiao_sensor_xiao_12d7dc_battery_voltage,3.35,2026-07-27T23:43:36.371Z
sensor.xiao_sensor_xiao_12d7dc_battery_voltage,3.34,2026-07-27T23:43:47.796Z
sensor.xiao_sensor_xiao_12d7dc_battery_voltage,3.33,2026-07-27T23:44:32.946Z
sensor.xiao_sensor_xiao_12d7dc_battery_voltage,3.34,2026-07-27T23:45:06.945Z
sensor.xiao_sensor_xiao_12d7dc_battery_voltage,3.33,2026-07-27T23:45:29.589Z
sensor.xiao_sensor_xiao_12d7dc_battery_voltage,3.34,2026-07-27T23:46:25.455Z
sensor.xiao_sensor_xiao_12d7dc_battery_voltage,3.33,2026-07-27T23:46:36.665Z
sensor.xiao_sensor_xiao_12d7dc_battery_voltage,3.3,2026-07-27T23:50:33.223Z
sensor.xiao_sensor_xiao_12d7dc_battery_voltage,3.33,2026-07-27T23:50:44.384Z
sensor.xiao_sensor_xiao_12d7dc_battery_voltage,3.32,2026-07-28T00:00:29.073Z
sensor.xiao_sensor_xiao_12d7dc_battery_voltage,3.33,2026-07-28T00:00:40.238Z
sensor.xiao_sensor_xiao_12d7dc_battery_voltage,3.32,2026-07-28T00:00:51.417Z
sensor.xiao_sensor_xiao_12d7dc_battery_voltage,3.33,2026-07-28T00:01:02.595Z
sensor.xiao_sensor_xiao_12d7dc_battery_voltage,3.32,2026-07-28T00:01:25.052Z
sensor.xiao_sensor_xiao_12d7dc_battery_voltage,3.33,2026-07-28T00:01:36.239Z
sensor.xiao_sensor_xiao_12d7dc_battery_voltage,3.32,2026-07-28T00:01:47.424Z
sensor.xiao_sensor_xiao_12d7dc_battery_voltage,3.33,2026-07-28T00:01:58.859Z
sensor.xiao_sensor_xiao_12d7dc_battery_voltage,3.32,2026-07-28T00:02:21.312Z
sensor.xiao_sensor_xiao_12d7dc_battery_voltage,3.31,2026-07-28T00:11:54.659Z
sensor.xiao_sensor_xiao_12d7dc_battery_voltage,3.32,2026-07-28T00:12:05.849Z
sensor.xiao_sensor_xiao_12d7dc_battery_voltage,3.31,2026-07-28T00:13:24.572Z
sensor.xiao_sensor_xiao_12d7dc_battery_voltage,3.32,2026-07-28T00:13:46.905Z
sensor.xiao_sensor_xiao_12d7dc_battery_voltage,3.31,2026-07-28T00:14:54.576Z
sensor.xiao_sensor_xiao_12d7dc_battery_voltage,3.32,2026-07-28T00:15:05.757Z
sensor.xiao_sensor_xiao_12d7dc_battery_voltage,3.31,2026-07-28T00:15:16.931Z
sensor.xiao_sensor_xiao_12d7dc_battery_voltage,3.32,2026-07-28T00:15:28.099Z
sensor.xiao_sensor_xiao_12d7dc_battery_voltage,3.31,2026-07-28T00:15:39.332Z
sensor.xiao_sensor_xiao_12d7dc_battery_voltage,3.32,2026-07-28T00:15:50.514Z
sensor.xiao_sensor_xiao_12d7dc_battery_voltage,3.31,2026-07-28T00:16:35.561Z
sensor.xiao_sensor_xiao_12d7dc_battery_voltage,3.32,2026-07-28T00:16:57.926Z
sensor.xiao_sensor_xiao_12d7dc_battery_voltage,3.31,2026-07-28T00:17:09.097Z
sensor.xiao_sensor_xiao_12d7dc_battery_voltage,3.32,2026-07-28T00:17:31.432Z
sensor.xiao_sensor_xiao_12d7dc_battery_voltage,3.31,2026-07-28T00:17:42.850Z
sensor.xiao_sensor_xiao_12d7dc_battery_voltage,3.32,2026-07-28T00:18:16.606Z
sensor.xiao_sensor_xiao_12d7dc_battery_voltage,3.31,2026-07-28T00:18:27.766Z
sensor.xiao_sensor_xiao_12d7dc_battery_voltage,3.3,2026-07-28T00:26:19.269Z
sensor.xiao_sensor_xiao_12d7dc_battery_voltage,3.31,2026-07-28T00:26:30.452Z
sensor.xiao_sensor_xiao_12d7dc_battery_voltage,3.26,2026-07-28T00:26:53.026Z
sensor.xiao_sensor_xiao_12d7dc_battery_voltage,3.31,2026-07-28T00:27:04.204Z
sensor.xiao_sensor_xiao_12d7dc_battery_voltage,3.3,2026-07-28T00:27:26.613Z
sensor.xiao_sensor_xiao_12d7dc_battery_voltage,3.31,2026-07-28T00:27:49.002Z
sensor.xiao_sensor_xiao_12d7dc_battery_voltage,3.3,2026-07-28T00:28:00.162Z
sensor.xiao_sensor_xiao_12d7dc_battery_voltage,3.31,2026-07-28T00:29:18.929Z
sensor.xiao_sensor_xiao_12d7dc_battery_voltage,3.3,2026-07-28T00:29:30.092Z
sensor.xiao_sensor_xiao_12d7dc_battery_voltage,3.29,2026-07-28T00:32:29.729Z
sensor.xiao_sensor_xiao_12d7dc_battery_voltage,3.3,2026-07-28T00:32:40.894Z
sensor.xiao_sensor_xiao_12d7dc_battery_voltage,3.29,2026-07-28T00:37:32.406Z
sensor.xiao_sensor_xiao_12d7dc_battery_voltage,3.3,2026-07-28T00:38:17.332Z
sensor.xiao_sensor_xiao_12d7dc_battery_voltage,3.29,2026-07-28T00:38:28.517Z
sensor.xiao_sensor_xiao_12d7dc_battery_voltage,3.3,2026-07-28T00:38:50.841Z
sensor.xiao_sensor_xiao_12d7dc_battery_voltage,3.29,2026-07-28T00:39:02.004Z
sensor.xiao_sensor_xiao_12d7dc_battery_voltage,3.3,2026-07-28T00:39:47.004Z
sensor.xiao_sensor_xiao_12d7dc_battery_voltage,3.29,2026-07-28T00:39:58.200Z
sensor.xiao_sensor_xiao_12d7dc_battery_voltage,3.28,2026-07-28T00:48:12.031Z
sensor.xiao_sensor_xiao_12d7dc_battery_voltage,3.29,2026-07-28T00:48:23.493Z
sensor.xiao_sensor_xiao_12d7dc_battery_voltage,3.28,2026-07-28T00:48:57.034Z
sensor.xiao_sensor_xiao_12d7dc_battery_voltage,3.29,2026-07-28T00:50:17.886Z
sensor.xiao_sensor_xiao_12d7dc_battery_voltage,3.28,2026-07-28T00:50:29.299Z
sensor.xiao_sensor_xiao_12d7dc_battery_voltage,3.27,2026-07-28T00:52:10.899Z
sensor.xiao_sensor_xiao_12d7dc_battery_voltage,3.28,2026-07-28T00:52:22.060Z
sensor.xiao_sensor_xiao_12d7dc_battery_voltage,3.27,2026-07-28T00:57:14.338Z
sensor.xiao_sensor_xiao_12d7dc_battery_voltage,3.28,2026-07-28T00:57:25.849Z
sensor.xiao_sensor_xiao_12d7dc_battery_voltage,3.27,2026-07-28T00:57:37.280Z
sensor.xiao_sensor_xiao_12d7dc_battery_voltage,3.28,2026-07-28T00:57:59.633Z
sensor.xiao_sensor_xiao_12d7dc_battery_voltage,3.27,2026-07-28T00:58:10.915Z
sensor.xiao_sensor_xiao_12d7dc_battery_voltage,3.26,2026-07-28T01:05:08.937Z
sensor.xiao_sensor_xiao_12d7dc_battery_voltage,3.27,2026-07-28T01:05:20.114Z
sensor.xiao_sensor_xiao_12d7dc_battery_voltage,3.26,2026-07-28T01:06:16.183Z
sensor.xiao_sensor_xiao_12d7dc_battery_voltage,3.27,2026-07-28T01:07:01.354Z
sensor.xiao_sensor_xiao_12d7dc_battery_voltage,3.26,2026-07-28T01:07:12.568Z
sensor.xiao_sensor_xiao_12d7dc_battery_voltage,3.25,2026-07-28T01:13:47.527Z
sensor.xiao_sensor_xiao_12d7dc_battery_voltage,3.26,2026-07-28T01:13:58.757Z
sensor.xiao_sensor_xiao_12d7dc_battery_voltage,3.25,2026-07-28T01:14:43.565Z
sensor.xiao_sensor_xiao_12d7dc_battery_voltage,3.26,2026-07-28T01:15:17.353Z
sensor.xiao_sensor_xiao_12d7dc_battery_voltage,3.25,2026-07-28T01:15:28.540Z
sensor.xiao_sensor_xiao_12d7dc_battery_voltage,3.24,2026-07-28T01:21:17.404Z
sensor.xiao_sensor_xiao_12d7dc_battery_voltage,3.25,2026-07-28T01:21:28.822Z
sensor.xiao_sensor_xiao_12d7dc_battery_voltage,3.24,2026-07-28T01:21:40.656Z
sensor.xiao_sensor_xiao_12d7dc_battery_voltage,3.25,2026-07-28T01:21:51.857Z
sensor.xiao_sensor_xiao_12d7dc_battery_voltage,3.24,2026-07-28T01:22:14.437Z
sensor.xiao_sensor_xiao_12d7dc_battery_voltage,3.25,2026-07-28T01:22:25.680Z
sensor.xiao_sensor_xiao_12d7dc_battery_voltage,3.24,2026-07-28T01:22:59.177Z
sensor.xiao_sensor_xiao_12d7dc_battery_voltage,3.25,2026-07-28T01:23:10.565Z
sensor.xiao_sensor_xiao_12d7dc_battery_voltage,3.24,2026-07-28T01:23:32.991Z
sensor.xiao_sensor_xiao_12d7dc_battery_voltage,3.23,2026-07-28T01:29:33.631Z
sensor.xiao_sensor_xiao_12d7dc_battery_voltage,3.24,2026-07-28T01:29:45.169Z
sensor.xiao_sensor_xiao_12d7dc_battery_voltage,3.23,2026-07-28T01:30:30.043Z
sensor.xiao_sensor_xiao_12d7dc_battery_voltage,3.19,2026-07-28T01:34:27.494Z
sensor.xiao_sensor_xiao_12d7dc_battery_voltage,3.23,2026-07-28T01:34:38.674Z
sensor.xiao_sensor_xiao_12d7dc_battery_voltage,3.22,2026-07-28T01:38:47.057Z
sensor.xiao_sensor_xiao_12d7dc_battery_voltage,3.23,2026-07-28T01:39:32.067Z
sensor.xiao_sensor_xiao_12d7dc_battery_voltage,3.22,2026-07-28T01:39:43.608Z
sensor.xiao_sensor_xiao_12d7dc_battery_voltage,3.21,2026-07-28T01:42:32.856Z
sensor.xiao_sensor_xiao_12d7dc_battery_voltage,3.22,2026-07-28T01:42:44.008Z
sensor.xiao_sensor_xiao_12d7dc_battery_voltage,3.21,2026-07-28T01:44:03.504Z
sensor.xiao_sensor_xiao_12d7dc_battery_voltage,3.22,2026-07-28T01:44:14.889Z
sensor.xiao_sensor_xiao_12d7dc_battery_voltage,3.21,2026-07-28T01:44:59.785Z
sensor.xiao_sensor_xiao_12d7dc_battery_voltage,3.22,2026-07-28T01:45:10.949Z
sensor.xiao_sensor_xiao_12d7dc_battery_voltage,3.21,2026-07-28T01:45:33.282Z
sensor.xiao_sensor_xiao_12d7dc_battery_voltage,3.2,2026-07-28T01:49:39.754Z
sensor.xiao_sensor_xiao_12d7dc_battery_voltage,3.21,2026-07-28T01:49:50.993Z
sensor.xiao_sensor_xiao_12d7dc_battery_voltage,3.2,2026-07-28T01:51:32.174Z
sensor.xiao_sensor_xiao_12d7dc_battery_voltage,3.21,2026-07-28T01:51:54.784Z
sensor.xiao_sensor_xiao_12d7dc_battery_voltage,3.2,2026-07-28T01:52:05.990Z
sensor.xiao_sensor_xiao_12d7dc_battery_voltage,3.19,2026-07-28T01:57:54.414Z
sensor.xiao_sensor_xiao_12d7dc_battery_voltage,3.18,2026-07-28T02:04:50.869Z
sensor.xiao_sensor_xiao_12d7dc_battery_voltage,3.16,2026-07-28T02:06:43.922Z
sensor.xiao_sensor_xiao_12d7dc_battery_voltage,3.18,2026-07-28T02:06:55.160Z
sensor.xiao_sensor_xiao_12d7dc_battery_voltage,3.14,2026-07-28T02:09:32.419Z
sensor.xiao_sensor_xiao_12d7dc_battery_voltage,3.18,2026-07-28T02:09:43.599Z
sensor.xiao_sensor_xiao_12d7dc_battery_voltage,3.17,2026-07-28T02:10:50.813Z
sensor.xiao_sensor_xiao_12d7dc_battery_voltage,3.18,2026-07-28T02:11:02.002Z
sensor.xiao_sensor_xiao_12d7dc_battery_voltage,3.17,2026-07-28T02:11:35.574Z
sensor.xiao_sensor_xiao_12d7dc_battery_voltage,3.16,2026-07-28T02:15:54.727Z
sensor.xiao_sensor_xiao_12d7dc_battery_voltage,3.13,2026-07-28T02:16:05.928Z
sensor.xiao_sensor_xiao_12d7dc_battery_voltage,3.16,2026-07-28T02:16:17.097Z
sensor.xiao_sensor_xiao_12d7dc_battery_voltage,3.15,2026-07-28T02:18:57.152Z
sensor.xiao_sensor_xiao_12d7dc_battery_voltage,3.16,2026-07-28T02:19:08.325Z
sensor.xiao_sensor_xiao_12d7dc_battery_voltage,3.15,2026-07-28T02:21:22.987Z
sensor.xiao_sensor_xiao_12d7dc_battery_voltage,3.16,2026-07-28T02:21:34.183Z
sensor.xiao_sensor_xiao_12d7dc_battery_voltage,3.15,2026-07-28T02:21:45.680Z
sensor.xiao_sensor_xiao_12d7dc_battery_voltage,3.11,2026-07-28T02:23:37.848Z
sensor.xiao_sensor_xiao_12d7dc_battery_voltage,3.15,2026-07-28T02:23:49.457Z
sensor.xiao_sensor_xiao_12d7dc_battery_voltage,3.11,2026-07-28T02:25:53.406Z
sensor.xiao_sensor_xiao_12d7dc_battery_voltage,3.15,2026-07-28T02:26:04.953Z
sensor.xiao_sensor_xiao_12d7dc_battery_voltage,3.14,2026-07-28T02:26:27.645Z
sensor.xiao_sensor_xiao_12d7dc_battery_voltage,3.13,2026-07-28T02:31:42.038Z
sensor.xiao_sensor_xiao_12d7dc_battery_voltage,3.14,2026-07-28T02:31:53.217Z
sensor.xiao_sensor_xiao_12d7dc_battery_voltage,3.13,2026-07-28T02:32:27.476Z
sensor.xiao_sensor_xiao_12d7dc_battery_voltage,3.12,2026-07-28T02:33:46.301Z
sensor.xiao_sensor_xiao_12d7dc_battery_voltage,3.13,2026-07-28T02:33:57.722Z
sensor.xiao_sensor_xiao_12d7dc_battery_voltage,3.12,2026-07-28T02:34:08.971Z
sensor.xiao_sensor_xiao_12d7dc_battery_voltage,3.13,2026-07-28T02:34:20.461Z
sensor.xiao_sensor_xiao_12d7dc_battery_voltage,3.12,2026-07-28T02:35:06.511Z
sensor.xiao_sensor_xiao_12d7dc_battery_voltage,3.13,2026-07-28T02:35:17.748Z
sensor.xiao_sensor_xiao_12d7dc_battery_voltage,3.09,2026-07-28T02:35:28.956Z
sensor.xiao_sensor_xiao_12d7dc_battery_voltage,3.13,2026-07-28T02:35:40.198Z
sensor.xiao_sensor_xiao_12d7dc_battery_voltage,3.12,2026-07-28T02:37:10.726Z
sensor.xiao_sensor_xiao_12d7dc_battery_voltage,3.09,2026-07-28T02:42:16.480Z
sensor.xiao_sensor_xiao_12d7dc_battery_voltage,3.11,2026-07-28T02:42:27.701Z
sensor.xiao_sensor_xiao_12d7dc_battery_voltage,3.1,2026-07-28T02:46:58.107Z
sensor.xiao_sensor_xiao_12d7dc_battery_voltage,3.11,2026-07-28T02:47:20.799Z
sensor.xiao_sensor_xiao_12d7dc_battery_voltage,3.1,2026-07-28T02:47:32.233Z
sensor.xiao_sensor_xiao_12d7dc_battery_voltage,3.09,2026-07-28T02:50:55.331Z
sensor.xiao_sensor_xiao_12d7dc_battery_voltage,3.1,2026-07-28T02:51:06.525Z
sensor.xiao_sensor_xiao_12d7dc_battery_voltage,3.09,2026-07-28T02:52:36.194Z
sensor.xiao_sensor_xiao_12d7dc_battery_voltage,3.08,2026-07-28T02:55:25.771Z
sensor.xiao_sensor_xiao_12d7dc_battery_voltage,3.09,2026-07-28T02:55:37.200Z
sensor.xiao_sensor_xiao_12d7dc_battery_voltage,3.08,2026-07-28T02:55:48.461Z
sensor.xiao_sensor_xiao_12d7dc_battery_voltage,3.09,2026-07-28T02:55:59.638Z
sensor.xiao_sensor_xiao_12d7dc_battery_voltage,3.08,2026-07-28T02:56:10.929Z
sensor.xiao_sensor_xiao_12d7dc_battery_voltage,3.07,2026-07-28T02:58:26.224Z
sensor.xiao_sensor_xiao_12d7dc_battery_voltage,3.08,2026-07-28T02:58:37.382Z
sensor.xiao_sensor_xiao_12d7dc_battery_voltage,3.07,2026-07-28T03:00:18.604Z
sensor.xiao_sensor_xiao_12d7dc_battery_voltage,3.08,2026-07-28T03:00:40.976Z
sensor.xiao_sensor_xiao_12d7dc_battery_voltage,3.07,2026-07-28T03:00:52.461Z
sensor.xiao_sensor_xiao_12d7dc_battery_voltage,3.06,2026-07-28T03:04:15.158Z
sensor.xiao_sensor_xiao_12d7dc_battery_voltage,3.05,2026-07-28T03:06:08.506Z
sensor.xiao_sensor_xiao_12d7dc_battery_voltage,3.06,2026-07-28T03:06:19.665Z
sensor.xiao_sensor_xiao_12d7dc_battery_voltage,3.05,2026-07-28T03:07:38.853Z
sensor.xiao_sensor_xiao_12d7dc_battery_voltage,3.04,2026-07-28T03:10:28.402Z
sensor.xiao_sensor_xiao_12d7dc_battery_voltage,3.05,2026-07-28T03:10:39.589Z
sensor.xiao_sensor_xiao_12d7dc_battery_voltage,3.04,2026-07-28T03:11:35.727Z
sensor.xiao_sensor_xiao_12d7dc_battery_voltage,3.03,2026-07-28T03:14:58.339Z
sensor.xiao_sensor_xiao_12d7dc_battery_voltage,3.02,2026-07-28T03:18:54.410Z
sensor.xiao_sensor_xiao_12d7dc_battery_voltage,3.03,2026-07-28T03:19:05.589Z
sensor.xiao_sensor_xiao_12d7dc_battery_voltage,3.02,2026-07-28T03:19:16.773Z
sensor.xiao_sensor_xiao_12d7dc_battery_voltage,3.01,2026-07-28T03:20:58.152Z
sensor.xiao_sensor_xiao_12d7dc_battery_voltage,3.02,2026-07-28T03:21:09.743Z
sensor.xiao_sensor_xiao_12d7dc_battery_voltage,3.01,2026-07-28T03:22:17.410Z
sensor.xiao_sensor_xiao_12d7dc_battery_voltage,3.0,2026-07-28T03:24:43.908Z
sensor.xiao_sensor_xiao_12d7dc_battery_voltage,3.01,2026-07-28T03:25:18.499Z
sensor.xiao_sensor_xiao_12d7dc_battery_voltage,3.0,2026-07-28T03:25:40.895Z
sensor.xiao_sensor_xiao_12d7dc_battery_voltage,2.99,2026-07-28T03:28:41.009Z
sensor.xiao_sensor_xiao_12d7dc_battery_voltage,3.0,2026-07-28T03:28:52.497Z
sensor.xiao_sensor_xiao_12d7dc_battery_voltage,2.99,2026-07-28T03:29:03.660Z
sensor.xiao_sensor_xiao_12d7dc_battery_voltage,2.98,2026-07-28T03:32:03.692Z
sensor.xiao_sensor_xiao_12d7dc_battery_voltage,2.99,2026-07-28T03:32:14.885Z
sensor.xiao_sensor_xiao_12d7dc_battery_voltage,2.98,2026-07-28T03:32:26.061Z
sensor.xiao_sensor_xiao_12d7dc_battery_voltage,2.97,2026-07-28T03:35:26.127Z
sensor.xiao_sensor_xiao_12d7dc_battery_voltage,2.96,2026-07-28T03:36:57.191Z
sensor.xiao_sensor_xiao_12d7dc_battery_voltage,2.97,2026-07-28T03:37:08.472Z
sensor.xiao_sensor_xiao_12d7dc_battery_voltage,2.96,2026-07-28T03:38:04.842Z
sensor.xiao_sensor_xiao_12d7dc_battery_voltage,2.95,2026-07-28T03:39:46.355Z
sensor.xiao_sensor_xiao_12d7dc_battery_voltage,2.96,2026-07-28T03:39:57.542Z
sensor.xiao_sensor_xiao_12d7dc_battery_voltage,2.95,2026-07-28T03:40:31.588Z
sensor.xiao_sensor_xiao_12d7dc_battery_voltage,2.94,2026-07-28T03:43:09.131Z
sensor.xiao_sensor_xiao_12d7dc_battery_voltage,2.95,2026-07-28T03:43:20.317Z
sensor.xiao_sensor_xiao_12d7dc_battery_voltage,2.94,2026-07-28T03:43:31.560Z
sensor.xiao_sensor_xiao_12d7dc_battery_voltage,2.93,2026-07-28T03:45:46.381Z
sensor.xiao_sensor_xiao_12d7dc_battery_voltage,2.94,2026-07-28T03:45:57.582Z
sensor.xiao_sensor_xiao_12d7dc_battery_voltage,2.93,2026-07-28T03:46:19.980Z
sensor.xiao_sensor_xiao_12d7dc_battery_voltage,2.92,2026-07-28T03:48:34.578Z
sensor.xiao_sensor_xiao_12d7dc_battery_voltage,2.91,2026-07-28T03:50:17.420Z
sensor.xiao_sensor_xiao_12d7dc_battery_voltage,2.9,2026-07-28T03:53:17.703Z
sensor.xiao_sensor_xiao_12d7dc_battery_voltage,2.89,2026-07-28T03:55:21.545Z
sensor.xiao_sensor_xiao_12d7dc_battery_voltage,2.88,2026-07-28T03:57:47.357Z
sensor.xiao_sensor_xiao_12d7dc_battery_voltage,2.86,2026-07-28T03:59:30.036Z
sensor.xiao_sensor_xiao_12d7dc_battery_voltage,2.87,2026-07-28T03:59:41.473Z
sensor.xiao_sensor_xiao_12d7dc_battery_voltage,2.86,2026-07-28T04:01:22.648Z
sensor.xiao_sensor_xiao_12d7dc_battery_voltage,2.85,2026-07-28T04:03:15.829Z
sensor.xiao_sensor_xiao_12d7dc_battery_voltage,2.84,2026-07-28T04:05:09.309Z
sensor.xiao_sensor_xiao_12d7dc_battery_voltage,2.82,2026-07-28T04:06:40.071Z
sensor.xiao_sensor_xiao_12d7dc_battery_voltage,2.83,2026-07-28T04:06:51.243Z
sensor.xiao_sensor_xiao_12d7dc_battery_voltage,2.82,2026-07-28T04:08:09.869Z
sensor.xiao_sensor_xiao_12d7dc_battery_voltage,2.81,2026-07-28T04:10:02.462Z
sensor.xiao_sensor_xiao_12d7dc_battery_voltage,2.8,2026-07-28T04:11:10.653Z
sensor.xiao_sensor_xiao_12d7dc_battery_voltage,2.77,2026-07-28T04:12:10.203Z
sensor.xiao_sensor_xiao_12d7dc_battery_voltage,2.79,2026-07-28T04:12:21.431Z
sensor.xiao_sensor_xiao_12d7dc_battery_voltage,2.76,2026-07-28T04:12:23.243Z
sensor.xiao_sensor_xiao_12d7dc_battery_voltage,2.78,2026-07-28T04:12:34.520Z
sensor.xiao_sensor_xiao_12d7dc_battery_voltage,2.79,2026-07-28T04:12:56.893Z
sensor.xiao_sensor_xiao_12d7dc_battery_voltage,2.78,2026-07-28T04:13:19.265Z
sensor.xiao_sensor_xiao_12d7dc_battery_voltage,2.76,2026-07-28T04:13:53.316Z
sensor.xiao_sensor_xiao_12d7dc_battery_voltage,2.78,2026-07-28T04:14:04.506Z
sensor.xiao_sensor_xiao_12d7dc_battery_voltage,2.77,2026-07-28T04:14:38.618Z
sensor.xiao_sensor_xiao_12d7dc_battery_voltage,2.76,2026-07-28T04:16:30.848Z
sensor.xiao_sensor_xiao_12d7dc_battery_voltage,2.73,2026-07-28T04:17:29.083Z
sensor.xiao_sensor_xiao_12d7dc_battery_voltage,2.72,2026-07-28T04:17:42.051Z
sensor.xiao_sensor_xiao_12d7dc_battery_voltage,2.71,2026-07-28T04:17:54.902Z
sensor.xiao_sensor_xiao_12d7dc_battery_voltage,2.72,2026-07-28T04:18:06.747Z
sensor.xiao_sensor_xiao_12d7dc_battery_voltage,2.7,2026-07-28T04:18:31.643Z
sensor.xiao_sensor_xiao_12d7dc_battery_voltage,2.71,2026-07-28T04:18:43.592Z
sensor.xiao_sensor_xiao_12d7dc_battery_voltage,2.7,2026-07-28T04:19:19.134Z
sensor.xiao_sensor_xiao_12d7dc_battery_voltage,2.69,2026-07-28T04:19:54.854Z
sensor.xiao_sensor_xiao_12d7dc_battery_voltage,unavailable,2026-07-28T04:20:36.682Z
